{
"skeleton": { "hash": "XtehcGse1ZrBvnLgily7767qvsg", "spine": "3.3.07", "width": 157.92, "height": 192.65, "images": "" },
"bones": [
	{ "name": "root" },
	{ "name": "torzo", "parent": "root", "length": 11.9, "rotation": 90, "x": 0.17, "y": 18.8, "inheritScale": false },
	{ "name": "cabeza", "parent": "torzo", "length": 57.1, "x": 9.51, "y": 0.23, "inheritScale": false },
	{ "name": "glasses", "parent": "cabeza", "length": 31.76, "x": 15.43, "y": -16.56, "inheritScale": false },
	{ "name": "agarradera_a", "parent": "glasses", "length": 20.26, "rotation": 90, "x": 17.15, "y": 39.16, "inheritScale": false },
	{ "name": "agarradera_b", "parent": "glasses", "length": 21.67, "rotation": -90, "x": 18.99, "y": -10.03, "inheritScale": false },
	{ "name": "fleco", "parent": "cabeza", "length": 25.41, "x": 52.76, "y": -15.58, "inheritScale": false },
	{ "name": "leg1", "parent": "root", "length": 9.36, "rotation": 270, "x": -7.7, "y": 27.1, "inheritScale": false },
	{ "name": "shin1", "parent": "leg1", "length": 9.37, "x": 8.77, "inheritScale": false },
	{ "name": "foot1", "parent": "shin1", "length": 11.7, "rotation": 270, "x": 12.08, "y": 0.77, "inheritScale": false },
	{ "name": "leg2", "parent": "root", "length": 8.57, "rotation": -90, "x": 8.09, "y": 26.91, "inheritScale": false },
	{ "name": "shin2", "parent": "leg2", "length": 9.16, "rotation": 360, "x": 8.18, "y": -0.19, "inheritScale": false },
	{ "name": "foot2", "parent": "shin2", "length": 11.11, "rotation": 90, "x": 12.67, "y": -0.39, "inheritScale": false },
	{ "name": "ojo1", "parent": "glasses", "length": 7.8, "x": 13.71, "y": 23.45, "inheritScale": false },
	{ "name": "ojo2", "parent": "glasses", "length": 7.95, "x": 14.89, "y": -19.32, "inheritScale": false },
	{ "name": "vaso", "parent": "root", "length": 51.62, "rotation": 90, "x": -0.28, "y": 89.76, "scaleX": 1.012, "scaleY": 1.012 }
],
"slots": [
	{ "name": "foot2", "bone": "foot2", "attachment": "foot2" },
	{ "name": "shin2", "bone": "shin2", "attachment": "shin2" },
	{ "name": "leg2", "bone": "leg2", "attachment": "leg2" },
	{ "name": "foot1", "bone": "foot1", "attachment": "foot1" },
	{ "name": "normal/foot2", "bone": "foot1", "attachment": "foot2" },
	{ "name": "shin1", "bone": "shin1", "attachment": "shin1" },
	{ "name": "leg1", "bone": "leg1", "attachment": "leg1" },
	{ "name": "torzo", "bone": "torzo", "attachment": "torzo" },
	{ "name": "cabeza", "bone": "cabeza", "attachment": "cabeza" },
	{ "name": "vaso", "bone": "vaso", "attachment": "vaso" },
	{ "name": "lentes", "bone": "glasses", "attachment": "lentes" },
	{ "name": "ojo2", "bone": "ojo2", "attachment": "ojo2" },
	{ "name": "ojo1", "bone": "ojo1", "attachment": "ojo1" },
	{ "name": "fleco", "bone": "fleco", "attachment": "fleco" },
	{ "name": "agarradera_b", "bone": "agarradera_b", "attachment": "agarradera" },
	{ "name": "agarradera_a", "bone": "agarradera_a", "attachment": "agarradera_a" }
],
"skins": {
	"default": {},
	"normal": {
		"agarradera_a": {
			"agarradera_a": { "name": "normal/agarradera1", "x": 12, "y": 2.95, "rotation": -179.99, "width": 27, "height": 13 }
		},
		"agarradera_b": {
			"agarradera": { "name": "normal/agarradera2", "x": 12.48, "y": -3.54, "width": 28, "height": 13 }
		},
		"cabeza": {
			"cabeza": { "name": "normal/cabeza", "x": 33.32, "y": -1.07, "rotation": -90.09, "width": 89, "height": 67 }
		},
		"fleco": {
			"fleco": { "name": "normal/fringe", "x": 17.31, "y": -3.26, "rotation": -88.48, "width": 44, "height": 41 }
		},
		"foot1": {
			"foot1": { "name": "normal/foot1", "x": 5.92, "y": 1.45, "rotation": -179.99, "width": 21, "height": 11 }
		},
		"foot2": {
			"foot2": { "name": "normal/foot2", "x": 5.36, "y": -1.34, "width": 21, "height": 11 }
		},
		"leg1": {
			"leg1": { "name": "normal/leg1", "x": 7.93, "y": -0.21, "rotation": 87.37, "width": 7, "height": 16 }
		},
		"leg2": {
			"leg2": { "name": "normal/leg2", "x": 7.34, "rotation": 93.22, "width": 8, "height": 16 }
		},
		"lentes": {
			"lentes": { "name": "normal/glasses", "x": 16.87, "y": 0.72, "rotation": -89.99, "width": 79, "height": 42 },
			"lentes_b": { "name": "normal/glasses_a", "x": 16.87, "y": 0.72, "rotation": -89.99, "width": 79, "height": 43 },
			"lentes_c": { "name": "normal/glasses_b", "x": 16.87, "y": 0.72, "rotation": -89.99, "width": 78, "height": 42 },
			"lentes_d": { "name": "normal/glasses_c", "x": 16.87, "y": 0.72, "rotation": -89.99, "width": 79, "height": 42 }
		},
		"normal/foot2": {
			"foot2": { "name": "normal/foot2", "x": -3.85, "y": 1.31, "rotation": 180, "width": 21, "height": 11 }
		},
		"ojo1": {
			"ojo1": { "name": "normal/ojo1", "x": 3.01, "y": -0.09, "rotation": -89.99, "width": 6, "height": 6 }
		},
		"ojo2": {
			"ojo2": { "name": "normal/ojo2", "x": 3.33, "y": 0.63, "rotation": -89.99, "width": 5, "height": 6 }
		},
		"shin1": {
			"shin1": { "name": "normal/shin1", "x": 5.94, "y": -0.85, "rotation": 90, "width": 10, "height": 15 }
		},
		"shin2": {
			"shin2": { "name": "normal/shin2", "x": 6.01, "y": 0.02, "rotation": 90, "width": 10, "height": 15 }
		},
		"torzo": {
			"torzo": { "name": "normal/torso", "x": 6.66, "y": 0.26, "rotation": -90, "width": 37, "height": 15 }
		},
		"vaso": {
			"vaso": { "name": "normal/vaso", "x": 39.52, "y": -7.11, "scaleX": 0.757, "scaleY": 0.757, "rotation": -90, "width": 206, "height": 162 }
		}
	}
},
"animations": {
	"HAPPY": {
		"slots": {
			"agarradera_a": {
				"attachment": [
					{ "time": 0, "name": "agarradera_a" },
					{ "time": 1, "name": "agarradera_a" }
				]
			},
			"agarradera_b": {
				"attachment": [
					{ "time": 0, "name": null },
					{ "time": 1, "name": null }
				]
			},
			"cabeza": {
				"attachment": [
					{ "time": 0, "name": "cabeza" },
					{ "time": 1, "name": "cabeza" }
				]
			},
			"fleco": {
				"attachment": [
					{ "time": 0, "name": "fleco" },
					{ "time": 1, "name": "fleco" }
				]
			},
			"foot1": {
				"attachment": [
					{ "time": 0, "name": "foot1" },
					{ "time": 1, "name": "foot1" }
				]
			},
			"foot2": {
				"attachment": [
					{ "time": 0, "name": "foot2" },
					{ "time": 1, "name": "foot2" }
				]
			},
			"leg1": {
				"attachment": [
					{ "time": 0, "name": "leg1" },
					{ "time": 1, "name": "leg1" }
				]
			},
			"leg2": {
				"attachment": [
					{ "time": 0, "name": "leg2" },
					{ "time": 1, "name": "leg2" }
				]
			},
			"lentes": {
				"attachment": [
					{ "time": 0, "name": "lentes_c" },
					{ "time": 1, "name": "lentes_c" }
				]
			},
			"normal/foot2": {
				"attachment": [
					{ "time": 0, "name": null },
					{ "time": 1, "name": null }
				]
			},
			"ojo1": {
				"attachment": [
					{ "time": 0, "name": null },
					{ "time": 1, "name": null }
				]
			},
			"ojo2": {
				"attachment": [
					{ "time": 0, "name": null },
					{ "time": 1, "name": null }
				]
			},
			"shin1": {
				"attachment": [
					{ "time": 0, "name": "shin1" },
					{ "time": 1, "name": "shin1" }
				]
			},
			"shin2": {
				"attachment": [
					{ "time": 0, "name": "shin2" },
					{ "time": 1, "name": "shin2" }
				]
			},
			"torzo": {
				"attachment": [
					{ "time": 0, "name": "torzo" },
					{ "time": 1, "name": "torzo" }
				]
			},
			"vaso": {
				"attachment": [
					{ "time": 1, "name": "vaso" }
				]
			}
		},
		"bones": {
			"torzo": {
				"rotate": [
					{ "time": 0, "angle": 0 }
				],
				"translate": [
					{
						"time": 0,
						"x": 0,
						"y": 0,
						"curve": [ 0.25, 0, 0.656, 1.83 ]
					},
					{
						"time": 0.3333,
						"x": 0,
						"y": -7.26,
						"curve": [ 0.25, 0, 0.737, 2.38 ]
					},
					{
						"time": 0.8333,
						"x": 0,
						"y": 15.18,
						"curve": [ 0.25, 0, 0.75, 1 ]
					},
					{ "time": 1, "x": 0, "y": 0 }
				],
				"scale": [
					{ "time": 0, "x": 1, "y": 1 }
				]
			},
			"cabeza": {
				"rotate": [
					{ "time": 0, "angle": 0 }
				],
				"translate": [
					{
						"time": 0,
						"x": 0,
						"y": 0,
						"curve": [ 0.277, 0, 0.691, 2.54 ]
					},
					{
						"time": 0.3666,
						"x": -5.59,
						"y": 0,
						"curve": [ 0.834, 0, 0.715, 2.93 ]
					},
					{
						"time": 0.8666,
						"x": -1.2,
						"y": 0,
						"curve": [ 0.25, 0, 0.75, 1 ]
					},
					{ "time": 1, "x": 0, "y": 0 }
				],
				"scale": [
					{
						"time": 0,
						"x": 1,
						"y": 1,
						"curve": [ 0.277, 0, 0.67, 1.58 ]
					},
					{
						"time": 0.3666,
						"x": 0.915,
						"y": 1,
						"curve": [ 0.25, 0, 0.691, 2.38 ]
					},
					{
						"time": 0.8666,
						"x": 1.111,
						"y": 1,
						"curve": [ 0.25, 0, 0.75, 1 ]
					},
					{ "time": 1, "x": 1, "y": 1 }
				]
			},
			"glasses": {
				"rotate": [
					{ "time": 0, "angle": 0 }
				],
				"translate": [
					{
						"time": 0,
						"x": 0,
						"y": 0,
						"curve": [ 0, -0.01, 0.592, 2.22 ]
					},
					{
						"time": 0.3666,
						"x": -8.61,
						"y": 0,
						"curve": [ 0.25, 0, 0.654, 2.5 ]
					},
					{
						"time": 0.8333,
						"x": 10.78,
						"y": 0,
						"curve": [ 0.25, 0, 0.75, 1 ]
					},
					{ "time": 1, "x": 0, "y": 0 }
				],
				"scale": [
					{
						"time": 0,
						"x": 1,
						"y": 1,
						"curve": [ 0, -0.01, 0.75, 1 ]
					},
					{
						"time": 0.3666,
						"x": 0.846,
						"y": 1,
						"curve": [ 0.402, -1.18, 0.75, 1 ]
					},
					{
						"time": 0.8333,
						"x": 1.106,
						"y": 1,
						"curve": [ 0.25, 0, 0.75, 1 ]
					},
					{ "time": 1, "x": 1, "y": 1 }
				]
			},
			"ojo1": {
				"rotate": [
					{ "time": 0, "angle": 0 }
				],
				"translate": [
					{ "time": 0, "x": 0, "y": 0 }
				],
				"scale": [
					{ "time": 0, "x": 1, "y": 1 }
				]
			},
			"ojo2": {
				"rotate": [
					{ "time": 0, "angle": 0 }
				],
				"translate": [
					{ "time": 0, "x": 0, "y": 0 }
				],
				"scale": [
					{ "time": 0, "x": 1, "y": 1 }
				]
			},
			"fleco": {
				"rotate": [
					{ "time": 0, "angle": 0 }
				],
				"translate": [
					{
						"time": 0,
						"x": 0.8,
						"y": 0,
						"curve": [ 0.25, 0, 0.629, 2.16 ]
					},
					{
						"time": 0.3666,
						"x": -17.91,
						"y": 0,
						"curve": [ 0.25, 0, 0.602, 1.63 ]
					},
					{
						"time": 0.8666,
						"x": 12.56,
						"y": 0,
						"curve": [ 0.25, 0, 0.75, 1 ]
					},
					{ "time": 1, "x": 0, "y": 0 }
				],
				"scale": [
					{
						"time": 0,
						"x": 1,
						"y": 1,
						"curve": [ 0.25, 0, 0.659, 2.19 ]
					},
					{
						"time": 0.3666,
						"x": 0.768,
						"y": 1,
						"curve": [ 0.869, -0.49, 0.75, 1 ]
					},
					{
						"time": 0.8666,
						"x": 1.192,
						"y": 1,
						"curve": [ 0.25, 0, 0.75, 1 ]
					},
					{ "time": 1, "x": 1, "y": 1 }
				]
			},
			"leg2": {
				"rotate": [
					{ "time": 0, "angle": 0, "curve": "stepped" },
					{
						"time": 0.3333,
						"angle": 0,
						"curve": [ 0.372, 0, 0.211, 1.68 ]
					},
					{
						"time": 0.8333,
						"angle": 22.35,
						"curve": [ 0.25, 0, 0.442, 1 ]
					},
					{ "time": 1, "angle": 0 }
				],
				"translate": [
					{ "time": 0, "x": 0, "y": 0, "curve": "stepped" },
					{
						"time": 0.3333,
						"x": 0,
						"y": 0,
						"curve": [ 0.372, 0, 0.428, 2.18 ]
					},
					{
						"time": 0.8333,
						"x": 0,
						"y": 19.59,
						"curve": [ 0.25, 0, 0.442, 1 ]
					},
					{ "time": 1, "x": 0, "y": 0 }
				],
				"scale": [
					{ "time": 0, "x": 1, "y": 1 }
				]
			},
			"leg1": {
				"rotate": [
					{ "time": 0, "angle": 0, "curve": "stepped" },
					{
						"time": 0.3333,
						"angle": 0,
						"curve": [ 0.539, 0, 0.521, 2 ]
					},
					{
						"time": 0.8333,
						"angle": -23.43,
						"curve": [ 0.25, 0, 0.75, 1 ]
					},
					{ "time": 1, "angle": 0 }
				],
				"translate": [
					{ "time": 0, "x": 0, "y": 0, "curve": "stepped" },
					{
						"time": 0.3333,
						"x": 0,
						"y": 0,
						"curve": [ 0.539, 0, 0.521, 2 ]
					},
					{
						"time": 0.8333,
						"x": 0,
						"y": 17.33,
						"curve": [ 0.25, 0, 0.75, 1 ]
					},
					{ "time": 1, "x": 0, "y": 0 }
				],
				"scale": [
					{ "time": 0, "x": 1, "y": 1 }
				]
			},
			"agarradera_a": {
				"rotate": [
					{
						"time": 0,
						"angle": 0,
						"curve": [ 0.25, 0, 0.75, 1 ]
					},
					{
						"time": 0.3666,
						"angle": -27.53,
						"curve": [ 0.25, 0, 0.75, 1 ]
					},
					{
						"time": 0.8333,
						"angle": 31.57,
						"curve": [ 0.25, 0, 0.75, 1 ]
					},
					{ "time": 1, "angle": 0 }
				],
				"translate": [
					{
						"time": 0,
						"x": 0,
						"y": 0,
						"curve": [ 0.25, 0, 0.75, 1 ]
					},
					{ "time": 0.3666, "x": -7.76, "y": 0, "curve": "stepped" },
					{
						"time": 0.8333,
						"x": -7.76,
						"y": 0,
						"curve": [ 0.25, 0, 0.75, 1 ]
					},
					{ "time": 1, "x": 0, "y": 0 }
				],
				"scale": [
					{ "time": 0, "x": 1, "y": 1 }
				]
			},
			"agarradera_b": {
				"rotate": [
					{ "time": 0, "angle": 0 }
				],
				"translate": [
					{ "time": 0, "x": 0, "y": 0 }
				],
				"scale": [
					{ "time": 0, "x": 1, "y": 1 }
				]
			},
			"shin2": {
				"rotate": [
					{ "time": 0, "angle": 0 }
				],
				"translate": [
					{ "time": 0, "x": 0, "y": 0 }
				],
				"scale": [
					{ "time": 0, "x": 1, "y": 1 }
				]
			},
			"foot2": {
				"rotate": [
					{ "time": 0, "angle": 0 }
				],
				"translate": [
					{ "time": 0, "x": 0, "y": 0 }
				],
				"scale": [
					{ "time": 0, "x": 1, "y": 1 }
				]
			},
			"shin1": {
				"rotate": [
					{ "time": 0, "angle": 0 }
				],
				"translate": [
					{ "time": 0, "x": 0, "y": 0 }
				],
				"scale": [
					{ "time": 0, "x": 1, "y": 1 }
				]
			},
			"foot1": {
				"rotate": [
					{ "time": 0, "angle": 0 }
				],
				"translate": [
					{ "time": 0, "x": 0, "y": 0 }
				],
				"scale": [
					{ "time": 0, "x": 1, "y": 1 }
				]
			},
			"vaso": {
				"rotate": [
					{ "time": 0, "angle": 0 }
				],
				"translate": [
					{
						"time": 0,
						"x": 0,
						"y": 0,
						"curve": [ 0.25, 0, 0.384, 1.81 ]
					},
					{
						"time": 0.3,
						"x": 0,
						"y": -25.3,
						"curve": [ 0.25, 0, 0.384, 1.81 ]
					},
					{
						"time": 0.7666,
						"x": 0,
						"y": 37.35,
						"curve": [ 0.25, 0, 0.384, 1.81 ]
					},
					{ "time": 1, "x": 0, "y": 0 }
				],
				"scale": [
					{
						"time": 0,
						"x": 1,
						"y": 1,
						"curve": [ 0.25, 0, 0.373, 1.77 ]
					},
					{
						"time": 0.3,
						"x": 0.71,
						"y": 1,
						"curve": [ 0.25, 0, 0.373, 1.77 ]
					},
					{
						"time": 0.7666,
						"x": 1.027,
						"y": 1,
						"curve": [ 0.25, 0, 0.373, 1.77 ]
					},
					{ "time": 1, "x": 1, "y": 1 }
				]
			}
		},
		"drawOrder": [
			{ "time": 0 },
			{ "time": 1 }
		]
	},
	"IDLE": {
		"slots": {
			"agarradera_a": {
				"attachment": [
					{ "time": 0, "name": "agarradera_a" },
					{ "time": 2, "name": "agarradera_a" }
				]
			},
			"agarradera_b": {
				"attachment": [
					{ "time": 0, "name": null },
					{ "time": 2, "name": null }
				]
			},
			"cabeza": {
				"attachment": [
					{ "time": 0, "name": "cabeza" },
					{ "time": 2, "name": "cabeza" }
				]
			},
			"fleco": {
				"attachment": [
					{ "time": 0, "name": "fleco" },
					{ "time": 2, "name": "fleco" }
				]
			},
			"foot1": {
				"attachment": [
					{ "time": 0, "name": "foot1" },
					{ "time": 2, "name": "foot1" }
				]
			},
			"foot2": {
				"attachment": [
					{ "time": 0, "name": "foot2" },
					{ "time": 2, "name": "foot2" }
				]
			},
			"leg1": {
				"attachment": [
					{ "time": 0, "name": "leg1" },
					{ "time": 2, "name": "leg1" }
				]
			},
			"leg2": {
				"attachment": [
					{ "time": 0, "name": "leg2" },
					{ "time": 2, "name": "leg2" }
				]
			},
			"lentes": {
				"attachment": [
					{ "time": 0, "name": "lentes" },
					{ "time": 2, "name": "lentes" }
				]
			},
			"normal/foot2": {
				"attachment": [
					{ "time": 0, "name": null },
					{ "time": 2, "name": null }
				]
			},
			"ojo1": {
				"attachment": [
					{ "time": 0, "name": "ojo1" },
					{ "time": 2, "name": "ojo1" }
				]
			},
			"ojo2": {
				"attachment": [
					{ "time": 0, "name": "ojo2" },
					{ "time": 2, "name": "ojo2" }
				]
			},
			"shin1": {
				"attachment": [
					{ "time": 0, "name": "shin1" },
					{ "time": 2, "name": "shin1" }
				]
			},
			"shin2": {
				"attachment": [
					{ "time": 0, "name": "shin2" },
					{ "time": 2, "name": "shin2" }
				]
			},
			"torzo": {
				"attachment": [
					{ "time": 0, "name": "torzo" },
					{ "time": 2, "name": "torzo" }
				]
			},
			"vaso": {
				"attachment": [
					{ "time": 2, "name": "vaso" }
				]
			}
		},
		"bones": {
			"torzo": {
				"rotate": [
					{ "time": 0, "angle": 0 }
				],
				"translate": [
					{
						"time": 0,
						"x": 0,
						"y": 0,
						"curve": [ 0.665, -1.02, 0.75, 1 ]
					},
					{
						"time": 0.5,
						"x": 0,
						"y": -7.81,
						"curve": [ 0.665, -1.02, 0.75, 1 ]
					},
					{
						"time": 1,
						"x": 0,
						"y": 0,
						"curve": [ 0.665, -1.02, 0.75, 1 ]
					},
					{
						"time": 1.5,
						"x": 0,
						"y": -7.81,
						"curve": [ 0.665, -1.02, 0.75, 1 ]
					},
					{ "time": 2, "x": 0, "y": 0 }
				],
				"scale": [
					{ "time": 0, "x": 1, "y": 1 }
				]
			},
			"cabeza": {
				"rotate": [
					{ "time": 0, "angle": 0 }
				],
				"translate": [
					{
						"time": 0,
						"x": 0,
						"y": 0,
						"curve": [ 0.25, 0, 0.629, 1.89 ]
					},
					{
						"time": 0.5,
						"x": -2.64,
						"y": 0,
						"curve": [ 0.25, 0, 0.629, 1.89 ]
					},
					{
						"time": 1,
						"x": 0,
						"y": 0,
						"curve": [ 0.25, 0, 0.629, 1.89 ]
					},
					{
						"time": 1.5,
						"x": -2.64,
						"y": 0,
						"curve": [ 0.25, 0, 0.629, 1.89 ]
					},
					{ "time": 2, "x": 0, "y": 0 }
				],
				"scale": [
					{
						"time": 0,
						"x": 1,
						"y": 1,
						"curve": [ 0.375, -1.89, 0.75, 1 ]
					},
					{
						"time": 0.5,
						"x": 0.971,
						"y": 1,
						"curve": [ 0.375, -1.89, 0.75, 1 ]
					},
					{
						"time": 1,
						"x": 1,
						"y": 1,
						"curve": [ 0.375, -1.89, 0.75, 1 ]
					},
					{
						"time": 1.5,
						"x": 0.971,
						"y": 1,
						"curve": [ 0.375, -1.89, 0.75, 1 ]
					},
					{ "time": 2, "x": 1, "y": 1 }
				]
			},
			"glasses": {
				"rotate": [
					{ "time": 0, "angle": 0 }
				],
				"translate": [
					{
						"time": 0,
						"x": 0,
						"y": 0,
						"curve": [ 0.25, 0, 0.484, 1.75 ]
					},
					{
						"time": 0.5,
						"x": -8.87,
						"y": 0,
						"curve": [ 0.25, 0, 0.484, 1.75 ]
					},
					{
						"time": 1,
						"x": 0,
						"y": 0,
						"curve": [ 0.25, 0, 0.484, 1.75 ]
					},
					{
						"time": 1.5,
						"x": -8.87,
						"y": 0,
						"curve": [ 0.25, 0, 0.484, 1.75 ]
					},
					{ "time": 2, "x": 0, "y": 0 }
				],
				"scale": [
					{
						"time": 0,
						"x": 1,
						"y": 1,
						"curve": [ 0.507, -0.69, 0.75, 1 ]
					},
					{
						"time": 0.5,
						"x": 0.913,
						"y": 1,
						"curve": [ 0.507, -0.69, 0.75, 1 ]
					},
					{
						"time": 1,
						"x": 1,
						"y": 1,
						"curve": [ 0.507, -0.69, 0.75, 1 ]
					},
					{
						"time": 1.5,
						"x": 0.913,
						"y": 1,
						"curve": [ 0.507, -0.69, 0.75, 1 ]
					},
					{ "time": 2, "x": 1, "y": 1 }
				]
			},
			"ojo1": {
				"rotate": [
					{ "time": 0, "angle": 0 }
				],
				"translate": [
					{ "time": 0, "x": 0, "y": 0 }
				],
				"scale": [
					{ "time": 0, "x": 1, "y": 1, "curve": "stepped" },
					{
						"time": 0.9,
						"x": 1,
						"y": 1,
						"curve": [ 0.25, 0, 0.263, 1 ]
					},
					{
						"time": 1.0666,
						"x": 0.192,
						"y": 1,
						"curve": [ 0.25, 0, 0.263, 1 ]
					},
					{ "time": 1.2, "x": 1, "y": 1 }
				]
			},
			"ojo2": {
				"rotate": [
					{ "time": 0, "angle": 0 }
				],
				"translate": [
					{ "time": 0, "x": 0, "y": 0 }
				],
				"scale": [
					{ "time": 0, "x": 1, "y": 1, "curve": "stepped" },
					{
						"time": 0.9,
						"x": 1,
						"y": 1,
						"curve": [ 0.25, 0, 0.362, 1 ]
					},
					{
						"time": 1.0666,
						"x": 0.174,
						"y": 1,
						"curve": [ 0.25, 0, 0.152, 1 ]
					},
					{ "time": 1.2, "x": 1, "y": 1 }
				]
			},
			"fleco": {
				"rotate": [
					{ "time": 0, "angle": 0 }
				],
				"translate": [
					{
						"time": 0,
						"x": 0,
						"y": 0,
						"curve": [ 0.25, 0, 0.505, 1.37 ]
					},
					{
						"time": 0.5,
						"x": -14.47,
						"y": 0,
						"curve": [ 0.25, 0, 0.505, 1.37 ]
					},
					{
						"time": 1,
						"x": 0,
						"y": 0,
						"curve": [ 0.25, 0, 0.505, 1.37 ]
					},
					{
						"time": 1.5,
						"x": -14.47,
						"y": 0,
						"curve": [ 0.25, 0, 0.505, 1.37 ]
					},
					{ "time": 2, "x": 0, "y": 0 }
				],
				"scale": [
					{ "time": 0, "x": 1, "y": 1 }
				]
			},
			"leg2": {
				"rotate": [
					{
						"time": 0,
						"angle": 0,
						"curve": [ 0.665, -1.02, 0.75, 1 ]
					},
					{
						"time": 0.5,
						"angle": 15.71,
						"curve": [ 0.665, -1.02, 0.75, 1 ]
					},
					{
						"time": 1,
						"angle": 0,
						"curve": [ 0.665, -1.02, 0.75, 1 ]
					},
					{
						"time": 1.5,
						"angle": 15.71,
						"curve": [ 0.665, -1.02, 0.75, 1 ]
					},
					{ "time": 2, "angle": 0 }
				],
				"translate": [
					{
						"time": 0,
						"x": 0,
						"y": 0,
						"curve": [ 0.665, -1.02, 0.75, 1 ]
					},
					{
						"time": 0.5,
						"x": 0,
						"y": -2.55,
						"curve": [ 0.665, -1.02, 0.75, 1 ]
					},
					{
						"time": 1,
						"x": 0,
						"y": 0,
						"curve": [ 0.665, -1.02, 0.75, 1 ]
					},
					{
						"time": 1.5,
						"x": 0,
						"y": -2.55,
						"curve": [ 0.665, -1.02, 0.75, 1 ]
					},
					{ "time": 2, "x": 0, "y": 0 }
				],
				"scale": [
					{ "time": 0, "x": 1, "y": 1 }
				]
			},
			"leg1": {
				"rotate": [
					{
						"time": 0,
						"angle": 0,
						"curve": [ 0.665, -1.02, 0.75, 1 ]
					},
					{
						"time": 0.5,
						"angle": -383.82,
						"curve": [ 0.665, -1.02, 0.75, 1 ]
					},
					{
						"time": 1,
						"angle": 0,
						"curve": [ 0.665, -1.02, 0.75, 1 ]
					},
					{
						"time": 1.5,
						"angle": -383.82,
						"curve": [ 0.665, -1.02, 0.75, 1 ]
					},
					{ "time": 2, "angle": 0 }
				],
				"translate": [
					{
						"time": 0,
						"x": 0,
						"y": 0,
						"curve": [ 0.665, -1.02, 0.75, 1 ]
					},
					{
						"time": 0.5,
						"x": 0,
						"y": -2.27,
						"curve": [ 0.665, -1.02, 0.75, 1 ]
					},
					{
						"time": 1,
						"x": 0,
						"y": 0,
						"curve": [ 0.665, -1.02, 0.75, 1 ]
					},
					{
						"time": 1.5,
						"x": 0,
						"y": -2.27,
						"curve": [ 0.665, -1.02, 0.75, 1 ]
					},
					{ "time": 2, "x": 0, "y": 0 }
				],
				"scale": [
					{ "time": 0, "x": 1, "y": 1 }
				]
			},
			"agarradera_a": {
				"rotate": [
					{ "time": 0, "angle": 0 }
				],
				"translate": [
					{ "time": 0, "x": 0, "y": 0 }
				],
				"scale": [
					{ "time": 0, "x": 1, "y": 1 }
				]
			},
			"agarradera_b": {
				"rotate": [
					{ "time": 0, "angle": 0 }
				],
				"translate": [
					{ "time": 0, "x": 0, "y": -26.24 }
				],
				"scale": [
					{ "time": 0, "x": 0, "y": 1 }
				]
			},
			"shin2": {
				"rotate": [
					{
						"time": 0,
						"angle": 0,
						"curve": [ 0.665, -1.02, 0.75, 1 ]
					},
					{
						"time": 0.5,
						"angle": -391.66,
						"curve": [ 0.665, -1.02, 0.75, 1 ]
					},
					{
						"time": 1,
						"angle": 0,
						"curve": [ 0.665, -1.02, 0.75, 1 ]
					},
					{
						"time": 1.5,
						"angle": -391.66,
						"curve": [ 0.665, -1.02, 0.75, 1 ]
					},
					{ "time": 2, "angle": 0 }
				],
				"translate": [
					{ "time": 0, "x": 0, "y": 0 }
				],
				"scale": [
					{ "time": 0, "x": 1, "y": 1 }
				]
			},
			"foot2": {
				"rotate": [
					{
						"time": 0,
						"angle": 0,
						"curve": [ 0.665, -1.02, 0.75, 1 ]
					},
					{
						"time": 0.5,
						"angle": -344.2,
						"curve": [ 0.665, -1.02, 0.75, 1 ]
					},
					{
						"time": 1,
						"angle": 0,
						"curve": [ 0.665, -1.02, 0.75, 1 ]
					},
					{
						"time": 1.5,
						"angle": -344.2,
						"curve": [ 0.665, -1.02, 0.75, 1 ]
					},
					{ "time": 2, "angle": 0 }
				],
				"translate": [
					{ "time": 0, "x": 0, "y": 0 }
				],
				"scale": [
					{ "time": 0, "x": 1, "y": 1 }
				]
			},
			"shin1": {
				"rotate": [
					{
						"time": 0,
						"angle": 0,
						"curve": [ 0.665, -1.02, 0.75, 1 ]
					},
					{
						"time": 0.5,
						"angle": -319.63,
						"curve": [ 0.665, -1.02, 0.75, 1 ]
					},
					{
						"time": 1,
						"angle": 0,
						"curve": [ 0.665, -1.02, 0.75, 1 ]
					},
					{
						"time": 1.5,
						"angle": -319.63,
						"curve": [ 0.665, -1.02, 0.75, 1 ]
					},
					{ "time": 2, "angle": 0 }
				],
				"translate": [
					{ "time": 0, "x": 0, "y": 0 }
				],
				"scale": [
					{ "time": 0, "x": 1, "y": 1 }
				]
			},
			"foot1": {
				"rotate": [
					{
						"time": 0,
						"angle": 0,
						"curve": [ 0.665, -1.02, 0.75, 1 ]
					},
					{
						"time": 0.5,
						"angle": -376.95,
						"curve": [ 0.665, -1.02, 0.75, 1 ]
					},
					{
						"time": 1,
						"angle": 0,
						"curve": [ 0.665, -1.02, 0.75, 1 ]
					},
					{
						"time": 1.5,
						"angle": -376.95,
						"curve": [ 0.665, -1.02, 0.75, 1 ]
					},
					{ "time": 2, "angle": 0 }
				],
				"translate": [
					{ "time": 0, "x": 0, "y": 0 }
				],
				"scale": [
					{ "time": 0, "x": 1, "y": 1 }
				]
			},
			"root": {
				"rotate": [
					{ "time": 0, "angle": 0 }
				],
				"translate": [
					{ "time": 0, "x": 0, "y": 0 }
				],
				"scale": [
					{ "time": 0, "x": 1, "y": 1 }
				]
			},
			"vaso": {
				"rotate": [
					{ "time": 0, "angle": 0 }
				],
				"translate": [
					{
						"time": 0,
						"x": 0,
						"y": 0,
						"curve": [ 0.524, -0.53, 0.75, 1 ]
					},
					{
						"time": 0.5,
						"x": 0,
						"y": -12.64,
						"curve": [ 0.524, -0.53, 0.75, 1 ]
					},
					{
						"time": 1,
						"x": 0,
						"y": 0,
						"curve": [ 0.524, -0.53, 0.75, 1 ]
					},
					{
						"time": 1.5,
						"x": 0,
						"y": -12.64,
						"curve": [ 0.524, -0.53, 0.75, 1 ]
					},
					{ "time": 2, "x": 0, "y": 0 }
				],
				"scale": [
					{
						"time": 0,
						"x": 1,
						"y": 1,
						"curve": [ 0.25, 0, 0.549, 1.52 ]
					},
					{
						"time": 0.5,
						"x": 0.933,
						"y": 1,
						"curve": [ 0.25, 0, 0.549, 1.52 ]
					},
					{
						"time": 1,
						"x": 1,
						"y": 1,
						"curve": [ 0.25, 0, 0.549, 1.52 ]
					},
					{
						"time": 1.5,
						"x": 0.933,
						"y": 1,
						"curve": [ 0.25, 0, 0.549, 1.52 ]
					},
					{ "time": 2, "x": 1, "y": 1 }
				]
			}
		},
		"drawOrder": [
			{ "time": 0 },
			{ "time": 2 }
		]
	},
	"IDLE_LOSE": {
		"slots": {
			"agarradera_a": {
				"attachment": [
					{ "time": 0, "name": "agarradera_a" },
					{ "time": 1, "name": "agarradera_a" }
				]
			},
			"agarradera_b": {
				"attachment": [
					{ "time": 0, "name": null },
					{ "time": 1, "name": null }
				]
			},
			"cabeza": {
				"attachment": [
					{ "time": 0, "name": "cabeza" },
					{ "time": 1, "name": "cabeza" }
				]
			},
			"fleco": {
				"attachment": [
					{ "time": 0, "name": "fleco" },
					{ "time": 1, "name": "fleco" }
				]
			},
			"foot1": {
				"attachment": [
					{ "time": 0, "name": "foot1" },
					{ "time": 1, "name": "foot1" }
				]
			},
			"foot2": {
				"attachment": [
					{ "time": 0, "name": "foot2" },
					{ "time": 1, "name": "foot2" }
				]
			},
			"leg1": {
				"attachment": [
					{ "time": 0, "name": "leg1" },
					{ "time": 1, "name": "leg1" }
				]
			},
			"leg2": {
				"attachment": [
					{ "time": 0, "name": "leg2" },
					{ "time": 1, "name": "leg2" }
				]
			},
			"lentes": {
				"attachment": [
					{ "time": 0, "name": "lentes" },
					{ "time": 1, "name": "lentes" }
				]
			},
			"normal/foot2": {
				"attachment": [
					{ "time": 0, "name": null },
					{ "time": 1, "name": null }
				]
			},
			"ojo1": {
				"attachment": [
					{ "time": 0, "name": "ojo1" },
					{ "time": 1, "name": "ojo1" }
				]
			},
			"ojo2": {
				"attachment": [
					{ "time": 0, "name": "ojo2" },
					{ "time": 1, "name": "ojo2" }
				]
			},
			"shin1": {
				"attachment": [
					{ "time": 0, "name": "shin1" },
					{ "time": 1, "name": "shin1" }
				]
			},
			"shin2": {
				"attachment": [
					{ "time": 0, "name": "shin2" },
					{ "time": 1, "name": "shin2" }
				]
			},
			"torzo": {
				"attachment": [
					{ "time": 0, "name": "torzo" },
					{ "time": 1, "name": "torzo" }
				]
			},
			"vaso": {
				"attachment": [
					{ "time": 0, "name": "vaso" },
					{ "time": 1, "name": "vaso" }
				]
			}
		},
		"bones": {
			"fleco": {
				"rotate": [
					{ "time": 0, "angle": 0 }
				],
				"translate": [
					{
						"time": 0,
						"x": 0,
						"y": 0,
						"curve": [ 0.25, 0, 0.505, 1.37 ]
					},
					{
						"time": 0.5,
						"x": -14.47,
						"y": 0,
						"curve": [ 0.25, 0, 0.505, 1.37 ]
					},
					{ "time": 1, "x": 0, "y": 0 }
				],
				"scale": [
					{ "time": 0, "x": 1, "y": 1 }
				]
			},
			"cabeza": {
				"rotate": [
					{ "time": 0, "angle": 0 }
				],
				"translate": [
					{
						"time": 0,
						"x": 0,
						"y": 0,
						"curve": [ 0.25, 0, 0.629, 1.89 ]
					},
					{
						"time": 0.5,
						"x": -2.64,
						"y": 0,
						"curve": [ 0.25, 0, 0.629, 1.89 ]
					},
					{ "time": 1, "x": 0, "y": 0 }
				],
				"scale": [
					{
						"time": 0,
						"x": 1,
						"y": 1,
						"curve": [ 0.375, -1.89, 0.75, 1 ]
					},
					{
						"time": 0.5,
						"x": 0.971,
						"y": 1,
						"curve": [ 0.375, -1.89, 0.75, 1 ]
					},
					{ "time": 1, "x": 1, "y": 1 }
				]
			},
			"leg2": {
				"rotate": [
					{
						"time": 0,
						"angle": 0,
						"curve": [ 0.665, -1.02, 0.75, 1 ]
					},
					{
						"time": 0.5,
						"angle": 15.71,
						"curve": [ 0.665, -1.02, 0.75, 1 ]
					},
					{ "time": 1, "angle": 0 }
				],
				"translate": [
					{
						"time": 0,
						"x": 0,
						"y": 0,
						"curve": [ 0.665, -1.02, 0.75, 1 ]
					},
					{
						"time": 0.5,
						"x": 0,
						"y": -2.55,
						"curve": [ 0.665, -1.02, 0.75, 1 ]
					},
					{ "time": 1, "x": 0, "y": 0 }
				],
				"scale": [
					{ "time": 0, "x": 1, "y": 1 }
				]
			},
			"agarradera_b": {
				"rotate": [
					{ "time": 0, "angle": 0 }
				],
				"translate": [
					{ "time": 0, "x": 0, "y": -26.24 }
				],
				"scale": [
					{ "time": 0, "x": 0, "y": 1 }
				]
			},
			"leg1": {
				"rotate": [
					{
						"time": 0,
						"angle": 0,
						"curve": [ 0.665, -1.02, 0.75, 1 ]
					},
					{
						"time": 0.5,
						"angle": -383.82,
						"curve": [ 0.665, -1.02, 0.75, 1 ]
					},
					{ "time": 1, "angle": 0 }
				],
				"translate": [
					{
						"time": 0,
						"x": 0,
						"y": 0,
						"curve": [ 0.665, -1.02, 0.75, 1 ]
					},
					{
						"time": 0.5,
						"x": 0,
						"y": -2.27,
						"curve": [ 0.665, -1.02, 0.75, 1 ]
					},
					{ "time": 1, "x": 0, "y": 0 }
				],
				"scale": [
					{ "time": 0, "x": 1, "y": 1 }
				]
			},
			"vaso": {
				"rotate": [
					{
						"time": 0,
						"angle": 0,
						"curve": [ 0.25, 0, 0.524, 1.56 ]
					},
					{
						"time": 0.3333,
						"angle": 19.81,
						"curve": [ 0.25, 0, 0.524, 1.56 ]
					},
					{
						"time": 0.5,
						"angle": 18.7,
						"curve": [ 0.25, 0, 0.524, 1.56 ]
					},
					{
						"time": 0.6666,
						"angle": -16.71,
						"curve": [ 0.25, 0, 0.524, 1.56 ]
					},
					{ "time": 1, "angle": 0 }
				],
				"translate": [
					{
						"time": 0,
						"x": 0,
						"y": 0,
						"curve": [ 0.25, 0, 0.75, 1 ]
					},
					{
						"time": 0.5,
						"x": 0,
						"y": -12.64,
						"curve": [ 0.25, 0, 0.75, 1 ]
					},
					{ "time": 1, "x": 0, "y": 0 }
				],
				"scale": [
					{
						"time": 0,
						"x": 1,
						"y": 1,
						"curve": [ 0.25, 0, 0.58, 1.86 ]
					},
					{
						"time": 0.3333,
						"x": 0.676,
						"y": 1.054,
						"curve": [ 0.25, 0, 0.58, 1.86 ]
					},
					{
						"time": 0.5,
						"x": 0.933,
						"y": 1,
						"curve": [ 0.25, 0, 0.58, 1.86 ]
					},
					{
						"time": 0.6666,
						"x": 0.676,
						"y": 1.054,
						"curve": [ 0.25, 0, 0.58, 1.86 ]
					},
					{ "time": 1, "x": 1, "y": 1 }
				]
			},
			"glasses": {
				"rotate": [
					{ "time": 0, "angle": 0 }
				],
				"translate": [
					{
						"time": 0,
						"x": 0,
						"y": 0,
						"curve": [ 0.25, 0, 0.484, 1.75 ]
					},
					{
						"time": 0.5,
						"x": -8.87,
						"y": 0,
						"curve": [ 0.25, 0, 0.484, 1.75 ]
					},
					{ "time": 1, "x": 0, "y": 0 }
				],
				"scale": [
					{
						"time": 0,
						"x": 1,
						"y": 1,
						"curve": [ 0.507, -0.69, 0.75, 1 ]
					},
					{
						"time": 0.5,
						"x": 0.913,
						"y": 1,
						"curve": [ 0.507, -0.69, 0.75, 1 ]
					},
					{ "time": 1, "x": 1, "y": 1 }
				]
			},
			"torzo": {
				"rotate": [
					{ "time": 0, "angle": 0 }
				],
				"translate": [
					{
						"time": 0,
						"x": 0,
						"y": 0,
						"curve": [ 0.665, -1.02, 0.75, 1 ]
					},
					{
						"time": 0.5,
						"x": 0,
						"y": -7.81,
						"curve": [ 0.665, -1.02, 0.75, 1 ]
					},
					{ "time": 1, "x": 0, "y": 0 }
				],
				"scale": [
					{ "time": 0, "x": 1, "y": 1 }
				]
			},
			"shin1": {
				"rotate": [
					{
						"time": 0,
						"angle": 0,
						"curve": [ 0.665, -1.02, 0.75, 1 ]
					},
					{
						"time": 0.5,
						"angle": -319.63,
						"curve": [ 0.665, -1.02, 0.75, 1 ]
					},
					{ "time": 1, "angle": 0 }
				],
				"translate": [
					{ "time": 0, "x": 0, "y": 0 }
				],
				"scale": [
					{ "time": 0, "x": 1, "y": 1 }
				]
			},
			"shin2": {
				"rotate": [
					{
						"time": 0,
						"angle": 0,
						"curve": [ 0.665, -1.02, 0.75, 1 ]
					},
					{
						"time": 0.5,
						"angle": -391.66,
						"curve": [ 0.665, -1.02, 0.75, 1 ]
					},
					{ "time": 1, "angle": 0 }
				],
				"translate": [
					{ "time": 0, "x": 0, "y": 0 }
				],
				"scale": [
					{ "time": 0, "x": 1, "y": 1 }
				]
			},
			"ojo2": {
				"rotate": [
					{ "time": 0, "angle": 0 }
				],
				"translate": [
					{ "time": 0, "x": 0, "y": 0 }
				],
				"scale": [
					{ "time": 0, "x": 1, "y": 1 }
				]
			},
			"foot2": {
				"rotate": [
					{
						"time": 0,
						"angle": 0,
						"curve": [ 0.665, -1.02, 0.75, 1 ]
					},
					{
						"time": 0.5,
						"angle": -344.2,
						"curve": [ 0.665, -1.02, 0.75, 1 ]
					},
					{ "time": 1, "angle": 0 }
				],
				"translate": [
					{ "time": 0, "x": 0, "y": 0 }
				],
				"scale": [
					{ "time": 0, "x": 1, "y": 1 }
				]
			},
			"agarradera_a": {
				"rotate": [
					{ "time": 0, "angle": 0 }
				],
				"translate": [
					{ "time": 0, "x": 0, "y": 0 }
				],
				"scale": [
					{ "time": 0, "x": 1, "y": 1 }
				]
			},
			"ojo1": {
				"rotate": [
					{ "time": 0, "angle": 0 }
				],
				"translate": [
					{ "time": 0, "x": 0, "y": 0 }
				],
				"scale": [
					{ "time": 0, "x": 1, "y": 1 }
				]
			},
			"foot1": {
				"rotate": [
					{
						"time": 0,
						"angle": 0,
						"curve": [ 0.665, -1.02, 0.75, 1 ]
					},
					{
						"time": 0.5,
						"angle": -376.95,
						"curve": [ 0.665, -1.02, 0.75, 1 ]
					},
					{ "time": 1, "angle": 0 }
				],
				"translate": [
					{ "time": 0, "x": 0, "y": 0 }
				],
				"scale": [
					{ "time": 0, "x": 1, "y": 1 }
				]
			}
		},
		"drawOrder": [
			{ "time": 0 },
			{ "time": 1 }
		]
	},
	"RUN": {
		"slots": {
			"agarradera_a": {
				"attachment": [
					{ "time": 0, "name": "agarradera_a" },
					{ "time": 1, "name": "agarradera_a" }
				]
			},
			"agarradera_b": {
				"attachment": [
					{ "time": 0, "name": null },
					{ "time": 1, "name": null }
				]
			},
			"cabeza": {
				"attachment": [
					{ "time": 0, "name": "cabeza" },
					{ "time": 1, "name": "cabeza" }
				]
			},
			"fleco": {
				"attachment": [
					{ "time": 0, "name": "fleco" },
					{ "time": 1, "name": "fleco" }
				]
			},
			"foot1": {
				"attachment": [
					{ "time": 0, "name": null },
					{ "time": 1, "name": null }
				]
			},
			"foot2": {
				"attachment": [
					{ "time": 0, "name": "foot2" },
					{ "time": 1, "name": "foot2" }
				]
			},
			"leg1": {
				"attachment": [
					{ "time": 0, "name": "leg1" },
					{ "time": 1, "name": "leg1" }
				]
			},
			"leg2": {
				"attachment": [
					{ "time": 0, "name": "leg2" },
					{ "time": 1, "name": "leg2" }
				]
			},
			"lentes": {
				"attachment": [
					{ "time": 0, "name": "lentes" },
					{ "time": 1, "name": "lentes" }
				]
			},
			"normal/foot2": {
				"attachment": [
					{ "time": 0, "name": "foot2" },
					{ "time": 1, "name": "foot2" }
				]
			},
			"ojo1": {
				"attachment": [
					{ "time": 0, "name": "ojo1" },
					{ "time": 1, "name": "ojo1" }
				]
			},
			"ojo2": {
				"attachment": [
					{ "time": 0, "name": "ojo2" },
					{ "time": 1, "name": "ojo2" }
				]
			},
			"shin1": {
				"attachment": [
					{ "time": 0, "name": "shin1" },
					{ "time": 1, "name": "shin1" }
				]
			},
			"shin2": {
				"attachment": [
					{ "time": 0, "name": "shin2" },
					{ "time": 1, "name": "shin2" }
				]
			},
			"torzo": {
				"attachment": [
					{ "time": 0, "name": "torzo" },
					{ "time": 1, "name": "torzo" }
				]
			},
			"vaso": {
				"attachment": [
					{ "time": 0, "name": "vaso" }
				]
			}
		},
		"bones": {
			"cabeza": {
				"rotate": [
					{ "time": 0, "angle": 0 }
				],
				"translate": [
					{
						"time": 0,
						"x": 0,
						"y": 0,
						"curve": [ 0.25, 0, 0.629, 1.89 ]
					},
					{
						"time": 0.2666,
						"x": -3.57,
						"y": 0.22,
						"curve": [ 0.25, 0, 0.629, 1.89 ]
					},
					{
						"time": 0.5,
						"x": 0,
						"y": 0,
						"curve": [ 0.25, 0, 0.629, 1.89 ]
					},
					{
						"time": 0.7666,
						"x": -3.57,
						"y": 0.22,
						"curve": [ 0.25, 0, 0.629, 1.89 ]
					},
					{ "time": 1, "x": 0, "y": 0 }
				],
				"scale": [
					{
						"time": 0,
						"x": 1,
						"y": 1,
						"curve": [ 0.395, -0.87, 0.75, 1 ]
					},
					{
						"time": 0.2666,
						"x": 0.971,
						"y": 1,
						"curve": [ 0.395, -0.87, 0.75, 1 ]
					},
					{
						"time": 0.5,
						"x": 1,
						"y": 1,
						"curve": [ 0.395, -0.87, 0.75, 1 ]
					},
					{
						"time": 0.7666,
						"x": 0.971,
						"y": 1,
						"curve": [ 0.395, -0.87, 0.75, 1 ]
					},
					{ "time": 1, "x": 1, "y": 1 }
				]
			},
			"fleco": {
				"rotate": [
					{
						"time": 0,
						"angle": 5.82,
						"curve": [ 0.25, 0, 0.528, 1.58 ]
					},
					{
						"time": 0.2666,
						"angle": -5.22,
						"curve": [ 0.25, 0, 0.528, 1.58 ]
					},
					{
						"time": 0.5,
						"angle": 5.82,
						"curve": [ 0.25, 0, 0.528, 1.58 ]
					},
					{
						"time": 0.7666,
						"angle": -5.22,
						"curve": [ 0.25, 0, 0.528, 1.58 ]
					},
					{ "time": 1, "angle": 5.82 }
				],
				"translate": [
					{
						"time": 0,
						"x": 0,
						"y": 0,
						"curve": [ 0.25, 0, 0.505, 1.37 ]
					},
					{
						"time": 0.2666,
						"x": -13.26,
						"y": 0.47,
						"curve": [ 0.25, 0, 0.505, 1.37 ]
					},
					{
						"time": 0.5,
						"x": 0,
						"y": 0,
						"curve": [ 0.25, 0, 0.505, 1.37 ]
					},
					{
						"time": 0.7666,
						"x": -13.26,
						"y": 0.47,
						"curve": [ 0.25, 0, 0.505, 1.37 ]
					},
					{ "time": 1, "x": 0, "y": 0 }
				],
				"scale": [
					{ "time": 0, "x": 1, "y": 1 }
				]
			},
			"ojo2": {
				"rotate": [
					{ "time": 0, "angle": 0 }
				],
				"translate": [
					{ "time": 0, "x": -3.83, "y": -11.71 }
				],
				"scale": [
					{ "time": 0, "x": 1, "y": 1, "curve": "stepped" },
					{
						"time": 0.4666,
						"x": 1,
						"y": 1,
						"curve": [ 0.25, 0, 0.362, 1 ]
					},
					{
						"time": 0.5333,
						"x": 0.174,
						"y": 1,
						"curve": [ 0.25, 0, 0.152, 1 ]
					},
					{ "time": 0.6, "x": 1, "y": 1 }
				]
			},
			"glasses": {
				"rotate": [
					{ "time": 0, "angle": 0 }
				],
				"translate": [
					{
						"time": 0,
						"x": 0,
						"y": 0,
						"curve": [ 0.304, 0, 0.615, 0.6 ]
					},
					{
						"time": 0.2666,
						"x": -9.44,
						"y": -0.02,
						"curve": [ 0.25, 0, 0.511, 3.34 ]
					},
					{
						"time": 0.5,
						"x": 0,
						"y": 0,
						"curve": [ 0.25, 0, 0.511, 3.34 ]
					},
					{
						"time": 0.7666,
						"x": -9.44,
						"y": -0.02,
						"curve": [ 0.25, 0, 0.511, 3.34 ]
					},
					{ "time": 1, "x": 0, "y": 0 }
				],
				"scale": [
					{
						"time": 0,
						"x": 1,
						"y": 1,
						"curve": [ 0.507, -0.69, 0.75, 1 ]
					},
					{
						"time": 0.2666,
						"x": 0.913,
						"y": 1,
						"curve": [ 0.507, -0.69, 0.75, 1 ]
					},
					{
						"time": 0.5,
						"x": 1,
						"y": 1,
						"curve": [ 0.507, -0.69, 0.75, 1 ]
					},
					{
						"time": 0.7666,
						"x": 0.913,
						"y": 1,
						"curve": [ 0.507, -0.69, 0.75, 1 ]
					},
					{ "time": 1, "x": 1, "y": 1 }
				]
			},
			"agarradera_a": {
				"rotate": [
					{ "time": 0, "angle": 0 }
				],
				"translate": [
					{ "time": 0, "x": 0, "y": 0 }
				],
				"scale": [
					{ "time": 0, "x": 1, "y": 1 }
				]
			},
			"torzo": {
				"rotate": [
					{ "time": 0, "angle": -2.53 }
				],
				"translate": [
					{
						"time": 0,
						"x": 0,
						"y": 0,
						"curve": [ 0.25, 0, 0.603, 2.11 ]
					},
					{
						"time": 0.2666,
						"x": 0,
						"y": -4.59,
						"curve": [ 0.25, 0, 0.603, 2.11 ]
					},
					{
						"time": 0.5,
						"x": 0,
						"y": 0,
						"curve": [ 0.25, 0, 0.603, 2.11 ]
					},
					{
						"time": 0.7666,
						"x": 0,
						"y": -4.59,
						"curve": [ 0.25, 0, 0.603, 2.11 ]
					},
					{ "time": 1, "x": 0, "y": 0 }
				],
				"scale": [
					{ "time": 0, "x": 1, "y": 1 }
				]
			},
			"leg1": {
				"rotate": [
					{
						"time": 0,
						"angle": -42.36,
						"curve": [ 0.25, 0, 0.598, 1.94 ]
					},
					{
						"time": 0.5,
						"angle": 14.23,
						"curve": [ 0.25, 0, 0.598, 1.94 ]
					},
					{ "time": 1, "angle": -42.36 }
				],
				"translate": [
					{ "time": 0, "x": 6.64, "y": 0.16 }
				],
				"scale": [
					{ "time": 0, "x": 1, "y": 1 }
				]
			},
			"ojo1": {
				"rotate": [
					{ "time": 0, "angle": 0 }
				],
				"translate": [
					{ "time": 0, "x": -2.51, "y": -10.95 }
				],
				"scale": [
					{ "time": 0, "x": 1, "y": 1, "curve": "stepped" },
					{
						"time": 0.4666,
						"x": 1,
						"y": 1,
						"curve": [ 0.25, 0, 0.263, 1 ]
					},
					{
						"time": 0.5333,
						"x": 0.192,
						"y": 1,
						"curve": [ 0.25, 0, 0.263, 1 ]
					},
					{ "time": 0.6, "x": 1, "y": 1 }
				]
			},
			"agarradera_b": {
				"rotate": [
					{ "time": 0, "angle": 0 }
				],
				"translate": [
					{ "time": 0, "x": -2.34, "y": -26.36 }
				],
				"scale": [
					{ "time": 0, "x": 0, "y": 1 }
				]
			},
			"leg2": {
				"rotate": [
					{
						"time": 0,
						"angle": 22.25,
						"curve": [ 0.25, 0, 0.501, 1.96 ]
					},
					{
						"time": 0.5,
						"angle": -40.8,
						"curve": [ 0.25, 0, 0.501, 1.96 ]
					},
					{ "time": 1, "angle": 22.25 }
				],
				"translate": [
					{ "time": 0, "x": -4.54, "y": -0.39 }
				],
				"scale": [
					{ "time": 0, "x": 1, "y": 1 }
				]
			},
			"foot1": {
				"rotate": [
					{
						"time": 0,
						"angle": -345.81,
						"curve": [ 0.25, 0, 0.598, 1.94 ]
					},
					{
						"time": 0.5,
						"angle": -352.02,
						"curve": [ 0.25, 0, 0.598, 1.94 ]
					},
					{ "time": 1, "angle": -345.81 }
				],
				"translate": [
					{ "time": 0, "x": 0, "y": 0 }
				],
				"scale": [
					{ "time": 0, "x": 1, "y": 1 }
				]
			},
			"root": {
				"rotate": [
					{ "time": 0, "angle": 0 }
				],
				"translate": [
					{ "time": 0, "x": 0, "y": 0 }
				],
				"scale": [
					{ "time": 0, "x": 1, "y": 1 }
				]
			},
			"shin2": {
				"rotate": [
					{ "time": 0, "angle": 0 }
				],
				"translate": [
					{ "time": 0, "x": 0, "y": 0 }
				],
				"scale": [
					{ "time": 0, "x": 1, "y": 1 }
				]
			},
			"foot2": {
				"rotate": [
					{ "time": 0, "angle": 0 }
				],
				"translate": [
					{ "time": 0, "x": 0, "y": 0 }
				],
				"scale": [
					{ "time": 0, "x": 1, "y": 1 }
				]
			},
			"shin1": {
				"rotate": [
					{
						"time": 0,
						"angle": -388.22,
						"curve": [ 0.25, 0, 0.598, 1.94 ]
					},
					{
						"time": 0.5,
						"angle": -349.2,
						"curve": [ 0.25, 0, 0.598, 1.94 ]
					},
					{ "time": 1, "angle": -388.22 }
				],
				"translate": [
					{ "time": 0, "x": 0, "y": 0 }
				],
				"scale": [
					{ "time": 0, "x": 1, "y": 1 }
				]
			},
			"vaso": {
				"rotate": [
					{ "time": 0, "angle": -2.91 }
				],
				"translate": [
					{
						"time": 0,
						"x": 6.26,
						"y": 3.13,
						"curve": [ 0.408, -1.08, 0.75, 1 ]
					},
					{
						"time": 0.2666,
						"x": 8.59,
						"y": -10.43,
						"curve": [ 0.25, 0, 0.66, 1.69 ]
					},
					{
						"time": 0.5,
						"x": 6.75,
						"y": 0,
						"curve": [ 0.25, 0, 0.66, 1.69 ]
					},
					{
						"time": 0.7666,
						"x": 8.59,
						"y": -10.43,
						"curve": [ 0.25, 0, 0.66, 1.69 ]
					},
					{ "time": 1, "x": 6.75, "y": 0 }
				],
				"scale": [
					{
						"time": 0,
						"x": 1,
						"y": 1,
						"curve": [ 0.408, -1.08, 0.75, 1 ]
					},
					{
						"time": 0.2666,
						"x": 0.913,
						"y": 1,
						"curve": [ 0.457, -0.98, 0.75, 1 ]
					},
					{
						"time": 0.5,
						"x": 1,
						"y": 1,
						"curve": [ 0.457, -0.98, 0.75, 1 ]
					},
					{
						"time": 0.7666,
						"x": 0.913,
						"y": 1,
						"curve": [ 0.457, -0.98, 0.75, 1 ]
					},
					{ "time": 1, "x": 1, "y": 1 }
				]
			}
		},
		"drawOrder": [
			{ "time": 0 },
			{ "time": 1 }
		]
	},
	"RUN_LOSE": {
		"slots": {
			"agarradera_a": {
				"attachment": [
					{ "time": 0, "name": "agarradera_a" },
					{ "time": 1, "name": "agarradera_a" }
				]
			},
			"agarradera_b": {
				"attachment": [
					{ "time": 0, "name": null },
					{ "time": 1, "name": null }
				]
			},
			"cabeza": {
				"attachment": [
					{ "time": 0, "name": "cabeza" },
					{ "time": 1, "name": "cabeza" }
				]
			},
			"fleco": {
				"attachment": [
					{ "time": 0, "name": "fleco" },
					{ "time": 1, "name": "fleco" }
				]
			},
			"foot1": {
				"attachment": [
					{ "time": 0, "name": null },
					{ "time": 1, "name": null }
				]
			},
			"foot2": {
				"attachment": [
					{ "time": 0, "name": "foot2" },
					{ "time": 1, "name": "foot2" }
				]
			},
			"leg1": {
				"attachment": [
					{ "time": 0, "name": "leg1" },
					{ "time": 1, "name": "leg1" }
				]
			},
			"leg2": {
				"attachment": [
					{ "time": 0, "name": "leg2" },
					{ "time": 1, "name": "leg2" }
				]
			},
			"lentes": {
				"attachment": [
					{ "time": 0, "name": "lentes" },
					{ "time": 1, "name": "lentes" }
				]
			},
			"normal/foot2": {
				"attachment": [
					{ "time": 0, "name": "foot2" },
					{ "time": 1, "name": "foot2" }
				]
			},
			"ojo1": {
				"attachment": [
					{ "time": 0, "name": "ojo1" },
					{ "time": 1, "name": "ojo1" }
				]
			},
			"ojo2": {
				"attachment": [
					{ "time": 0, "name": "ojo2" },
					{ "time": 1, "name": "ojo2" }
				]
			},
			"shin1": {
				"attachment": [
					{ "time": 0, "name": "shin1" },
					{ "time": 1, "name": "shin1" }
				]
			},
			"shin2": {
				"attachment": [
					{ "time": 0, "name": "shin2" },
					{ "time": 1, "name": "shin2" }
				]
			},
			"torzo": {
				"attachment": [
					{ "time": 0, "name": "torzo" },
					{ "time": 1, "name": "torzo" }
				]
			},
			"vaso": {
				"attachment": [
					{ "time": 0, "name": "vaso" }
				]
			}
		},
		"bones": {
			"vaso": {
				"rotate": [
					{
						"time": 0,
						"angle": -2.91,
						"curve": [ 0.25, 0, 0.524, 1.56 ]
					},
					{
						"time": 0.3333,
						"angle": 19.81,
						"curve": [ 0.25, 0, 0.524, 1.56 ]
					},
					{
						"time": 0.5,
						"angle": 18.7,
						"curve": [ 0.25, 0, 0.524, 1.56 ]
					},
					{
						"time": 0.6666,
						"angle": -16.71,
						"curve": [ 0.25, 0, 0.524, 1.56 ]
					},
					{ "time": 1, "angle": 0 }
				],
				"translate": [
					{
						"time": 0,
						"x": 6.26,
						"y": 3.13,
						"curve": [ 0.408, -1.08, 0.75, 1 ]
					},
					{
						"time": 0.2333,
						"x": 7.33,
						"y": -8.02,
						"curve": [ 0.408, -1.08, 0.75, 1 ]
					},
					{
						"time": 0.5,
						"x": 6.26,
						"y": 6.92,
						"curve": [ 0.408, -1.08, 0.75, 1 ]
					},
					{
						"time": 0.7666,
						"x": 7.33,
						"y": -8.02,
						"curve": [ 0.408, -1.08, 0.75, 1 ]
					},
					{ "time": 1, "x": 6.26, "y": 3.13 }
				],
				"scale": [
					{
						"time": 0,
						"x": 1,
						"y": 1,
						"curve": [ 0.408, -1.08, 0.75, 1 ]
					},
					{
						"time": 0.3333,
						"x": 0.676,
						"y": 1.054,
						"curve": [ 0.408, -1.08, 0.75, 1 ]
					},
					{
						"time": 0.5,
						"x": 0.933,
						"y": 1,
						"curve": [ 0.408, -1.08, 0.75, 1 ]
					},
					{
						"time": 0.6666,
						"x": 0.676,
						"y": 1.054,
						"curve": [ 0.408, -1.08, 0.75, 1 ]
					},
					{ "time": 1, "x": 1, "y": 1 }
				]
			},
			"fleco": {
				"rotate": [
					{
						"time": 0,
						"angle": 5.82,
						"curve": [ 0.25, 0, 0.528, 1.58 ]
					},
					{
						"time": 0.2666,
						"angle": -5.22,
						"curve": [ 0.25, 0, 0.528, 1.58 ]
					},
					{
						"time": 0.5,
						"angle": 5.82,
						"curve": [ 0.25, 0, 0.528, 1.58 ]
					},
					{
						"time": 0.7666,
						"angle": -5.22,
						"curve": [ 0.25, 0, 0.528, 1.58 ]
					},
					{ "time": 1, "angle": 5.82 }
				],
				"translate": [
					{
						"time": 0,
						"x": 0,
						"y": 0,
						"curve": [ 0.25, 0, 0.505, 1.37 ]
					},
					{
						"time": 0.2666,
						"x": -13.26,
						"y": 0.47,
						"curve": [ 0.25, 0, 0.505, 1.37 ]
					},
					{
						"time": 0.5,
						"x": 0,
						"y": 0,
						"curve": [ 0.25, 0, 0.505, 1.37 ]
					},
					{
						"time": 0.7666,
						"x": -13.26,
						"y": 0.47,
						"curve": [ 0.25, 0, 0.505, 1.37 ]
					},
					{ "time": 1, "x": 0, "y": 0 }
				],
				"scale": [
					{ "time": 0, "x": 1, "y": 1 }
				]
			},
			"glasses": {
				"rotate": [
					{ "time": 0, "angle": 0 }
				],
				"translate": [
					{
						"time": 0,
						"x": 0,
						"y": 0,
						"curve": [ 0.304, 0, 0.615, 0.6 ]
					},
					{
						"time": 0.2666,
						"x": -9.44,
						"y": -0.02,
						"curve": [ 0.25, 0, 0.511, 3.34 ]
					},
					{
						"time": 0.5,
						"x": 0,
						"y": 0,
						"curve": [ 0.25, 0, 0.511, 3.34 ]
					},
					{
						"time": 0.7666,
						"x": -9.44,
						"y": -0.02,
						"curve": [ 0.25, 0, 0.511, 3.34 ]
					},
					{ "time": 1, "x": 0, "y": 0 }
				],
				"scale": [
					{
						"time": 0,
						"x": 1,
						"y": 1,
						"curve": [ 0.507, -0.69, 0.75, 1 ]
					},
					{
						"time": 0.2666,
						"x": 0.913,
						"y": 1,
						"curve": [ 0.507, -0.69, 0.75, 1 ]
					},
					{
						"time": 0.5,
						"x": 1,
						"y": 1,
						"curve": [ 0.507, -0.69, 0.75, 1 ]
					},
					{
						"time": 0.7666,
						"x": 0.913,
						"y": 1,
						"curve": [ 0.507, -0.69, 0.75, 1 ]
					},
					{ "time": 1, "x": 1, "y": 1 }
				]
			},
			"leg2": {
				"rotate": [
					{
						"time": 0,
						"angle": 22.25,
						"curve": [ 0.25, 0, 0.501, 1.96 ]
					},
					{
						"time": 0.5,
						"angle": -40.8,
						"curve": [ 0.25, 0, 0.501, 1.96 ]
					},
					{ "time": 1, "angle": 22.25 }
				],
				"translate": [
					{ "time": 0, "x": -4.54, "y": -0.39 }
				],
				"scale": [
					{ "time": 0, "x": 1, "y": 1 }
				]
			},
			"foot1": {
				"rotate": [
					{
						"time": 0,
						"angle": -345.81,
						"curve": [ 0.25, 0, 0.598, 1.94 ]
					},
					{
						"time": 0.5,
						"angle": -352.02,
						"curve": [ 0.25, 0, 0.598, 1.94 ]
					},
					{ "time": 1, "angle": -345.81 }
				],
				"translate": [
					{ "time": 0, "x": 0, "y": 0 }
				],
				"scale": [
					{ "time": 0, "x": 1, "y": 1 }
				]
			},
			"shin1": {
				"rotate": [
					{
						"time": 0,
						"angle": -388.22,
						"curve": [ 0.25, 0, 0.598, 1.94 ]
					},
					{
						"time": 0.5,
						"angle": -349.2,
						"curve": [ 0.25, 0, 0.598, 1.94 ]
					},
					{ "time": 1, "angle": -388.22 }
				],
				"translate": [
					{ "time": 0, "x": 0, "y": 0 }
				],
				"scale": [
					{ "time": 0, "x": 1, "y": 1 }
				]
			},
			"torzo": {
				"rotate": [
					{ "time": 0, "angle": -2.53 }
				],
				"translate": [
					{
						"time": 0,
						"x": 0,
						"y": 0,
						"curve": [ 0.25, 0, 0.603, 2.11 ]
					},
					{
						"time": 0.2666,
						"x": 0,
						"y": -4.59,
						"curve": [ 0.25, 0, 0.603, 2.11 ]
					},
					{
						"time": 0.5,
						"x": 0,
						"y": 0,
						"curve": [ 0.25, 0, 0.603, 2.11 ]
					},
					{
						"time": 0.7666,
						"x": 0,
						"y": -4.59,
						"curve": [ 0.25, 0, 0.603, 2.11 ]
					},
					{ "time": 1, "x": 0, "y": 0 }
				],
				"scale": [
					{ "time": 0, "x": 1, "y": 1 }
				]
			},
			"cabeza": {
				"rotate": [
					{ "time": 0, "angle": 0 }
				],
				"translate": [
					{
						"time": 0,
						"x": 0,
						"y": 0,
						"curve": [ 0.25, 0, 0.629, 1.89 ]
					},
					{
						"time": 0.2666,
						"x": -3.57,
						"y": 0.22,
						"curve": [ 0.25, 0, 0.629, 1.89 ]
					},
					{
						"time": 0.5,
						"x": 0,
						"y": 0,
						"curve": [ 0.25, 0, 0.629, 1.89 ]
					},
					{
						"time": 0.7666,
						"x": -3.57,
						"y": 0.22,
						"curve": [ 0.25, 0, 0.629, 1.89 ]
					},
					{ "time": 1, "x": 0, "y": 0 }
				],
				"scale": [
					{
						"time": 0,
						"x": 1,
						"y": 1,
						"curve": [ 0.395, -0.87, 0.75, 1 ]
					},
					{
						"time": 0.2666,
						"x": 0.971,
						"y": 1,
						"curve": [ 0.395, -0.87, 0.75, 1 ]
					},
					{
						"time": 0.5,
						"x": 1,
						"y": 1,
						"curve": [ 0.395, -0.87, 0.75, 1 ]
					},
					{
						"time": 0.7666,
						"x": 0.971,
						"y": 1,
						"curve": [ 0.395, -0.87, 0.75, 1 ]
					},
					{ "time": 1, "x": 1, "y": 1 }
				]
			},
			"agarradera_b": {
				"rotate": [
					{ "time": 0, "angle": 0 }
				],
				"translate": [
					{ "time": 0, "x": -2.34, "y": -26.36 }
				],
				"scale": [
					{ "time": 0, "x": 0, "y": 1 }
				]
			},
			"leg1": {
				"rotate": [
					{
						"time": 0,
						"angle": -42.36,
						"curve": [ 0.25, 0, 0.598, 1.94 ]
					},
					{
						"time": 0.5,
						"angle": 14.23,
						"curve": [ 0.25, 0, 0.598, 1.94 ]
					},
					{ "time": 1, "angle": -42.36 }
				],
				"translate": [
					{ "time": 0, "x": 6.64, "y": 0.16 }
				],
				"scale": [
					{ "time": 0, "x": 1, "y": 1 }
				]
			},
			"foot2": {
				"rotate": [
					{ "time": 0, "angle": 0 }
				],
				"translate": [
					{ "time": 0, "x": 0, "y": 0 }
				],
				"scale": [
					{ "time": 0, "x": 1, "y": 1 }
				]
			},
			"agarradera_a": {
				"rotate": [
					{ "time": 0, "angle": 0 }
				],
				"translate": [
					{ "time": 0, "x": 0, "y": 0 }
				],
				"scale": [
					{ "time": 0, "x": 1, "y": 1 }
				]
			},
			"ojo1": {
				"rotate": [
					{ "time": 0, "angle": 0 }
				],
				"translate": [
					{ "time": 0, "x": -2.51, "y": -10.95 }
				],
				"scale": [
					{ "time": 0, "x": 1, "y": 1, "curve": "stepped" },
					{
						"time": 0.4666,
						"x": 1,
						"y": 1,
						"curve": [ 0.25, 0, 0.263, 1 ]
					},
					{
						"time": 0.5333,
						"x": 0.192,
						"y": 1,
						"curve": [ 0.25, 0, 0.263, 1 ]
					},
					{ "time": 0.6, "x": 1, "y": 1 }
				]
			},
			"root": {
				"rotate": [
					{ "time": 0, "angle": 0 }
				],
				"translate": [
					{ "time": 0, "x": 0, "y": 0 }
				],
				"scale": [
					{ "time": 0, "x": 1, "y": 1 }
				]
			},
			"ojo2": {
				"rotate": [
					{ "time": 0, "angle": 0 }
				],
				"translate": [
					{ "time": 0, "x": -3.83, "y": -11.71 }
				],
				"scale": [
					{ "time": 0, "x": 1, "y": 1, "curve": "stepped" },
					{
						"time": 0.4666,
						"x": 1,
						"y": 1,
						"curve": [ 0.25, 0, 0.362, 1 ]
					},
					{
						"time": 0.5333,
						"x": 0.174,
						"y": 1,
						"curve": [ 0.25, 0, 0.152, 1 ]
					},
					{ "time": 0.6, "x": 1, "y": 1 }
				]
			},
			"shin2": {
				"rotate": [
					{ "time": 0, "angle": 0 }
				],
				"translate": [
					{ "time": 0, "x": 0, "y": 0 }
				],
				"scale": [
					{ "time": 0, "x": 1, "y": 1 }
				]
			}
		},
		"drawOrder": [
			{ "time": 0 }
		]
	},
	"SAD": {
		"slots": {
			"agarradera_a": {
				"attachment": [
					{ "time": 0, "name": "agarradera_a" },
					{ "time": 1.6666, "name": "agarradera_a" }
				]
			},
			"agarradera_b": {
				"attachment": [
					{ "time": 0, "name": "agarradera" },
					{ "time": 1.6666, "name": "agarradera" }
				]
			},
			"cabeza": {
				"attachment": [
					{ "time": 0, "name": "cabeza" },
					{ "time": 1.6666, "name": "cabeza" }
				]
			},
			"fleco": {
				"attachment": [
					{ "time": 0, "name": "fleco" },
					{ "time": 1.6666, "name": "fleco" }
				]
			},
			"foot1": {
				"attachment": [
					{ "time": 0, "name": "foot1" },
					{ "time": 1.6666, "name": "foot1" }
				]
			},
			"foot2": {
				"attachment": [
					{ "time": 0, "name": "foot2" },
					{ "time": 1.6666, "name": "foot2" }
				]
			},
			"leg1": {
				"attachment": [
					{ "time": 0, "name": "leg1" },
					{ "time": 1.6666, "name": "leg1" }
				]
			},
			"leg2": {
				"attachment": [
					{ "time": 0, "name": "leg2" },
					{ "time": 1.6666, "name": "leg2" }
				]
			},
			"lentes": {
				"attachment": [
					{ "time": 0, "name": "lentes_d" },
					{ "time": 1.6666, "name": "lentes_d" }
				]
			},
			"normal/foot2": {
				"attachment": [
					{ "time": 0, "name": null },
					{ "time": 1.6666, "name": null }
				]
			},
			"ojo1": {
				"attachment": [
					{ "time": 0, "name": null },
					{ "time": 1.6666, "name": null }
				]
			},
			"ojo2": {
				"attachment": [
					{ "time": 0, "name": null },
					{ "time": 1.6666, "name": null }
				]
			},
			"shin1": {
				"attachment": [
					{ "time": 0, "name": "shin1" },
					{ "time": 1.6666, "name": "shin1" }
				]
			},
			"shin2": {
				"attachment": [
					{ "time": 0, "name": "shin2" },
					{ "time": 1.6666, "name": "shin2" }
				]
			},
			"torzo": {
				"attachment": [
					{ "time": 0, "name": "torzo" },
					{ "time": 1.6666, "name": "torzo" }
				]
			},
			"vaso": {
				"attachment": [
					{ "time": 1.6666, "name": "vaso" }
				]
			}
		},
		"bones": {
			"fleco": {
				"rotate": [
					{ "time": 0, "angle": 0 }
				],
				"translate": [
					{
						"time": 0,
						"x": 0,
						"y": 0,
						"curve": [ 0.479, -0.91, 0.75, 1 ]
					},
					{
						"time": 0.8333,
						"x": -11.71,
						"y": 8.6,
						"curve": [ 0.479, -0.91, 0.75, 1 ]
					},
					{ "time": 1.6666, "x": 0, "y": 0 }
				],
				"scale": [
					{
						"time": 0,
						"x": 1,
						"y": 1,
						"curve": [ 0.479, -0.91, 0.75, 1 ]
					},
					{
						"time": 0.8333,
						"x": 0.873,
						"y": 1,
						"curve": [ 0.479, -0.91, 0.75, 1 ]
					},
					{ "time": 1.6666, "x": 1, "y": 1 }
				]
			},
			"leg1": {
				"rotate": [
					{ "time": 0, "angle": 0 }
				],
				"translate": [
					{ "time": 0, "x": 0, "y": 0 }
				],
				"scale": [
					{ "time": 0, "x": 1, "y": 1 }
				]
			},
			"glasses": {
				"rotate": [
					{ "time": 0, "angle": 0 }
				],
				"translate": [
					{
						"time": 0,
						"x": 0,
						"y": 0,
						"curve": [ 0.535, -0.95, 0.75, 1 ]
					},
					{
						"time": 0.8333,
						"x": -8.15,
						"y": 10.52,
						"curve": [ 0.535, -0.95, 0.75, 1 ]
					},
					{ "time": 1.6666, "x": 0, "y": 0 }
				],
				"scale": [
					{
						"time": 0,
						"x": 1,
						"y": 1,
						"curve": [ 0.535, -0.95, 0.75, 1 ]
					},
					{
						"time": 0.8333,
						"x": 0.897,
						"y": 1,
						"curve": [ 0.535, -0.95, 0.75, 1 ]
					},
					{ "time": 1.6666, "x": 1, "y": 1 }
				]
			},
			"ojo2": {
				"rotate": [
					{ "time": 0, "angle": 0 }
				],
				"translate": [
					{ "time": 0, "x": 0, "y": 0 }
				],
				"scale": [
					{ "time": 0, "x": 1, "y": 1 }
				]
			},
			"leg2": {
				"rotate": [
					{ "time": 0, "angle": 0 }
				],
				"translate": [
					{ "time": 0, "x": 0, "y": 0 }
				],
				"scale": [
					{ "time": 0, "x": 1, "y": 1 }
				]
			},
			"ojo1": {
				"rotate": [
					{ "time": 0, "angle": 0 }
				],
				"translate": [
					{ "time": 0, "x": 0, "y": 0 }
				],
				"scale": [
					{ "time": 0, "x": 1, "y": 1 }
				]
			},
			"agarradera_b": {
				"rotate": [
					{
						"time": 0,
						"angle": 0,
						"curve": [ 0.25, 0, 0.75, 1 ]
					},
					{
						"time": 0.8333,
						"angle": -26.17,
						"curve": [ 0.25, 0, 0.75, 1 ]
					},
					{ "time": 1.6666, "angle": 0 }
				],
				"translate": [
					{
						"time": 0,
						"x": 0,
						"y": -26.07,
						"curve": [ 0.25, 0, 0.75, 1 ]
					},
					{
						"time": 0.8333,
						"x": 3.5,
						"y": -27.08,
						"curve": [ 0.25, 0, 0.75, 1 ]
					},
					{ "time": 1.6666, "x": 0, "y": -26.07 }
				],
				"scale": [
					{
						"time": 0,
						"x": 0,
						"y": 1,
						"curve": [ 0.25, 0, 0.75, 1 ]
					},
					{
						"time": 0.8333,
						"x": 0.151,
						"y": 1,
						"curve": [ 0.25, 0, 0.75, 1 ]
					},
					{ "time": 1.6666, "x": 0, "y": 1 }
				]
			},
			"torzo": {
				"rotate": [
					{ "time": 0, "angle": 0 }
				],
				"translate": [
					{
						"time": 0,
						"x": 0,
						"y": 0,
						"curve": [ 0.665, -1.02, 0.75, 1 ]
					},
					{
						"time": 0.8333,
						"x": 0,
						"y": -4.16,
						"curve": [ 0.49, -0.5, 0.75, 1 ]
					},
					{ "time": 1.6666, "x": 0, "y": 0 }
				],
				"scale": [
					{ "time": 0, "x": 1, "y": 1 }
				]
			},
			"cabeza": {
				"rotate": [
					{ "time": 0, "angle": 0 }
				],
				"translate": [
					{
						"time": 0,
						"x": 0,
						"y": 0,
						"curve": [ 0.25, 0, 0.526, 1.73 ]
					},
					{
						"time": 0.8333,
						"x": -5.01,
						"y": 0,
						"curve": [ 0.25, 0, 0.526, 1.73 ]
					},
					{ "time": 1.6666, "x": 0, "y": 0 }
				],
				"scale": [
					{
						"time": 0,
						"x": 1,
						"y": 1,
						"curve": [ 0.25, 0, 0.526, 1.73 ]
					},
					{
						"time": 0.8333,
						"x": 0.936,
						"y": 1,
						"curve": [ 0.25, 0, 0.526, 1.73 ]
					},
					{ "time": 1.6666, "x": 1, "y": 1 }
				]
			},
			"agarradera_a": {
				"rotate": [
					{ "time": 0, "angle": 0 },
					{
						"time": 0.8333,
						"angle": -29.04,
						"curve": [ 0.25, 0, 0.75, 1 ]
					},
					{ "time": 1.6666, "angle": 0 }
				],
				"translate": [
					{ "time": 0, "x": 0, "y": 0 }
				],
				"scale": [
					{ "time": 0, "x": 1, "y": 1 },
					{
						"time": 0.8333,
						"x": 0.726,
						"y": 1,
						"curve": [ 0.547, -0.94, 0.75, 1 ]
					},
					{ "time": 1.6666, "x": 1, "y": 1 }
				]
			},
			"shin2": {
				"rotate": [
					{ "time": 0, "angle": 0 }
				],
				"translate": [
					{ "time": 0, "x": 0, "y": 0 }
				],
				"scale": [
					{ "time": 0, "x": 1, "y": 1 }
				]
			},
			"foot1": {
				"rotate": [
					{ "time": 0, "angle": 0 }
				],
				"translate": [
					{ "time": 0, "x": 0, "y": 0 }
				],
				"scale": [
					{ "time": 0, "x": 1, "y": 1 }
				]
			},
			"root": {
				"rotate": [
					{ "time": 0, "angle": 0 }
				],
				"translate": [
					{ "time": 0, "x": 0, "y": 0 }
				],
				"scale": [
					{ "time": 0, "x": 1, "y": 1 }
				]
			},
			"shin1": {
				"rotate": [
					{ "time": 0, "angle": 0 }
				],
				"translate": [
					{ "time": 0, "x": 0, "y": 0 }
				],
				"scale": [
					{ "time": 0, "x": 1, "y": 1 }
				]
			},
			"foot2": {
				"rotate": [
					{ "time": 0, "angle": 0 }
				],
				"translate": [
					{ "time": 0, "x": 0, "y": 0 }
				],
				"scale": [
					{ "time": 0, "x": 1, "y": 1 }
				]
			},
			"vaso": {
				"rotate": [
					{
						"time": 0,
						"angle": 0,
						"curve": [ 0.04, 0, 0.593, 2.57 ]
					},
					{
						"time": 0.8333,
						"angle": 11.21,
						"curve": [ 0.04, 0, 0.593, 2.57 ]
					},
					{ "time": 1.6666, "angle": 0 }
				],
				"translate": [
					{
						"time": 0,
						"x": 0,
						"y": 0,
						"curve": [ 0.546, -0.56, 0.75, 1 ]
					},
					{
						"time": 0.8333,
						"x": 0,
						"y": -13.3,
						"curve": [ 0.546, -0.56, 0.75, 1 ]
					},
					{ "time": 1.6666, "x": 0, "y": 0 }
				],
				"scale": [
					{
						"time": 0,
						"x": 1,
						"y": 1,
						"curve": [ 0.044, 0, 0.645, 2.14 ]
					},
					{
						"time": 0.8333,
						"x": 0.827,
						"y": 1,
						"curve": [ 0.044, 0, 0.645, 2.14 ]
					},
					{ "time": 1.6666, "x": 1, "y": 1 }
				]
			}
		},
		"drawOrder": [
			{ "time": 0 },
			{ "time": 1.6666 }
		]
	}
}
}