{"frames": [

{
	"filename": "arcadebutton",
	"frame": {"x":157,"y":1137,"w":178,"h":111},
	"rotated": false,
	"trimmed": false,
	"spriteSourceSize": {"x":0,"y":0,"w":178,"h":111},
	"sourceSize": {"w":178,"h":111},
	"pivot": {"x":0.5,"y":0.5}
},
{
	"filename": "background",
	"frame": {"x":1,"y":1,"w":542,"h":854},
	"rotated": false,
	"trimmed": false,
	"spriteSourceSize": {"x":0,"y":0,"w":542,"h":854},
	"sourceSize": {"w":542,"h":854},
	"pivot": {"x":0.5,"y":0.5}
},
{
	"filename": "circle",
	"frame": {"x":261,"y":1293,"w":50,"h":51},
	"rotated": false,
	"trimmed": false,
	"spriteSourceSize": {"x":0,"y":0,"w":50,"h":51},
	"sourceSize": {"w":50,"h":51},
	"pivot": {"x":0.5,"y":0.5}
},
{
	"filename": "circlePart",
	"frame": {"x":324,"y":1253,"w":128,"h":47},
	"rotated": false,
	"trimmed": false,
	"spriteSourceSize": {"x":0,"y":0,"w":128,"h":47},
	"sourceSize": {"w":128,"h":47},
	"pivot": {"x":0.5,"y":0.5}
},
{
	"filename": "cirquit",
	"frame": {"x":454,"y":1275,"w":49,"h":49},
	"rotated": false,
	"trimmed": false,
	"spriteSourceSize": {"x":0,"y":0,"w":49,"h":49},
	"sourceSize": {"w":49,"h":49},
	"pivot": {"x":0.5,"y":0.5}
},
{
	"filename": "cirquitName",
	"frame": {"x":127,"y":1293,"w":132,"h":25},
	"rotated": false,
	"trimmed": false,
	"spriteSourceSize": {"x":0,"y":0,"w":132,"h":25},
	"sourceSize": {"w":132,"h":25},
	"pivot": {"x":0.5,"y":0.5}
},
{
	"filename": "coin",
	"frame": {"x":453,"y":1137,"w":68,"h":70},
	"rotated": false,
	"trimmed": false,
	"spriteSourceSize": {"x":0,"y":0,"w":68,"h":70},
	"sourceSize": {"w":68,"h":70},
	"pivot": {"x":0.5,"y":0.5}
},
{
	"filename": "crossPart",
	"frame": {"x":127,"y":1320,"w":99,"h":18},
	"rotated": false,
	"trimmed": false,
	"spriteSourceSize": {"x":0,"y":0,"w":99,"h":18},
	"sourceSize": {"w":99,"h":18},
	"pivot": {"x":0.5,"y":0.5}
},
{
	"filename": "dashboard",
	"frame": {"x":1,"y":857,"w":542,"h":278},
	"rotated": false,
	"trimmed": false,
	"spriteSourceSize": {"x":0,"y":0,"w":542,"h":278},
	"sourceSize": {"w":542,"h":278},
	"pivot": {"x":0.5,"y":0.5}
},
{
	"filename": "life_box",
	"frame": {"x":313,"y":1302,"w":105,"h":41},
	"rotated": false,
	"trimmed": false,
	"spriteSourceSize": {"x":0,"y":0,"w":105,"h":41},
	"sourceSize": {"w":105,"h":41},
	"pivot": {"x":0.5,"y":0.5}
},
{
	"filename": "ringPart",
	"frame": {"x":337,"y":1137,"w":114,"h":114},
	"rotated": false,
	"trimmed": false,
	"spriteSourceSize": {"x":0,"y":0,"w":114,"h":114},
	"sourceSize": {"w":114,"h":114},
	"pivot": {"x":0.5,"y":0.5}
},
{
	"filename": "smoke",
	"frame": {"x":1,"y":1137,"w":154,"h":142},
	"rotated": false,
	"trimmed": false,
	"spriteSourceSize": {"x":0,"y":0,"w":154,"h":142},
	"sourceSize": {"w":154,"h":142},
	"pivot": {"x":0.5,"y":0.5}
},
{
	"filename": "star",
	"frame": {"x":454,"y":1209,"w":64,"h":64},
	"rotated": false,
	"trimmed": false,
	"spriteSourceSize": {"x":0,"y":0,"w":64,"h":64},
	"sourceSize": {"w":64,"h":64},
	"pivot": {"x":0.5,"y":0.5}
},
{
	"filename": "starPart",
	"frame": {"x":1,"y":1281,"w":124,"h":63},
	"rotated": false,
	"trimmed": true,
	"spriteSourceSize": {"x":0,"y":0,"w":124,"h":63},
	"sourceSize": {"w":128,"h":68},
	"pivot": {"x":0.5,"y":0.5}
},
{
	"filename": "xpcoins",
	"frame": {"x":157,"y":1250,"w":165,"h":41},
	"rotated": false,
	"trimmed": false,
	"spriteSourceSize": {"x":0,"y":0,"w":165,"h":41},
	"sourceSize": {"w":165,"h":41},
	"pivot": {"x":0.5,"y":0.5}
}],
"meta": {
	"app": "http://www.codeandweb.com/texturepacker",
	"version": "1.0",
	"image": "atlas.png",
	"format": "RGBA8888",
	"size": {"w":544,"h":1345},
	"scale": "1",
	"smartupdate": "$TexturePacker:SmartUpdate:91ccc698dfe19cf06b206bd8737f93fb:a54dad88399d367249f69da3f2ffba2a:cbce6b53f0f49e0bf15173c25c41f876$"
}
}
