{"frames": [

{
	"filename": "inst-click",
	"frame": {"x":1,"y":910,"w":374,"h":104},
	"rotated": false,
	"trimmed": false,
	"spriteSourceSize": {"x":0,"y":0,"w":374,"h":104},
	"sourceSize": {"w":374,"h":104},
	"pivot": {"x":0.5,"y":0.5}
},
{
	"filename": "inst-tap",
	"frame": {"x":1,"y":742,"w":165,"h":166},
	"rotated": false,
	"trimmed": false,
	"spriteSourceSize": {"x":0,"y":0,"w":165,"h":166},
	"sourceSize": {"w":165,"h":166},
	"pivot": {"x":0.5,"y":0.5}
},
{
	"filename": "instruccion",
	"frame": {"x":1,"y":1,"w":508,"h":739},
	"rotated": false,
	"trimmed": true,
	"spriteSourceSize": {"x":2,"y":0,"w":508,"h":739},
	"sourceSize": {"w":511,"h":741},
	"pivot": {"x":0.5,"y":0.5}
},
{
	"filename": "okbtn",
	"frame": {"x":168,"y":742,"w":160,"h":90},
	"rotated": false,
	"trimmed": false,
	"spriteSourceSize": {"x":0,"y":0,"w":160,"h":90},
	"sourceSize": {"w":160,"h":90},
	"pivot": {"x":0.5,"y":0.5}
}],
"meta": {
	"app": "http://www.codeandweb.com/texturepacker",
	"version": "1.0",
	"image": "atlas.png",
	"format": "RGBA8888",
	"size": {"w":510,"h":1015},
	"scale": "1",
	"smartupdate": "$TexturePacker:SmartUpdate:8a3231558a0e9c51b5dfdacf870911ca:b25c0db8a5a487a7bbdf61827d889730:cbce6b53f0f49e0bf15173c25c41f876$"
}
}
