{"frames": [

{
	"filename": "arcadebutton1",
	"frame": {"x":440,"y":484,"w":152,"h":157},
	"rotated": false,
	"trimmed": false,
	"spriteSourceSize": {"x":0,"y":0,"w":152,"h":157},
	"sourceSize": {"w":152,"h":157},
	"pivot": {"x":0.5,"y":0.5}
},
{
	"filename": "arcadebutton2",
	"frame": {"x":329,"y":643,"w":153,"h":158},
	"rotated": false,
	"trimmed": false,
	"spriteSourceSize": {"x":0,"y":0,"w":153,"h":158},
	"sourceSize": {"w":153,"h":158},
	"pivot": {"x":0.5,"y":0.5}
},
{
	"filename": "brick",
	"frame": {"x":131,"y":889,"w":140,"h":50},
	"rotated": false,
	"trimmed": false,
	"spriteSourceSize": {"x":0,"y":0,"w":140,"h":50},
	"sourceSize": {"w":140,"h":50},
	"pivot": {"x":0.5,"y":0.5}
},
{
	"filename": "city",
	"frame": {"x":1,"y":484,"w":326,"h":327},
	"rotated": false,
	"trimmed": false,
	"spriteSourceSize": {"x":0,"y":0,"w":326,"h":327},
	"sourceSize": {"w":326,"h":327},
	"pivot": {"x":0.5,"y":0.5}
},
{
	"filename": "cloud",
	"frame": {"x":131,"y":813,"w":212,"h":74},
	"rotated": false,
	"trimmed": false,
	"spriteSourceSize": {"x":0,"y":0,"w":212,"h":74},
	"sourceSize": {"w":212,"h":74},
	"pivot": {"x":0.5,"y":0.5}
},
{
	"filename": "coin",
	"frame": {"x":329,"y":571,"w":68,"h":70},
	"rotated": false,
	"trimmed": false,
	"spriteSourceSize": {"x":0,"y":0,"w":68,"h":70},
	"sourceSize": {"w":68,"h":70},
	"pivot": {"x":0.5,"y":0.5}
},
{
	"filename": "dashboard",
	"frame": {"x":1,"y":1,"w":591,"h":232},
	"rotated": false,
	"trimmed": false,
	"spriteSourceSize": {"x":0,"y":0,"w":591,"h":232},
	"sourceSize": {"w":591,"h":232},
	"pivot": {"x":0.5,"y":0.5}
},
{
	"filename": "drop",
	"frame": {"x":491,"y":775,"w":63,"h":64},
	"rotated": false,
	"trimmed": true,
	"spriteSourceSize": {"x":0,"y":0,"w":63,"h":64},
	"sourceSize": {"w":64,"h":64},
	"pivot": {"x":0.5,"y":0.5}
},
{
	"filename": "enemy_spike",
	"frame": {"x":329,"y":484,"w":71,"h":85},
	"rotated": false,
	"trimmed": false,
	"spriteSourceSize": {"x":0,"y":0,"w":71,"h":85},
	"sourceSize": {"w":71,"h":85},
	"pivot": {"x":0.5,"y":0.5}
},
{
	"filename": "enemy_squish",
	"frame": {"x":345,"y":803,"w":71,"h":67},
	"rotated": false,
	"trimmed": false,
	"spriteSourceSize": {"x":0,"y":0,"w":71,"h":67},
	"sourceSize": {"w":71,"h":67},
	"pivot": {"x":0.5,"y":0.5}
},
{
	"filename": "floor",
	"frame": {"x":1,"y":813,"w":128,"h":148},
	"rotated": false,
	"trimmed": false,
	"spriteSourceSize": {"x":0,"y":0,"w":128,"h":148},
	"sourceSize": {"w":128,"h":148},
	"pivot": {"x":0.5,"y":0.5}
},
{
	"filename": "hill",
	"frame": {"x":1,"y":235,"w":539,"h":247},
	"rotated": false,
	"trimmed": false,
	"spriteSourceSize": {"x":0,"y":0,"w":539,"h":247},
	"sourceSize": {"w":539,"h":247},
	"pivot": {"x":0.5,"y":0.5}
},
{
	"filename": "life_box",
	"frame": {"x":440,"y":872,"w":105,"h":41},
	"rotated": false,
	"trimmed": false,
	"spriteSourceSize": {"x":0,"y":0,"w":105,"h":41},
	"sourceSize": {"w":105,"h":41},
	"pivot": {"x":0.5,"y":0.5}
},
{
	"filename": "skull",
	"frame": {"x":418,"y":803,"w":71,"h":67},
	"rotated": false,
	"trimmed": false,
	"spriteSourceSize": {"x":0,"y":0,"w":71,"h":67},
	"sourceSize": {"w":71,"h":67},
	"pivot": {"x":0.5,"y":0.5}
},
{
	"filename": "sky",
	"frame": {"x":594,"y":1,"w":138,"h":961},
	"rotated": false,
	"trimmed": false,
	"spriteSourceSize": {"x":0,"y":0,"w":138,"h":961},
	"sourceSize": {"w":138,"h":961},
	"pivot": {"x":0.5,"y":0.5}
},
{
	"filename": "star",
	"frame": {"x":484,"y":643,"w":64,"h":64},
	"rotated": false,
	"trimmed": false,
	"spriteSourceSize": {"x":0,"y":0,"w":64,"h":64},
	"sourceSize": {"w":64,"h":64},
	"pivot": {"x":0.5,"y":0.5}
},
{
	"filename": "wrong",
	"frame": {"x":484,"y":709,"w":64,"h":64},
	"rotated": false,
	"trimmed": false,
	"spriteSourceSize": {"x":0,"y":0,"w":64,"h":64},
	"sourceSize": {"w":64,"h":64},
	"pivot": {"x":0.5,"y":0.5}
},
{
	"filename": "xpcoins",
	"frame": {"x":273,"y":889,"w":165,"h":41},
	"rotated": false,
	"trimmed": false,
	"spriteSourceSize": {"x":0,"y":0,"w":165,"h":41},
	"sourceSize": {"w":165,"h":41},
	"pivot": {"x":0.5,"y":0.5}
}],
"meta": {
	"app": "http://www.codeandweb.com/texturepacker",
	"version": "1.0",
	"image": "atlas.png",
	"format": "RGBA8888",
	"size": {"w":733,"h":963},
	"scale": "1",
	"smartupdate": "$TexturePacker:SmartUpdate:669edc0dc648beb998e1b4a9b291bbb5:df72f61b3551799ec256d92c2957859b:cbce6b53f0f49e0bf15173c25c41f876$"
}
}
