{"frames": [

{
	"filename": "instruccion",
	"frame": {"x":1,"y":1,"w":508,"h":739},
	"rotated": false,
	"trimmed": true,
	"spriteSourceSize": {"x":1,"y":0,"w":508,"h":739},
	"sourceSize": {"w":511,"h":740},
	"pivot": {"x":0.5,"y":0.5}
},
{
	"filename": "okbtn",
	"frame": {"x":1,"y":742,"w":160,"h":90},
	"rotated": false,
	"trimmed": false,
	"spriteSourceSize": {"x":0,"y":0,"w":160,"h":90},
	"sourceSize": {"w":160,"h":90},
	"pivot": {"x":0.5,"y":0.5}
}],
"meta": {
	"app": "http://www.codeandweb.com/texturepacker",
	"version": "1.0",
	"image": "atlas.png",
	"format": "RGBA8888",
	"size": {"w":510,"h":833},
	"scale": "1",
	"smartupdate": "$TexturePacker:SmartUpdate:5570e4fe85f4f700002c21c073d486ca:ffc5599c78fdf60e181d7a713842f719:cbce6b53f0f49e0bf15173c25c41f876$"
}
}
