{
"skeleton": { "hash": "n7DWsXwPAj0dn13X+rkt2npL0WE", "spine": "3.3.07", "width": 181.8, "height": 76.15, "images": "" },
"bones": [
	{ "name": "root", "rotation": -0.5 },
	{ "name": "torso", "parent": "root", "length": 11.9, "rotation": 90, "x": 0.17, "y": 30.36 },
	{ "name": "cabeza", "parent": "torso", "length": 57.1, "x": 12.91, "y": 0.23 },
	{ "name": "copete", "parent": "cabeza", "length": 25.41, "x": 78.46, "y": -9.72, "inheritScale": false },
	{ "name": "lentes", "parent": "cabeza", "length": 31.76, "x": 37.76, "y": -16.56, "inheritScale": false },
	{ "name": "ojo1", "parent": "lentes", "length": 7.8, "x": 8.16, "y": 36.95, "inheritScale": false },
	{ "name": "ojo2", "parent": "lentes", "length": 7.95, "x": 9.63, "y": -18.73, "inheritScale": false },
	{ "name": "pierna1", "parent": "root", "length": 14.61, "rotation": 270, "x": -18.56, "y": 44.42, "inheritScale": false },
	{ "name": "rodilla1", "parent": "pierna1", "length": 21.49, "rotation": 360, "x": 14.32, "y": 0.07, "inheritScale": false },
	{ "name": "pie1", "parent": "rodilla1", "length": 17.57, "rotation": -90, "x": 22.29, "y": -0.59, "inheritScale": false },
	{ "name": "pierna2", "parent": "root", "length": 16.86, "rotation": 270, "x": 13.31, "y": 45.49, "inheritScale": false },
	{ "name": "rodilla2", "parent": "pierna2", "length": 19.04, "rotation": 360, "x": 15.5, "y": 0.27, "inheritScale": false },
	{ "name": "pie2", "parent": "rodilla2", "length": 17.28, "rotation": 450, "x": 21.35, "y": -1.22, "inheritScale": false },
	{ "name": "vaso", "parent": "root", "length": 51.62, "rotation": 90, "x": -0.28, "y": 137.84, "scaleX": 1.012, "scaleY": 1.012 }
],
"slots": [
	{ "name": "pie2", "bone": "pie2", "attachment": "pie2" },
	{ "name": "rodilla2", "bone": "rodilla2", "attachment": "rodilla2" },
	{ "name": "pierna2", "bone": "pierna2", "attachment": "pierna2" },
	{ "name": "pie1", "bone": "pie1", "attachment": "pie1" },
	{ "name": "normal/pie1", "bone": "pie1", "attachment": "pie2" },
	{ "name": "rodilla1", "bone": "rodilla1", "attachment": "rodilla1" },
	{ "name": "pierna1", "bone": "pierna1", "attachment": "pierna1" },
	{ "name": "torso", "bone": "torso", "attachment": "torso" },
	{ "name": "cabeza", "bone": "cabeza", "attachment": "cabeza" },
	{ "name": "vaso", "bone": "vaso", "attachment": "vaso" },
	{ "name": "lentes", "bone": "lentes", "attachment": "lentes" },
	{ "name": "ojo2", "bone": "ojo2", "attachment": "ojo2" },
	{ "name": "ojo1", "bone": "ojo1", "attachment": "ojo1" },
	{ "name": "copete", "bone": "copete", "attachment": "copete" }
],
"skins": {
	"default": {},
	"glasses1": {
		"lentes": {
			"lentes": { "name": "normal/lentes", "x": 11.78, "y": 25.91, "rotation": -89.99, "width": 160, "height": 65 }
		},
		"ojo1": {
			"ojo1": { "name": "normal/ojo1", "x": 3.47, "y": 0.21, "rotation": -89.99, "width": 9, "height": 9 }
		},
		"ojo2": {
			"ojo2": { "name": "normal/ojo2", "x": 3.48, "y": 0.02, "rotation": -89.99, "width": 8, "height": 8 }
		}
	},
	"glasses2": {
		"lentes": {
			"lentes": { "name": "normal1/lentes", "x": 11.85, "y": 18.13, "rotation": -89.99, "width": 156, "height": 56 }
		},
		"ojo1": {
			"ojo1": { "name": "normal1/ojo1", "x": 3.47, "y": 0.21, "rotation": -89.99, "width": 9, "height": 9 }
		},
		"ojo2": {
			"ojo2": { "name": "normal1/ojo2", "x": 3.48, "y": 0.02, "rotation": -89.99, "width": 8, "height": 8 }
		}
	},
	"glasses3": {
		"lentes": {
			"lentes": { "name": "normal2/lentes", "x": 11.84, "y": 19.09, "rotation": -89.99, "width": 151, "height": 60 }
		},
		"ojo1": {
			"ojo1": { "name": "normal2/ojo1", "x": 3.47, "y": 0.21, "rotation": -89.99, "width": 9, "height": 9 }
		},
		"ojo2": {
			"ojo2": { "name": "normal2/ojo2", "x": 3.48, "y": 0.02, "rotation": -89.99, "width": 8, "height": 8 }
		}
	},
	"glasses4": {
		"lentes": {
			"lentes": { "name": "normal3/lentes", "x": 11.84, "y": 19.09, "rotation": -89.99, "width": 157, "height": 65 }
		},
		"ojo1": {
			"ojo1": { "name": "normal2/ojo1", "x": 3.47, "y": 0.21, "rotation": -89.99, "width": 9, "height": 9 }
		},
		"ojo2": {
			"ojo2": { "name": "normal2/ojo2", "x": 3.48, "y": 0.02, "rotation": -89.99, "width": 8, "height": 8 }
		}
	},
	"glasses1_Sad": {
		"lentes": {
			"lentes": { "name": "normal/lentes_Sad", "x": 11.78, "y": 25.91, "rotation": -89.99, "width": 161, "height": 65 }
		},
		"ojo1": {
			"ojo1": { "name": "normal/ojo1", "x": 3.47, "y": 0.21, "rotation": -89.99, "width": 9, "height": 9 }
		},
		"ojo2": {
			"ojo2": { "name": "normal/ojo2", "x": 3.48, "y": 0.02, "rotation": -89.99, "width": 8, "height": 8 }
		}
	},
	"glasses2_Sad": {
		"lentes": {
			"lentes": { "name": "normal1/lentes_Sad", "x": 11.78, "y": 25.91, "rotation": -89.99, "width": 157, "height": 64 }
		},
		"ojo1": {
			"ojo1": { "name": "normal/ojo1", "x": 3.47, "y": 0.21, "rotation": -89.99, "width": 9, "height": 9 }
		},
		"ojo2": {
			"ojo2": { "name": "normal/ojo2", "x": 3.48, "y": 0.02, "rotation": -89.99, "width": 8, "height": 8 }
		}
	},
	"glasses3_Sad": {
		"lentes": {
			"lentes": { "name": "normal2/lentes_Sad", "x": 11.84, "y": 19.09, "rotation": -89.99, "width": 151, "height": 59 }
		},
		"ojo1": {
			"ojo1": { "name": "normal2/ojo1", "x": 3.47, "y": 0.21, "rotation": -89.99, "width": 9, "height": 9 }
		},
		"ojo2": {
			"ojo2": { "name": "normal2/ojo2", "x": 3.48, "y": 0.02, "rotation": -89.99, "width": 8, "height": 8 }
		}
	},
	"glasses4_Sad": {
		"lentes": {
			"lentes": { "name": "normal3/lentes_Sad", "x": 11.84, "y": 19.09, "rotation": -89.99, "width": 158, "height": 65 }
		},
		"ojo1": {
			"ojo1": { "name": "normal2/ojo1", "x": 3.47, "y": 0.21, "rotation": -89.99, "width": 9, "height": 9 }
		},
		"ojo2": {
			"ojo2": { "name": "normal2/ojo2", "x": 3.48, "y": 0.02, "rotation": -89.99, "width": 8, "height": 8 }
		}
	},
	"hair1": {
		"copete": {
			"copete": { "name": "normal/copete", "x": 27.77, "y": 0.71, "rotation": -88.48, "width": 67, "height": 63 }
		}
	},
	"hair2": {
		"copete": {
			"copete": { "name": "normal1/copete", "x": 25.67, "y": 5.34, "rotation": -89.99, "width": 96, "height": 69 }
		}
	},
	"hair3": {
		"copete": {
			"copete": {
				"name": "normal2/copete",
				"x": 27.7,
				"y": -10.17,
				"scaleX": 1.221,
				"scaleY": 1.221,
				"rotation": -88.48,
				"width": 102,
				"height": 59
			}
		}
	},
	"hair4": {
		"copete": {
			"copete": {
				"name": "normal3/copete",
				"x": 23.63,
				"y": 12.94,
				"scaleX": 1.28,
				"scaleY": 1.28,
				"rotation": -88.48,
				"width": 141,
				"height": 57
			}
		}
	},
	"skin1": {
		"cabeza": {
			"cabeza": { "name": "normal/cabeza", "x": 50.56, "y": 1.7, "rotation": -90.09, "width": 136, "height": 103 }
		},
		"normal/pie1": {
			"pie2": { "name": "normal/pie1", "x": -5.33, "y": 0.89, "scaleX": -1, "rotation": -180, "width": 32, "height": 17 }
		},
		"pie1": {
			"pie1": { "name": "normal/pie1", "x": 8.82, "y": 0.66, "rotation": -179.99, "width": 32, "height": 17 }
		},
		"pie2": {
			"pie2": { "name": "normal/pie2", "x": 6.47, "y": -1.21, "width": 32, "height": 17 }
		},
		"pierna1": {
			"pierna1": { "name": "normal/pierna1", "x": 9.95, "y": 0.24, "rotation": 87.37, "width": 11, "height": 24 }
		},
		"pierna2": {
			"pierna2": { "name": "normal/pierna2", "x": 9.22, "y": 0.38, "rotation": 93.22, "width": 11, "height": 24 }
		},
		"rodilla1": {
			"rodilla1": { "name": "normal/rodilla1", "x": 10.36, "y": -0.75, "rotation": 90, "width": 14, "height": 21 }
		},
		"rodilla2": {
			"rodilla2": { "name": "normal/rodilla2", "x": 9.15, "y": 0.3, "rotation": 90, "width": 13, "height": 21 }
		}
	},
	"skin2": {
		"cabeza": {
			"cabeza": { "name": "normal1/cabeza", "x": 50.56, "y": 1.7, "rotation": -90.09, "width": 137, "height": 104 }
		},
		"normal/pie1": {
			"pie2": { "name": "normal1/pie1", "x": -5.33, "y": 0.89, "scaleX": -1, "rotation": -180, "width": 33, "height": 17 }
		},
		"pie1": {
			"pie1": { "name": "normal1/pie1", "x": 8.82, "y": 0.66, "rotation": -179.99, "width": 33, "height": 17 }
		},
		"pie2": {
			"pie2": { "name": "normal1/pie2", "x": 6.47, "y": -1.21, "width": 33, "height": 17 }
		},
		"pierna1": {
			"pierna1": { "name": "normal1/pierna1", "x": 9.95, "y": 0.24, "rotation": 87.37, "width": 11, "height": 24 }
		},
		"pierna2": {
			"pierna2": { "name": "normal1/pierna2", "x": 9.22, "y": 0.38, "rotation": 93.22, "width": 11, "height": 24 }
		},
		"rodilla1": {
			"rodilla1": { "name": "normal1/rodilla1", "x": 10.36, "y": -0.75, "rotation": 90, "width": 14, "height": 22 }
		},
		"rodilla2": {
			"rodilla2": { "name": "normal1/rodilla2", "x": 9.15, "y": 0.3, "rotation": 90, "width": 14, "height": 22 }
		}
	},
	"skin3": {
		"cabeza": {
			"cabeza": { "name": "normal2/cabeza", "x": 50.56, "y": 1.7, "rotation": -90.09, "width": 136, "height": 104 }
		},
		"normal/pie1": {
			"pie2": { "name": "normal2/pie1", "x": -5.33, "y": 0.89, "scaleX": -1, "rotation": -180, "width": 33, "height": 17 }
		},
		"pie1": {
			"pie1": { "name": "normal2/pie1", "x": 8.82, "y": 0.66, "rotation": -179.99, "width": 33, "height": 17 }
		},
		"pie2": {
			"pie2": { "name": "normal2/pie2", "x": 6.47, "y": -1.21, "width": 32, "height": 17 }
		},
		"pierna1": {
			"pierna1": { "name": "normal2/pierna1", "x": 9.95, "y": 0.24, "rotation": 87.37, "width": 11, "height": 24 }
		},
		"pierna2": {
			"pierna2": { "name": "normal2/pierna2", "x": 9.22, "y": 0.38, "rotation": 93.22, "width": 11, "height": 24 }
		},
		"rodilla1": {
			"rodilla1": { "name": "normal2/rodilla1", "x": 10.36, "y": -0.75, "rotation": 90, "width": 14, "height": 22 }
		},
		"rodilla2": {
			"rodilla2": { "name": "normal2/rodilla2", "x": 9.15, "y": 0.3, "rotation": 90, "width": 14, "height": 22 }
		}
	},
	"skin4": {
		"cabeza": {
			"cabeza": { "name": "normal3/cabeza", "x": 50.56, "y": 1.7, "rotation": -90.09, "width": 137, "height": 104 }
		},
		"normal/pie1": {
			"pie2": { "name": "normal3/pie1", "x": -5.33, "y": 0.89, "scaleX": -1, "rotation": -180, "width": 32, "height": 17 }
		},
		"pie1": {
			"pie1": { "name": "normal3/pie1", "x": 8.82, "y": 0.66, "rotation": -179.99, "width": 32, "height": 17 }
		},
		"pie2": {
			"pie2": { "name": "normal3/pie2", "x": 6.47, "y": -1.21, "width": 33, "height": 17 }
		},
		"pierna1": {
			"pierna1": { "name": "normal3/pierna1", "x": 9.95, "y": 0.24, "rotation": 87.37, "width": 11, "height": 23 }
		},
		"pierna2": {
			"pierna2": { "name": "normal3/pierna2", "x": 9.22, "y": 0.38, "rotation": 93.22, "width": 11, "height": 23 }
		},
		"rodilla1": {
			"rodilla1": { "name": "normal3/rodilla1", "x": 10.36, "y": -0.75, "rotation": 90, "width": 14, "height": 22 }
		},
		"rodilla2": {
			"rodilla2": { "name": "normal3/rodilla2", "x": 9.15, "y": 0.3, "rotation": 90, "width": 14, "height": 22 }
		}
	},
	"torso1": {
		"torso": {
			"torso": { "name": "normal/torso", "x": 10.44, "y": 3.04, "rotation": -90, "width": 57, "height": 23 }
		}
	},
	"torso2": {
		"torso": {
			"torso": { "name": "normal1/torso", "x": 10.44, "y": 3.04, "rotation": -90, "width": 58, "height": 23 }
		}
	},
	"torso3": {
		"torso": {
			"torso": { "name": "normal2/torso", "x": 10.44, "y": 3.04, "rotation": -90, "width": 57, "height": 23 }
		}
	},
	"torso4": {
		"torso": {
			"torso": { "name": "normal3/torso", "x": 10.44, "y": 3.04, "rotation": -90, "width": 57, "height": 23 }
		}
	},
	"vaso": {
		"vaso": {
			"vaso": { "name": "normal/vaso", "x": 60.48, "y": -3.98, "rotation": -89.99, "width": 206, "height": 162 }
		}
	}
},
"animations": {
	"IDLE": {
		"slots": {
			"cabeza": {
				"attachment": [
					{ "time": 0, "name": "cabeza" },
					{ "time": 2, "name": "cabeza" }
				]
			},
			"copete": {
				"attachment": [
					{ "time": 0, "name": "copete" },
					{ "time": 2, "name": "copete" }
				]
			},
			"lentes": {
				"attachment": [
					{ "time": 0, "name": "lentes" },
					{ "time": 2, "name": "lentes" }
				]
			},
			"normal/pie1": {
				"attachment": [
					{ "time": 0, "name": null },
					{ "time": 2, "name": null }
				]
			},
			"ojo1": {
				"attachment": [
					{ "time": 0, "name": "ojo1" },
					{ "time": 2, "name": "ojo1" }
				]
			},
			"ojo2": {
				"attachment": [
					{ "time": 0, "name": "ojo2" },
					{ "time": 2, "name": "ojo2" }
				]
			},
			"pie1": {
				"attachment": [
					{ "time": 0, "name": "pie1" },
					{ "time": 2, "name": "pie1" }
				]
			},
			"pie2": {
				"attachment": [
					{ "time": 0, "name": "pie2" },
					{ "time": 2, "name": "pie2" }
				]
			},
			"pierna1": {
				"attachment": [
					{ "time": 0, "name": "pierna1" },
					{ "time": 2, "name": "pierna1" }
				]
			},
			"pierna2": {
				"attachment": [
					{ "time": 0, "name": "pierna2" },
					{ "time": 2, "name": "pierna2" }
				]
			},
			"rodilla1": {
				"attachment": [
					{ "time": 0, "name": "rodilla1" },
					{ "time": 2, "name": "rodilla1" }
				]
			},
			"rodilla2": {
				"attachment": [
					{ "time": 0, "name": "rodilla2" },
					{ "time": 2, "name": "rodilla2" }
				]
			},
			"torso": {
				"attachment": [
					{ "time": 0, "name": "torso" },
					{ "time": 2, "name": "torso" }
				]
			},
			"vaso": {
				"attachment": [
					{ "time": 0, "name": "vaso" },
					{ "time": 2, "name": "vaso" }
				]
			}
		},
		"bones": {
			"torso": {
				"rotate": [
					{ "time": 0, "angle": 0 }
				],
				"translate": [
					{
						"time": 0,
						"x": 0,
						"y": 0,
						"curve": [ 0.665, -1.02, 0.75, 1 ]
					},
					{
						"time": 0.5,
						"x": 0,
						"y": -7.81,
						"curve": [ 0.665, -1.02, 0.75, 1 ]
					},
					{
						"time": 1,
						"x": 0,
						"y": 0,
						"curve": [ 0.665, -1.02, 0.75, 1 ]
					},
					{
						"time": 1.5,
						"x": 0,
						"y": -7.81,
						"curve": [ 0.665, -1.02, 0.75, 1 ]
					},
					{ "time": 2, "x": 0, "y": 0 }
				],
				"scale": [
					{ "time": 0, "x": 1, "y": 1 }
				]
			},
			"cabeza": {
				"rotate": [
					{ "time": 0, "angle": 0 }
				],
				"translate": [
					{
						"time": 0,
						"x": 0,
						"y": 0,
						"curve": [ 0.25, 0, 0.629, 1.89 ]
					},
					{
						"time": 0.5,
						"x": -2.64,
						"y": 0,
						"curve": [ 0.25, 0, 0.629, 1.89 ]
					},
					{
						"time": 1,
						"x": 0,
						"y": 0,
						"curve": [ 0.25, 0, 0.629, 1.89 ]
					},
					{
						"time": 1.5,
						"x": -2.64,
						"y": 0,
						"curve": [ 0.25, 0, 0.629, 1.89 ]
					},
					{ "time": 2, "x": 0, "y": 0 }
				],
				"scale": [
					{
						"time": 0,
						"x": 1,
						"y": 1,
						"curve": [ 0.375, -1.89, 0.75, 1 ]
					},
					{
						"time": 0.5,
						"x": 0.971,
						"y": 1,
						"curve": [ 0.375, -1.89, 0.75, 1 ]
					},
					{
						"time": 1,
						"x": 1,
						"y": 1,
						"curve": [ 0.375, -1.89, 0.75, 1 ]
					},
					{
						"time": 1.5,
						"x": 0.971,
						"y": 1,
						"curve": [ 0.375, -1.89, 0.75, 1 ]
					},
					{ "time": 2, "x": 1, "y": 1 }
				]
			},
			"lentes": {
				"rotate": [
					{ "time": 0, "angle": 0 }
				],
				"translate": [
					{
						"time": 0,
						"x": 0,
						"y": 0,
						"curve": [ 0.25, 0, 0.484, 1.75 ]
					},
					{
						"time": 0.5,
						"x": -8.87,
						"y": 0,
						"curve": [ 0.25, 0, 0.484, 1.75 ]
					},
					{
						"time": 1,
						"x": 0,
						"y": 0,
						"curve": [ 0.25, 0, 0.484, 1.75 ]
					},
					{
						"time": 1.5,
						"x": -8.87,
						"y": 0,
						"curve": [ 0.25, 0, 0.484, 1.75 ]
					},
					{ "time": 2, "x": 0, "y": 0 }
				],
				"scale": [
					{
						"time": 0,
						"x": 1,
						"y": 1,
						"curve": [ 0.507, -0.69, 0.75, 1 ]
					},
					{
						"time": 0.5,
						"x": 0.913,
						"y": 1,
						"curve": [ 0.507, -0.69, 0.75, 1 ]
					},
					{
						"time": 1,
						"x": 1,
						"y": 1,
						"curve": [ 0.507, -0.69, 0.75, 1 ]
					},
					{
						"time": 1.5,
						"x": 0.913,
						"y": 1,
						"curve": [ 0.507, -0.69, 0.75, 1 ]
					},
					{ "time": 2, "x": 1, "y": 1 }
				]
			},
			"ojo1": {
				"rotate": [
					{ "time": 0, "angle": 0 }
				],
				"translate": [
					{ "time": 0, "x": 0, "y": 0 }
				],
				"scale": [
					{ "time": 0, "x": 1, "y": 1, "curve": "stepped" },
					{
						"time": 0.9,
						"x": 1,
						"y": 1,
						"curve": [ 0.25, 0, 0.263, 1 ]
					},
					{
						"time": 1.0666,
						"x": 0.192,
						"y": 1,
						"curve": [ 0.25, 0, 0.263, 1 ]
					},
					{ "time": 1.2, "x": 1, "y": 1 }
				]
			},
			"ojo2": {
				"rotate": [
					{ "time": 0, "angle": 0 }
				],
				"translate": [
					{ "time": 0, "x": 0, "y": 0 }
				],
				"scale": [
					{ "time": 0, "x": 1, "y": 1, "curve": "stepped" },
					{
						"time": 0.9,
						"x": 1,
						"y": 1,
						"curve": [ 0.25, 0, 0.362, 1 ]
					},
					{
						"time": 1.0666,
						"x": 0.174,
						"y": 1,
						"curve": [ 0.25, 0, 0.152, 1 ]
					},
					{ "time": 1.2, "x": 1, "y": 1 }
				]
			},
			"copete": {
				"rotate": [
					{ "time": 0, "angle": 0 }
				],
				"translate": [
					{
						"time": 0,
						"x": 0,
						"y": 0,
						"curve": [ 0.25, 0, 0.505, 1.37 ]
					},
					{
						"time": 0.5,
						"x": -14.47,
						"y": 0,
						"curve": [ 0.25, 0, 0.505, 1.37 ]
					},
					{
						"time": 1,
						"x": 0,
						"y": 0,
						"curve": [ 0.25, 0, 0.505, 1.37 ]
					},
					{
						"time": 1.5,
						"x": -14.47,
						"y": 0,
						"curve": [ 0.25, 0, 0.505, 1.37 ]
					},
					{ "time": 2, "x": 0, "y": 0 }
				],
				"scale": [
					{ "time": 0, "x": 1, "y": 1 }
				]
			},
			"pierna2": {
				"rotate": [
					{
						"time": 0,
						"angle": 0,
						"curve": [ 0.665, -1.02, 0.75, 1 ]
					},
					{
						"time": 0.5,
						"angle": 15.71,
						"curve": [ 0.665, -1.02, 0.75, 1 ]
					},
					{
						"time": 1,
						"angle": 0,
						"curve": [ 0.665, -1.02, 0.75, 1 ]
					},
					{
						"time": 1.5,
						"angle": 15.71,
						"curve": [ 0.665, -1.02, 0.75, 1 ]
					},
					{ "time": 2, "angle": 0 }
				],
				"translate": [
					{
						"time": 0,
						"x": 0,
						"y": 0,
						"curve": [ 0.665, -1.02, 0.75, 1 ]
					},
					{
						"time": 0.5,
						"x": 0,
						"y": -2.55,
						"curve": [ 0.665, -1.02, 0.75, 1 ]
					},
					{
						"time": 1,
						"x": 0,
						"y": 0,
						"curve": [ 0.665, -1.02, 0.75, 1 ]
					},
					{
						"time": 1.5,
						"x": 0,
						"y": -2.55,
						"curve": [ 0.665, -1.02, 0.75, 1 ]
					},
					{ "time": 2, "x": 0, "y": 0 }
				],
				"scale": [
					{ "time": 0, "x": 1, "y": 1 }
				]
			},
			"pierna1": {
				"rotate": [
					{
						"time": 0,
						"angle": 0,
						"curve": [ 0.665, -1.02, 0.75, 1 ]
					},
					{
						"time": 0.5,
						"angle": -383.82,
						"curve": [ 0.665, -1.02, 0.75, 1 ]
					},
					{
						"time": 1,
						"angle": 0,
						"curve": [ 0.665, -1.02, 0.75, 1 ]
					},
					{
						"time": 1.5,
						"angle": -383.82,
						"curve": [ 0.665, -1.02, 0.75, 1 ]
					},
					{ "time": 2, "angle": 0 }
				],
				"translate": [
					{
						"time": 0,
						"x": 0,
						"y": 0,
						"curve": [ 0.665, -1.02, 0.75, 1 ]
					},
					{
						"time": 0.5,
						"x": 0,
						"y": -2.27,
						"curve": [ 0.665, -1.02, 0.75, 1 ]
					},
					{
						"time": 1,
						"x": 0,
						"y": 0,
						"curve": [ 0.665, -1.02, 0.75, 1 ]
					},
					{
						"time": 1.5,
						"x": 0,
						"y": -2.27,
						"curve": [ 0.665, -1.02, 0.75, 1 ]
					},
					{ "time": 2, "x": 0, "y": 0 }
				],
				"scale": [
					{ "time": 0, "x": 1, "y": 1 }
				]
			},
			"rodilla2": {
				"rotate": [
					{
						"time": 0,
						"angle": 0,
						"curve": [ 0.665, -1.02, 0.75, 1 ]
					},
					{
						"time": 0.5,
						"angle": -391.66,
						"curve": [ 0.665, -1.02, 0.75, 1 ]
					},
					{
						"time": 1,
						"angle": 0,
						"curve": [ 0.665, -1.02, 0.75, 1 ]
					},
					{
						"time": 1.5,
						"angle": -391.66,
						"curve": [ 0.665, -1.02, 0.75, 1 ]
					},
					{ "time": 2, "angle": 0 }
				],
				"translate": [
					{ "time": 0, "x": 0, "y": 0 }
				],
				"scale": [
					{ "time": 0, "x": 1, "y": 1 }
				]
			},
			"pie2": {
				"rotate": [
					{
						"time": 0,
						"angle": 0,
						"curve": [ 0.665, -1.02, 0.75, 1 ]
					},
					{
						"time": 0.5,
						"angle": -344.2,
						"curve": [ 0.665, -1.02, 0.75, 1 ]
					},
					{
						"time": 1,
						"angle": 0,
						"curve": [ 0.665, -1.02, 0.75, 1 ]
					},
					{
						"time": 1.5,
						"angle": -344.2,
						"curve": [ 0.665, -1.02, 0.75, 1 ]
					},
					{ "time": 2, "angle": 0 }
				],
				"translate": [
					{ "time": 0, "x": 0, "y": 0 }
				],
				"scale": [
					{ "time": 0, "x": 1, "y": 1 }
				]
			},
			"rodilla1": {
				"rotate": [
					{
						"time": 0,
						"angle": 0,
						"curve": [ 0.665, -1.02, 0.75, 1 ]
					},
					{
						"time": 0.5,
						"angle": -319.63,
						"curve": [ 0.665, -1.02, 0.75, 1 ]
					},
					{
						"time": 1,
						"angle": 0,
						"curve": [ 0.665, -1.02, 0.75, 1 ]
					},
					{
						"time": 1.5,
						"angle": -319.63,
						"curve": [ 0.665, -1.02, 0.75, 1 ]
					},
					{ "time": 2, "angle": 0 }
				],
				"translate": [
					{ "time": 0, "x": 0, "y": 0 }
				],
				"scale": [
					{ "time": 0, "x": 1, "y": 1 }
				]
			},
			"pie1": {
				"rotate": [
					{
						"time": 0,
						"angle": 0,
						"curve": [ 0.665, -1.02, 0.75, 1 ]
					},
					{
						"time": 0.5,
						"angle": -376.95,
						"curve": [ 0.665, -1.02, 0.75, 1 ]
					},
					{
						"time": 1,
						"angle": 0,
						"curve": [ 0.665, -1.02, 0.75, 1 ]
					},
					{
						"time": 1.5,
						"angle": -376.95,
						"curve": [ 0.665, -1.02, 0.75, 1 ]
					},
					{ "time": 2, "angle": 0 }
				],
				"translate": [
					{ "time": 0, "x": 0, "y": 0 }
				],
				"scale": [
					{ "time": 0, "x": 1, "y": 1 }
				]
			},
			"root": {
				"rotate": [
					{ "time": 0, "angle": 0 }
				],
				"translate": [
					{ "time": 0, "x": 0, "y": 0 }
				],
				"scale": [
					{ "time": 0, "x": 1, "y": 1 }
				]
			},
			"vaso": {
				"rotate": [
					{ "time": 0, "angle": 0 }
				],
				"translate": [
					{
						"time": 0,
						"x": 0,
						"y": 0,
						"curve": [ 0.524, -0.53, 0.75, 1 ]
					},
					{
						"time": 0.5,
						"x": 0,
						"y": -12.64,
						"curve": [ 0.524, -0.53, 0.75, 1 ]
					},
					{
						"time": 1,
						"x": 0,
						"y": 0,
						"curve": [ 0.524, -0.53, 0.75, 1 ]
					},
					{
						"time": 1.5,
						"x": 0,
						"y": -12.64,
						"curve": [ 0.524, -0.53, 0.75, 1 ]
					},
					{ "time": 2, "x": 0, "y": 0 }
				],
				"scale": [
					{
						"time": 0,
						"x": 1,
						"y": 1,
						"curve": [ 0.25, 0, 0.549, 1.52 ]
					},
					{
						"time": 0.5,
						"x": 0.933,
						"y": 1,
						"curve": [ 0.25, 0, 0.549, 1.52 ]
					},
					{
						"time": 1,
						"x": 1,
						"y": 1,
						"curve": [ 0.25, 0, 0.549, 1.52 ]
					},
					{
						"time": 1.5,
						"x": 0.933,
						"y": 1,
						"curve": [ 0.25, 0, 0.549, 1.52 ]
					},
					{ "time": 2, "x": 1, "y": 1 }
				]
			}
		},
		"drawOrder": [
			{ "time": 0 },
			{ "time": 2 }
		]
	},
	"LOSE": {
		"slots": {
			"cabeza": {
				"attachment": [
					{ "time": 0, "name": "cabeza" },
					{ "time": 2, "name": "cabeza" }
				]
			},
			"copete": {
				"attachment": [
					{ "time": 0, "name": "copete" },
					{ "time": 2, "name": "copete" }
				]
			},
			"lentes": {
				"attachment": [
					{ "time": 0, "name": "lentes" },
					{ "time": 2, "name": "lentes" }
				]
			},
			"normal/pie1": {
				"attachment": [
					{ "time": 0, "name": null },
					{ "time": 2, "name": null }
				]
			},
			"ojo1": {
				"attachment": [
					{ "time": 0, "name": "ojo1" },
					{ "time": 2, "name": "ojo1" }
				]
			},
			"ojo2": {
				"attachment": [
					{ "time": 0, "name": "ojo2" },
					{ "time": 2, "name": "ojo2" }
				]
			},
			"pie1": {
				"attachment": [
					{ "time": 0, "name": "pie1" },
					{ "time": 2, "name": "pie1" }
				]
			},
			"pie2": {
				"attachment": [
					{ "time": 0, "name": "pie2" },
					{ "time": 2, "name": "pie2" }
				]
			},
			"pierna1": {
				"attachment": [
					{ "time": 0, "name": "pierna1" },
					{ "time": 2, "name": "pierna1" }
				]
			},
			"pierna2": {
				"attachment": [
					{ "time": 0, "name": "pierna2" },
					{ "time": 2, "name": "pierna2" }
				]
			},
			"rodilla1": {
				"attachment": [
					{ "time": 0, "name": "rodilla1" },
					{ "time": 2, "name": "rodilla1" }
				]
			},
			"rodilla2": {
				"attachment": [
					{ "time": 0, "name": "rodilla2" },
					{ "time": 2, "name": "rodilla2" }
				]
			},
			"torso": {
				"attachment": [
					{ "time": 0, "name": "torso" },
					{ "time": 2, "name": "torso" }
				]
			},
			"vaso": {
				"attachment": [
					{ "time": 0, "name": "vaso" },
					{ "time": 2, "name": "vaso" }
				]
			}
		},
		"bones": {
			"lentes": {
				"rotate": [
					{ "time": 0, "angle": 0 }
				],
				"translate": [
					{
						"time": 0,
						"x": 0,
						"y": 0,
						"curve": [ 0.25, 0, 0.484, 1.75 ]
					},
					{
						"time": 0.5,
						"x": -8.87,
						"y": 0,
						"curve": [ 0.25, 0, 0.484, 1.75 ]
					},
					{
						"time": 1,
						"x": 0,
						"y": 0,
						"curve": [ 0.25, 0, 0.484, 1.75 ]
					},
					{
						"time": 1.5,
						"x": -8.87,
						"y": 0,
						"curve": [ 0.25, 0, 0.484, 1.75 ]
					},
					{ "time": 2, "x": 0, "y": 0 }
				],
				"scale": [
					{
						"time": 0,
						"x": 1,
						"y": 1,
						"curve": [ 0.507, -0.69, 0.75, 1 ]
					},
					{
						"time": 0.5,
						"x": 0.913,
						"y": 1,
						"curve": [ 0.507, -0.69, 0.75, 1 ]
					},
					{
						"time": 1,
						"x": 1,
						"y": 1,
						"curve": [ 0.507, -0.69, 0.75, 1 ]
					},
					{
						"time": 1.5,
						"x": 0.913,
						"y": 1,
						"curve": [ 0.507, -0.69, 0.75, 1 ]
					},
					{ "time": 2, "x": 1, "y": 1 }
				]
			},
			"cabeza": {
				"rotate": [
					{
						"time": 0,
						"angle": 8.32,
						"curve": [ 0.434, -0.53, 0.75, 1 ]
					},
					{
						"time": 1,
						"angle": -7.8,
						"curve": [ 0.434, -0.53, 0.75, 1 ]
					},
					{ "time": 2, "angle": 8.32 }
				],
				"translate": [
					{
						"time": 0,
						"x": 0,
						"y": 0,
						"curve": [ 0.25, 0, 0.629, 1.89 ]
					},
					{
						"time": 0.5,
						"x": -2.64,
						"y": 0,
						"curve": [ 0.25, 0, 0.629, 1.89 ]
					},
					{
						"time": 1,
						"x": 0,
						"y": 0,
						"curve": [ 0.25, 0, 0.629, 1.89 ]
					},
					{
						"time": 1.5,
						"x": -2.64,
						"y": 0,
						"curve": [ 0.25, 0, 0.629, 1.89 ]
					},
					{ "time": 2, "x": 0, "y": 0 }
				],
				"scale": [
					{
						"time": 0,
						"x": 1,
						"y": 1,
						"curve": [ 0.375, -1.89, 0.75, 1 ]
					},
					{
						"time": 0.5,
						"x": 0.971,
						"y": 1,
						"curve": [ 0.375, -1.89, 0.75, 1 ]
					},
					{
						"time": 1,
						"x": 1,
						"y": 1,
						"curve": [ 0.375, -1.89, 0.75, 1 ]
					},
					{
						"time": 1.5,
						"x": 0.971,
						"y": 1,
						"curve": [ 0.375, -1.89, 0.75, 1 ]
					},
					{ "time": 2, "x": 1, "y": 1 }
				]
			},
			"vaso": {
				"rotate": [
					{ "time": 0, "angle": 0 }
				],
				"translate": [
					{
						"time": 0,
						"x": 0,
						"y": 0,
						"curve": [ 0.524, -0.53, 0.75, 1 ]
					},
					{
						"time": 0.5,
						"x": 0,
						"y": -12.64,
						"curve": [ 0.524, -0.53, 0.75, 1 ]
					},
					{
						"time": 1,
						"x": 0,
						"y": 0,
						"curve": [ 0.524, -0.53, 0.75, 1 ]
					},
					{
						"time": 1.5,
						"x": 0,
						"y": -12.64,
						"curve": [ 0.524, -0.53, 0.75, 1 ]
					},
					{ "time": 2, "x": 0, "y": 0 }
				],
				"scale": [
					{
						"time": 0,
						"x": 1,
						"y": 1,
						"curve": [ 0.25, 0, 0.549, 1.52 ]
					},
					{
						"time": 0.5,
						"x": 0.933,
						"y": 1,
						"curve": [ 0.25, 0, 0.549, 1.52 ]
					},
					{
						"time": 1,
						"x": 1,
						"y": 1,
						"curve": [ 0.25, 0, 0.549, 1.52 ]
					},
					{
						"time": 1.5,
						"x": 0.933,
						"y": 1,
						"curve": [ 0.25, 0, 0.549, 1.52 ]
					},
					{ "time": 2, "x": 1, "y": 1 }
				]
			},
			"root": {
				"rotate": [
					{ "time": 0, "angle": 0 }
				],
				"translate": [
					{ "time": 0, "x": 0, "y": 0 }
				],
				"scale": [
					{ "time": 0, "x": 1, "y": 1 }
				]
			},
			"rodilla1": {
				"rotate": [
					{
						"time": 0,
						"angle": 0,
						"curve": [ 0.665, -1.02, 0.75, 1 ]
					},
					{
						"time": 0.5,
						"angle": -319.63,
						"curve": [ 0.665, -1.02, 0.75, 1 ]
					},
					{
						"time": 1,
						"angle": 0,
						"curve": [ 0.665, -1.02, 0.75, 1 ]
					},
					{
						"time": 1.5,
						"angle": -319.63,
						"curve": [ 0.665, -1.02, 0.75, 1 ]
					},
					{ "time": 2, "angle": 0 }
				],
				"translate": [
					{ "time": 0, "x": 0, "y": 0 }
				],
				"scale": [
					{ "time": 0, "x": 1, "y": 1 }
				]
			},
			"copete": {
				"rotate": [
					{ "time": 0, "angle": 0 }
				],
				"translate": [
					{
						"time": 0,
						"x": 0,
						"y": 0,
						"curve": [ 0.25, 0, 0.505, 1.37 ]
					},
					{
						"time": 0.5,
						"x": -14.47,
						"y": 0,
						"curve": [ 0.25, 0, 0.505, 1.37 ]
					},
					{
						"time": 1,
						"x": 0,
						"y": 0,
						"curve": [ 0.25, 0, 0.505, 1.37 ]
					},
					{
						"time": 1.5,
						"x": -14.47,
						"y": 0,
						"curve": [ 0.25, 0, 0.505, 1.37 ]
					},
					{ "time": 2, "x": 0, "y": 0 }
				],
				"scale": [
					{ "time": 0, "x": 1, "y": 1 }
				]
			},
			"rodilla2": {
				"rotate": [
					{
						"time": 0,
						"angle": 0,
						"curve": [ 0.665, -1.02, 0.75, 1 ]
					},
					{
						"time": 0.5,
						"angle": -391.66,
						"curve": [ 0.665, -1.02, 0.75, 1 ]
					},
					{
						"time": 1,
						"angle": 0,
						"curve": [ 0.665, -1.02, 0.75, 1 ]
					},
					{
						"time": 1.5,
						"angle": -391.66,
						"curve": [ 0.665, -1.02, 0.75, 1 ]
					},
					{ "time": 2, "angle": 0 }
				],
				"translate": [
					{ "time": 0, "x": 0, "y": 0 }
				],
				"scale": [
					{ "time": 0, "x": 1, "y": 1 }
				]
			},
			"pie2": {
				"rotate": [
					{
						"time": 0,
						"angle": 0,
						"curve": [ 0.665, -1.02, 0.75, 1 ]
					},
					{
						"time": 0.5,
						"angle": -344.2,
						"curve": [ 0.665, -1.02, 0.75, 1 ]
					},
					{
						"time": 1,
						"angle": 0,
						"curve": [ 0.665, -1.02, 0.75, 1 ]
					},
					{
						"time": 1.5,
						"angle": -344.2,
						"curve": [ 0.665, -1.02, 0.75, 1 ]
					},
					{ "time": 2, "angle": 0 }
				],
				"translate": [
					{ "time": 0, "x": 0, "y": 0 }
				],
				"scale": [
					{ "time": 0, "x": 1, "y": 1 }
				]
			},
			"pie1": {
				"rotate": [
					{
						"time": 0,
						"angle": 0,
						"curve": [ 0.665, -1.02, 0.75, 1 ]
					},
					{
						"time": 0.5,
						"angle": -376.95,
						"curve": [ 0.665, -1.02, 0.75, 1 ]
					},
					{
						"time": 1,
						"angle": 0,
						"curve": [ 0.665, -1.02, 0.75, 1 ]
					},
					{
						"time": 1.5,
						"angle": -376.95,
						"curve": [ 0.665, -1.02, 0.75, 1 ]
					},
					{ "time": 2, "angle": 0 }
				],
				"translate": [
					{ "time": 0, "x": 0, "y": 0 }
				],
				"scale": [
					{ "time": 0, "x": 1, "y": 1 }
				]
			},
			"pierna1": {
				"rotate": [
					{
						"time": 0,
						"angle": 0,
						"curve": [ 0.665, -1.02, 0.75, 1 ]
					},
					{
						"time": 0.5,
						"angle": -383.82,
						"curve": [ 0.665, -1.02, 0.75, 1 ]
					},
					{
						"time": 1,
						"angle": 0,
						"curve": [ 0.665, -1.02, 0.75, 1 ]
					},
					{
						"time": 1.5,
						"angle": -383.82,
						"curve": [ 0.665, -1.02, 0.75, 1 ]
					},
					{ "time": 2, "angle": 0 }
				],
				"translate": [
					{
						"time": 0,
						"x": 0,
						"y": 0,
						"curve": [ 0.665, -1.02, 0.75, 1 ]
					},
					{
						"time": 0.5,
						"x": 0,
						"y": -2.27,
						"curve": [ 0.665, -1.02, 0.75, 1 ]
					},
					{
						"time": 1,
						"x": 0,
						"y": 0,
						"curve": [ 0.665, -1.02, 0.75, 1 ]
					},
					{
						"time": 1.5,
						"x": 0,
						"y": -2.27,
						"curve": [ 0.665, -1.02, 0.75, 1 ]
					},
					{ "time": 2, "x": 0, "y": 0 }
				],
				"scale": [
					{ "time": 0, "x": 1, "y": 1 }
				]
			},
			"ojo1": {
				"rotate": [
					{ "time": 0, "angle": 0 }
				],
				"translate": [
					{ "time": 0, "x": 0, "y": 0 }
				],
				"scale": [
					{ "time": 0, "x": 1, "y": 1, "curve": "stepped" },
					{
						"time": 0.6,
						"x": 1,
						"y": 1,
						"curve": [ 0.25, 0, 0.263, 1 ]
					},
					{
						"time": 0.7666,
						"x": 0.192,
						"y": 1,
						"curve": [ 0.25, 0, 0.263, 1 ]
					},
					{ "time": 0.9, "x": 1, "y": 1 }
				]
			},
			"torso": {
				"rotate": [
					{ "time": 0, "angle": 0 }
				],
				"translate": [
					{
						"time": 0,
						"x": 0.04,
						"y": -4.99,
						"curve": [ 0.542, -0.54, 0.75, 1 ]
					},
					{
						"time": 0.5,
						"x": 0,
						"y": -7.81,
						"curve": [ 0.542, -0.54, 0.75, 1 ]
					},
					{
						"time": 1,
						"x": 0.04,
						"y": -4.99,
						"curve": [ 0.542, -0.54, 0.75, 1 ]
					},
					{
						"time": 1.5,
						"x": 0,
						"y": -7.81,
						"curve": [ 0.542, -0.54, 0.75, 1 ]
					},
					{ "time": 2, "x": 0.04, "y": -4.99 }
				],
				"scale": [
					{ "time": 0, "x": 1, "y": 1 }
				]
			},
			"pierna2": {
				"rotate": [
					{
						"time": 0,
						"angle": 0,
						"curve": [ 0.665, -1.02, 0.75, 1 ]
					},
					{
						"time": 0.5,
						"angle": 15.71,
						"curve": [ 0.665, -1.02, 0.75, 1 ]
					},
					{
						"time": 1,
						"angle": 0,
						"curve": [ 0.665, -1.02, 0.75, 1 ]
					},
					{
						"time": 1.5,
						"angle": 15.71,
						"curve": [ 0.665, -1.02, 0.75, 1 ]
					},
					{ "time": 2, "angle": 0 }
				],
				"translate": [
					{
						"time": 0,
						"x": 0,
						"y": 0,
						"curve": [ 0.665, -1.02, 0.75, 1 ]
					},
					{
						"time": 0.5,
						"x": 0,
						"y": -2.55,
						"curve": [ 0.665, -1.02, 0.75, 1 ]
					},
					{
						"time": 1,
						"x": 0,
						"y": 0,
						"curve": [ 0.665, -1.02, 0.75, 1 ]
					},
					{
						"time": 1.5,
						"x": 0,
						"y": -2.55,
						"curve": [ 0.665, -1.02, 0.75, 1 ]
					},
					{ "time": 2, "x": 0, "y": 0 }
				],
				"scale": [
					{ "time": 0, "x": 1, "y": 1 }
				]
			},
			"ojo2": {
				"rotate": [
					{ "time": 0, "angle": 0 }
				],
				"translate": [
					{ "time": 0, "x": 0, "y": 0 }
				],
				"scale": [
					{ "time": 0, "x": 1, "y": 1, "curve": "stepped" },
					{
						"time": 0.6,
						"x": 1,
						"y": 1,
						"curve": [ 0.25, 0, 0.362, 1 ]
					},
					{
						"time": 0.7666,
						"x": 0.174,
						"y": 1,
						"curve": [ 0.25, 0, 0.152, 1 ]
					},
					{ "time": 0.9, "x": 1, "y": 1 }
				]
			}
		},
		"drawOrder": [
			{ "time": 0 },
			{ "time": 2 }
		]
	},
	"RUN": {
		"slots": {
			"cabeza": {
				"attachment": [
					{ "time": 0, "name": "cabeza" },
					{ "time": 1, "name": "cabeza" }
				]
			},
			"copete": {
				"attachment": [
					{ "time": 0, "name": "copete" },
					{ "time": 1, "name": "copete" }
				]
			},
			"lentes": {
				"attachment": [
					{ "time": 0, "name": "lentes" },
					{ "time": 1, "name": "lentes" }
				]
			},
			"normal/pie1": {
				"attachment": [
					{ "time": 0, "name": "pie2" },
					{ "time": 1, "name": "pie2" }
				]
			},
			"ojo1": {
				"attachment": [
					{ "time": 0, "name": "ojo1" },
					{ "time": 1, "name": "ojo1" }
				]
			},
			"ojo2": {
				"attachment": [
					{ "time": 0, "name": "ojo2" },
					{ "time": 1, "name": "ojo2" }
				]
			},
			"pie1": {
				"attachment": [
					{ "time": 0, "name": null },
					{ "time": 1, "name": null }
				]
			},
			"pie2": {
				"attachment": [
					{ "time": 0, "name": "pie2" },
					{ "time": 1, "name": "pie2" }
				]
			},
			"pierna1": {
				"attachment": [
					{ "time": 0, "name": "pierna1" },
					{ "time": 1, "name": "pierna1" }
				]
			},
			"pierna2": {
				"attachment": [
					{ "time": 0, "name": "pierna2" },
					{ "time": 1, "name": "pierna2" }
				]
			},
			"rodilla1": {
				"attachment": [
					{ "time": 0, "name": "rodilla1" },
					{ "time": 1, "name": "rodilla1" }
				]
			},
			"rodilla2": {
				"attachment": [
					{ "time": 0, "name": "rodilla2" },
					{ "time": 1, "name": "rodilla2" }
				]
			},
			"torso": {
				"attachment": [
					{ "time": 0, "name": "torso" },
					{ "time": 1, "name": "torso" }
				]
			},
			"vaso": {
				"attachment": [
					{ "time": 0, "name": "vaso" }
				]
			}
		},
		"bones": {
			"cabeza": {
				"rotate": [
					{ "time": 0, "angle": 0 }
				],
				"translate": [
					{
						"time": 0,
						"x": 0,
						"y": 0,
						"curve": [ 0.25, 0, 0.629, 1.89 ]
					},
					{
						"time": 0.2666,
						"x": -3.57,
						"y": 0.22,
						"curve": [ 0.25, 0, 0.629, 1.89 ]
					},
					{
						"time": 0.5,
						"x": 0,
						"y": 0,
						"curve": [ 0.25, 0, 0.629, 1.89 ]
					},
					{
						"time": 0.7666,
						"x": -3.57,
						"y": 0.22,
						"curve": [ 0.25, 0, 0.629, 1.89 ]
					},
					{ "time": 1, "x": 0, "y": 0 }
				],
				"scale": [
					{
						"time": 0,
						"x": 1,
						"y": 1,
						"curve": [ 0.395, -0.87, 0.75, 1 ]
					},
					{
						"time": 0.2666,
						"x": 0.971,
						"y": 1,
						"curve": [ 0.395, -0.87, 0.75, 1 ]
					},
					{
						"time": 0.5,
						"x": 1,
						"y": 1,
						"curve": [ 0.395, -0.87, 0.75, 1 ]
					},
					{
						"time": 0.7666,
						"x": 0.971,
						"y": 1,
						"curve": [ 0.395, -0.87, 0.75, 1 ]
					},
					{ "time": 1, "x": 1, "y": 1 }
				]
			},
			"copete": {
				"rotate": [
					{
						"time": 0,
						"angle": 5.82,
						"curve": [ 0.25, 0, 0.528, 1.58 ]
					},
					{
						"time": 0.2666,
						"angle": -5.22,
						"curve": [ 0.25, 0, 0.528, 1.58 ]
					},
					{
						"time": 0.5,
						"angle": 5.82,
						"curve": [ 0.25, 0, 0.528, 1.58 ]
					},
					{
						"time": 0.7666,
						"angle": -5.22,
						"curve": [ 0.25, 0, 0.528, 1.58 ]
					},
					{ "time": 1, "angle": 5.82 }
				],
				"translate": [
					{
						"time": 0,
						"x": 0,
						"y": 0,
						"curve": [ 0.25, 0, 0.505, 1.37 ]
					},
					{
						"time": 0.2666,
						"x": -13.26,
						"y": 0.47,
						"curve": [ 0.25, 0, 0.505, 1.37 ]
					},
					{
						"time": 0.5,
						"x": 0,
						"y": 0,
						"curve": [ 0.25, 0, 0.505, 1.37 ]
					},
					{
						"time": 0.7666,
						"x": -13.26,
						"y": 0.47,
						"curve": [ 0.25, 0, 0.505, 1.37 ]
					},
					{ "time": 1, "x": 0, "y": 0 }
				],
				"scale": [
					{ "time": 0, "x": 1, "y": 1 }
				]
			},
			"ojo2": {
				"rotate": [
					{ "time": 0, "angle": 0 }
				],
				"translate": [
					{ "time": 0, "x": -3.74, "y": -13.69 }
				],
				"scale": [
					{ "time": 0, "x": 1, "y": 1, "curve": "stepped" },
					{
						"time": 0.4666,
						"x": 1,
						"y": 1,
						"curve": [ 0.25, 0, 0.362, 1 ]
					},
					{
						"time": 0.5333,
						"x": 0.174,
						"y": 1,
						"curve": [ 0.25, 0, 0.152, 1 ]
					},
					{ "time": 0.6, "x": 1, "y": 1 }
				]
			},
			"lentes": {
				"rotate": [
					{ "time": 0, "angle": 0 }
				],
				"translate": [
					{
						"time": 0,
						"x": 0,
						"y": 0,
						"curve": [ 0.304, 0, 0.615, 0.6 ]
					},
					{
						"time": 0.2666,
						"x": -9.44,
						"y": -0.02,
						"curve": [ 0.25, 0, 0.511, 3.34 ]
					},
					{
						"time": 0.5,
						"x": 0,
						"y": 0,
						"curve": [ 0.25, 0, 0.511, 3.34 ]
					},
					{
						"time": 0.7666,
						"x": -9.44,
						"y": -0.02,
						"curve": [ 0.25, 0, 0.511, 3.34 ]
					},
					{ "time": 1, "x": 0, "y": 0 }
				],
				"scale": [
					{
						"time": 0,
						"x": 1,
						"y": 1,
						"curve": [ 0.507, -0.69, 0.75, 1 ]
					},
					{
						"time": 0.2666,
						"x": 0.913,
						"y": 1,
						"curve": [ 0.507, -0.69, 0.75, 1 ]
					},
					{
						"time": 0.5,
						"x": 1,
						"y": 1,
						"curve": [ 0.507, -0.69, 0.75, 1 ]
					},
					{
						"time": 0.7666,
						"x": 0.913,
						"y": 1,
						"curve": [ 0.507, -0.69, 0.75, 1 ]
					},
					{ "time": 1, "x": 1, "y": 1 }
				]
			},
			"torso": {
				"rotate": [
					{ "time": 0, "angle": -2.53 }
				],
				"translate": [
					{
						"time": 0,
						"x": 0,
						"y": 0,
						"curve": [ 0.25, 0, 0.603, 2.11 ]
					},
					{
						"time": 0.2666,
						"x": 0,
						"y": -4.59,
						"curve": [ 0.25, 0, 0.603, 2.11 ]
					},
					{
						"time": 0.5,
						"x": 0,
						"y": 0,
						"curve": [ 0.25, 0, 0.603, 2.11 ]
					},
					{
						"time": 0.7666,
						"x": 0,
						"y": -4.59,
						"curve": [ 0.25, 0, 0.603, 2.11 ]
					},
					{ "time": 1, "x": 0, "y": 0 }
				],
				"scale": [
					{ "time": 0, "x": 1, "y": 1 }
				]
			},
			"pierna1": {
				"rotate": [
					{
						"time": 0,
						"angle": -42.36,
						"curve": [ 0.25, 0, 0.598, 1.94 ]
					},
					{
						"time": 0.5,
						"angle": 14.23,
						"curve": [ 0.25, 0, 0.598, 1.94 ]
					},
					{ "time": 1, "angle": -42.36 }
				],
				"translate": [
					{ "time": 0, "x": 6.64, "y": 0.16 }
				],
				"scale": [
					{ "time": 0, "x": 1, "y": 1 }
				]
			},
			"ojo1": {
				"rotate": [
					{ "time": 0, "angle": 0 }
				],
				"translate": [
					{ "time": 0, "x": -2.83, "y": -3.77 }
				],
				"scale": [
					{ "time": 0, "x": 1, "y": 1, "curve": "stepped" },
					{
						"time": 0.4666,
						"x": 1,
						"y": 1,
						"curve": [ 0.25, 0, 0.263, 1 ]
					},
					{
						"time": 0.5333,
						"x": 0.192,
						"y": 1,
						"curve": [ 0.25, 0, 0.263, 1 ]
					},
					{ "time": 0.6, "x": 1, "y": 1 }
				]
			},
			"pierna2": {
				"rotate": [
					{
						"time": 0,
						"angle": 22.25,
						"curve": [ 0.25, 0, 0.501, 1.96 ]
					},
					{
						"time": 0.5,
						"angle": -40.8,
						"curve": [ 0.25, 0, 0.501, 1.96 ]
					},
					{ "time": 1, "angle": 22.25 }
				],
				"translate": [
					{ "time": 0, "x": -4.54, "y": -0.39 }
				],
				"scale": [
					{ "time": 0, "x": 1, "y": 1 }
				]
			},
			"pie1": {
				"rotate": [
					{
						"time": 0,
						"angle": -345.81,
						"curve": [ 0.25, 0, 0.598, 1.94 ]
					},
					{
						"time": 0.5,
						"angle": -352.02,
						"curve": [ 0.25, 0, 0.598, 1.94 ]
					},
					{ "time": 1, "angle": -345.81 }
				],
				"translate": [
					{ "time": 0, "x": 0, "y": 0 }
				],
				"scale": [
					{ "time": 0, "x": 1, "y": 1 }
				]
			},
			"root": {
				"rotate": [
					{ "time": 0, "angle": 0 }
				],
				"translate": [
					{ "time": 0, "x": 0, "y": 0 }
				],
				"scale": [
					{ "time": 0, "x": 1, "y": 1 }
				]
			},
			"rodilla2": {
				"rotate": [
					{ "time": 0, "angle": 0 }
				],
				"translate": [
					{ "time": 0, "x": 0, "y": 0 }
				],
				"scale": [
					{ "time": 0, "x": 1, "y": 1 }
				]
			},
			"pie2": {
				"rotate": [
					{ "time": 0, "angle": 0 }
				],
				"translate": [
					{ "time": 0, "x": 0, "y": 0 }
				],
				"scale": [
					{ "time": 0, "x": 1, "y": 1 }
				]
			},
			"rodilla1": {
				"rotate": [
					{
						"time": 0,
						"angle": -388.22,
						"curve": [ 0.25, 0, 0.598, 1.94 ]
					},
					{
						"time": 0.5,
						"angle": -349.2,
						"curve": [ 0.25, 0, 0.598, 1.94 ]
					},
					{ "time": 1, "angle": -388.22 }
				],
				"translate": [
					{ "time": 0, "x": 0, "y": 0 }
				],
				"scale": [
					{ "time": 0, "x": 1, "y": 1 }
				]
			},
			"vaso": {
				"rotate": [
					{ "time": 0, "angle": -2.91 }
				],
				"translate": [
					{
						"time": 0,
						"x": 6.26,
						"y": 3.13,
						"curve": [ 0.408, -1.08, 0.75, 1 ]
					},
					{
						"time": 0.2666,
						"x": 8.59,
						"y": -10.43,
						"curve": [ 0.25, 0, 0.66, 1.69 ]
					},
					{
						"time": 0.5,
						"x": 6.75,
						"y": 0,
						"curve": [ 0.25, 0, 0.66, 1.69 ]
					},
					{
						"time": 0.7666,
						"x": 8.59,
						"y": -10.43,
						"curve": [ 0.25, 0, 0.66, 1.69 ]
					},
					{ "time": 1, "x": 6.75, "y": 0 }
				],
				"scale": [
					{
						"time": 0,
						"x": 1,
						"y": 1,
						"curve": [ 0.408, -1.08, 0.75, 1 ]
					},
					{
						"time": 0.2666,
						"x": 0.913,
						"y": 1,
						"curve": [ 0.457, -0.98, 0.75, 1 ]
					},
					{
						"time": 0.5,
						"x": 1,
						"y": 1,
						"curve": [ 0.457, -0.98, 0.75, 1 ]
					},
					{
						"time": 0.7666,
						"x": 0.913,
						"y": 1,
						"curve": [ 0.457, -0.98, 0.75, 1 ]
					},
					{ "time": 1, "x": 1, "y": 1 }
				]
			}
		},
		"drawOrder": [
			{ "time": 0 },
			{ "time": 1 }
		]
	}
}
}