{"frames": [

{
	"filename": "bomb",
	"frame": {"x":254,"y":180,"w":70,"h":62},
	"rotated": false,
	"trimmed": false,
	"spriteSourceSize": {"x":0,"y":0,"w":70,"h":62},
	"sourceSize": {"w":70,"h":62},
	"pivot": {"x":0.5,"y":0.5}
},
{
	"filename": "boton",
	"frame": {"x":1,"y":1,"w":174,"h":144},
	"rotated": false,
	"trimmed": false,
	"spriteSourceSize": {"x":0,"y":0,"w":174,"h":144},
	"sourceSize": {"w":174,"h":144},
	"pivot": {"x":0.5,"y":0.5}
},
{
	"filename": "chip",
	"frame": {"x":279,"y":1,"w":108,"h":83},
	"rotated": false,
	"trimmed": false,
	"spriteSourceSize": {"x":0,"y":0,"w":108,"h":83},
	"sourceSize": {"w":108,"h":83},
	"pivot": {"x":0.5,"y":0.5}
},
{
	"filename": "coin",
	"frame": {"x":326,"y":180,"w":68,"h":70},
	"rotated": false,
	"trimmed": false,
	"spriteSourceSize": {"x":0,"y":0,"w":68,"h":70},
	"sourceSize": {"w":68,"h":70},
	"pivot": {"x":0.5,"y":0.5}
},
{
	"filename": "drop",
	"frame": {"x":130,"y":190,"w":63,"h":64},
	"rotated": false,
	"trimmed": true,
	"spriteSourceSize": {"x":0,"y":0,"w":63,"h":64},
	"sourceSize": {"w":64,"h":64},
	"pivot": {"x":0.5,"y":0.5}
},
{
	"filename": "dropPart",
	"frame": {"x":642,"y":1,"w":119,"h":61},
	"rotated": false,
	"trimmed": true,
	"spriteSourceSize": {"x":2,"y":2,"w":119,"h":61},
	"sourceSize": {"w":128,"h":68},
	"pivot": {"x":0.5,"y":0.5}
},
{
	"filename": "gomita1",
	"frame": {"x":473,"y":66,"w":52,"h":84},
	"rotated": false,
	"trimmed": false,
	"spriteSourceSize": {"x":0,"y":0,"w":52,"h":84},
	"sourceSize": {"w":52,"h":84},
	"pivot": {"x":0.5,"y":0.5}
},
{
	"filename": "gomita2",
	"frame": {"x":730,"y":64,"w":52,"h":84},
	"rotated": false,
	"trimmed": false,
	"spriteSourceSize": {"x":0,"y":0,"w":52,"h":84},
	"sourceSize": {"w":52,"h":84},
	"pivot": {"x":0.5,"y":0.5}
},
{
	"filename": "gomita3",
	"frame": {"x":451,"y":152,"w":53,"h":83},
	"rotated": false,
	"trimmed": false,
	"spriteSourceSize": {"x":0,"y":0,"w":53,"h":83},
	"sourceSize": {"w":53,"h":83},
	"pivot": {"x":0.5,"y":0.5}
},
{
	"filename": "gomita4",
	"frame": {"x":396,"y":151,"w":53,"h":84},
	"rotated": false,
	"trimmed": false,
	"spriteSourceSize": {"x":0,"y":0,"w":53,"h":84},
	"sourceSize": {"w":53,"h":84},
	"pivot": {"x":0.5,"y":0.5}
},
{
	"filename": "gomita5",
	"frame": {"x":506,"y":152,"w":52,"h":84},
	"rotated": false,
	"trimmed": false,
	"spriteSourceSize": {"x":0,"y":0,"w":52,"h":84},
	"sourceSize": {"w":52,"h":84},
	"pivot": {"x":0.5,"y":0.5}
},
{
	"filename": "gomita6",
	"frame": {"x":560,"y":150,"w":52,"h":84},
	"rotated": false,
	"trimmed": false,
	"spriteSourceSize": {"x":0,"y":0,"w":52,"h":84},
	"sourceSize": {"w":52,"h":84},
	"pivot": {"x":0.5,"y":0.5}
},
{
	"filename": "heartsempty",
	"frame": {"x":614,"y":216,"w":49,"h":39},
	"rotated": false,
	"trimmed": false,
	"spriteSourceSize": {"x":0,"y":0,"w":49,"h":39},
	"sourceSize": {"w":49,"h":39},
	"pivot": {"x":0.5,"y":0.5}
},
{
	"filename": "heartsfull",
	"frame": {"x":665,"y":216,"w":49,"h":39},
	"rotated": false,
	"trimmed": false,
	"spriteSourceSize": {"x":0,"y":0,"w":49,"h":39},
	"sourceSize": {"w":49,"h":39},
	"pivot": {"x":0.5,"y":0.5}
},
{
	"filename": "life_box",
	"frame": {"x":177,"y":96,"w":105,"h":41},
	"rotated": false,
	"trimmed": false,
	"spriteSourceSize": {"x":0,"y":0,"w":105,"h":41},
	"sourceSize": {"w":105,"h":41},
	"pivot": {"x":0.5,"y":0.5}
},
{
	"filename": "mango",
	"frame": {"x":599,"y":64,"w":64,"h":84},
	"rotated": false,
	"trimmed": false,
	"spriteSourceSize": {"x":0,"y":0,"w":64,"h":84},
	"sourceSize": {"w":64,"h":84},
	"pivot": {"x":0.5,"y":0.5}
},
{
	"filename": "peanut",
	"frame": {"x":195,"y":139,"w":57,"h":83},
	"rotated": false,
	"trimmed": false,
	"spriteSourceSize": {"x":0,"y":0,"w":57,"h":83},
	"sourceSize": {"w":57,"h":83},
	"pivot": {"x":0.5,"y":0.5}
},
{
	"filename": "pina",
	"frame": {"x":389,"y":66,"w":82,"h":83},
	"rotated": false,
	"trimmed": false,
	"spriteSourceSize": {"x":0,"y":0,"w":82,"h":83},
	"sourceSize": {"w":82,"h":83},
	"pivot": {"x":0.5,"y":0.5}
},
{
	"filename": "skwinkle",
	"frame": {"x":665,"y":64,"w":63,"h":83},
	"rotated": false,
	"trimmed": false,
	"spriteSourceSize": {"x":0,"y":0,"w":63,"h":83},
	"sourceSize": {"w":63,"h":83},
	"pivot": {"x":0.5,"y":0.5}
},
{
	"filename": "smoke",
	"frame": {"x":177,"y":1,"w":100,"h":93},
	"rotated": false,
	"trimmed": false,
	"spriteSourceSize": {"x":0,"y":0,"w":100,"h":93},
	"sourceSize": {"w":100,"h":93},
	"pivot": {"x":0.5,"y":0.5}
},
{
	"filename": "smokePart",
	"frame": {"x":1,"y":190,"w":127,"h":63},
	"rotated": false,
	"trimmed": true,
	"spriteSourceSize": {"x":0,"y":0,"w":127,"h":63},
	"sourceSize": {"w":128,"h":68},
	"pivot": {"x":0.5,"y":0.5}
},
{
	"filename": "star",
	"frame": {"x":614,"y":150,"w":64,"h":64},
	"rotated": false,
	"trimmed": false,
	"spriteSourceSize": {"x":0,"y":0,"w":64,"h":64},
	"sourceSize": {"w":64,"h":64},
	"pivot": {"x":0.5,"y":0.5}
},
{
	"filename": "starPart",
	"frame": {"x":389,"y":1,"w":124,"h":63},
	"rotated": false,
	"trimmed": true,
	"spriteSourceSize": {"x":0,"y":0,"w":124,"h":63},
	"sourceSize": {"w":128,"h":68},
	"pivot": {"x":0.5,"y":0.5}
},
{
	"filename": "takis",
	"frame": {"x":527,"y":63,"w":70,"h":83},
	"rotated": false,
	"trimmed": false,
	"spriteSourceSize": {"x":0,"y":0,"w":70,"h":83},
	"sourceSize": {"w":70,"h":83},
	"pivot": {"x":0.5,"y":0.5}
},
{
	"filename": "vaso",
	"frame": {"x":284,"y":86,"w":86,"h":92},
	"rotated": false,
	"trimmed": false,
	"spriteSourceSize": {"x":0,"y":0,"w":86,"h":92},
	"sourceSize": {"w":86,"h":92},
	"pivot": {"x":0.5,"y":0.5}
},
{
	"filename": "wrong",
	"frame": {"x":680,"y":150,"w":64,"h":64},
	"rotated": false,
	"trimmed": false,
	"spriteSourceSize": {"x":0,"y":0,"w":64,"h":64},
	"sourceSize": {"w":64,"h":64},
	"pivot": {"x":0.5,"y":0.5}
},
{
	"filename": "wrongPart",
	"frame": {"x":515,"y":1,"w":125,"h":60},
	"rotated": false,
	"trimmed": true,
	"spriteSourceSize": {"x":0,"y":1,"w":125,"h":60},
	"sourceSize": {"w":128,"h":68},
	"pivot": {"x":0.5,"y":0.5}
},
{
	"filename": "xpcoins",
	"frame": {"x":1,"y":147,"w":165,"h":41},
	"rotated": false,
	"trimmed": false,
	"spriteSourceSize": {"x":0,"y":0,"w":165,"h":41},
	"sourceSize": {"w":165,"h":41},
	"pivot": {"x":0.5,"y":0.5}
}],
"meta": {
	"app": "http://www.codeandweb.com/texturepacker",
	"version": "1.0",
	"image": "atlas.png",
	"format": "RGBA8888",
	"size": {"w":783,"h":256},
	"scale": "1",
	"smartupdate": "$TexturePacker:SmartUpdate:065336f213459b98a55b7efea0d9ce78:bf0062154fbd1db71f612fe55c5c2a9e:cbce6b53f0f49e0bf15173c25c41f876$"
}
}
