{"frames": [

{
	"filename": "balloons",
	"frame": {"x":475,"y":385,"w":57,"h":44},
	"rotated": false,
	"trimmed": false,
	"spriteSourceSize": {"x":0,"y":0,"w":57,"h":44},
	"sourceSize": {"w":57,"h":44},
	"pivot": {"x":0.5,"y":0.5}
},
{
	"filename": "blue_plat",
	"frame": {"x":453,"y":431,"w":106,"h":39},
	"rotated": false,
	"trimmed": false,
	"spriteSourceSize": {"x":0,"y":0,"w":106,"h":39},
	"sourceSize": {"w":106,"h":39},
	"pivot": {"x":0.5,"y":0.5}
},
{
	"filename": "dashboard",
	"frame": {"x":1,"y":1,"w":592,"h":275},
	"rotated": false,
	"trimmed": false,
	"spriteSourceSize": {"x":0,"y":0,"w":592,"h":275},
	"sourceSize": {"w":592,"h":275},
	"pivot": {"x":0.5,"y":0.5}
},
{
	"filename": "left_idle",
	"frame": {"x":317,"y":278,"w":156,"h":148},
	"rotated": false,
	"trimmed": false,
	"spriteSourceSize": {"x":0,"y":0,"w":156,"h":148},
	"sourceSize": {"w":156,"h":148},
	"pivot": {"x":0.5,"y":0.5}
},
{
	"filename": "left_press",
	"frame": {"x":1,"y":278,"w":156,"h":149},
	"rotated": false,
	"trimmed": false,
	"spriteSourceSize": {"x":0,"y":0,"w":156,"h":149},
	"sourceSize": {"w":156,"h":149},
	"pivot": {"x":0.5,"y":0.5}
},
{
	"filename": "life_box",
	"frame": {"x":168,"y":429,"w":105,"h":41},
	"rotated": false,
	"trimmed": false,
	"spriteSourceSize": {"x":0,"y":0,"w":105,"h":41},
	"sourceSize": {"w":105,"h":41},
	"pivot": {"x":0.5,"y":0.5}
},
{
	"filename": "meizy",
	"frame": {"x":475,"y":278,"w":84,"h":105},
	"rotated": false,
	"trimmed": false,
	"spriteSourceSize": {"x":0,"y":0,"w":84,"h":105},
	"sourceSize": {"w":84,"h":105},
	"pivot": {"x":0.5,"y":0.5}
},
{
	"filename": "orange_plat",
	"frame": {"x":317,"y":428,"w":134,"h":47},
	"rotated": false,
	"trimmed": false,
	"spriteSourceSize": {"x":0,"y":0,"w":134,"h":47},
	"sourceSize": {"w":134,"h":47},
	"pivot": {"x":0.5,"y":0.5}
},
{
	"filename": "right_idle",
	"frame": {"x":595,"y":1,"w":156,"h":149},
	"rotated": false,
	"trimmed": false,
	"spriteSourceSize": {"x":0,"y":0,"w":156,"h":149},
	"sourceSize": {"w":156,"h":149},
	"pivot": {"x":0.5,"y":0.5}
},
{
	"filename": "right_press",
	"frame": {"x":159,"y":278,"w":156,"h":149},
	"rotated": false,
	"trimmed": false,
	"spriteSourceSize": {"x":0,"y":0,"w":156,"h":149},
	"sourceSize": {"w":156,"h":149},
	"pivot": {"x":0.5,"y":0.5}
},
{
	"filename": "smoke",
	"frame": {"x":595,"y":152,"w":154,"h":142},
	"rotated": false,
	"trimmed": false,
	"spriteSourceSize": {"x":0,"y":0,"w":154,"h":142},
	"sourceSize": {"w":154,"h":142},
	"pivot": {"x":0.5,"y":0.5}
},
{
	"filename": "spring",
	"frame": {"x":275,"y":429,"w":37,"h":23},
	"rotated": false,
	"trimmed": false,
	"spriteSourceSize": {"x":0,"y":0,"w":37,"h":23},
	"sourceSize": {"w":37,"h":23},
	"pivot": {"x":0.5,"y":0.5}
},
{
	"filename": "star",
	"frame": {"x":688,"y":296,"w":64,"h":64},
	"rotated": false,
	"trimmed": false,
	"spriteSourceSize": {"x":0,"y":0,"w":64,"h":64},
	"sourceSize": {"w":64,"h":64},
	"pivot": {"x":0.5,"y":0.5}
},
{
	"filename": "starPart",
	"frame": {"x":561,"y":296,"w":124,"h":63},
	"rotated": false,
	"trimmed": true,
	"spriteSourceSize": {"x":0,"y":0,"w":124,"h":63},
	"sourceSize": {"w":128,"h":68},
	"pivot": {"x":0.5,"y":0.5}
},
{
	"filename": "wrong",
	"frame": {"x":688,"y":362,"w":64,"h":64},
	"rotated": false,
	"trimmed": false,
	"spriteSourceSize": {"x":0,"y":0,"w":64,"h":64},
	"sourceSize": {"w":64,"h":64},
	"pivot": {"x":0.5,"y":0.5}
},
{
	"filename": "wrongPart",
	"frame": {"x":561,"y":361,"w":125,"h":60},
	"rotated": false,
	"trimmed": true,
	"spriteSourceSize": {"x":0,"y":1,"w":125,"h":60},
	"sourceSize": {"w":128,"h":68},
	"pivot": {"x":0.5,"y":0.5}
},
{
	"filename": "xpcoins",
	"frame": {"x":1,"y":429,"w":165,"h":41},
	"rotated": false,
	"trimmed": false,
	"spriteSourceSize": {"x":0,"y":0,"w":165,"h":41},
	"sourceSize": {"w":165,"h":41},
	"pivot": {"x":0.5,"y":0.5}
},
{
	"filename": "yellow_plat",
	"frame": {"x":561,"y":423,"w":105,"h":39},
	"rotated": false,
	"trimmed": false,
	"spriteSourceSize": {"x":0,"y":0,"w":105,"h":39},
	"sourceSize": {"w":105,"h":39},
	"pivot": {"x":0.5,"y":0.5}
}],
"meta": {
	"app": "http://www.codeandweb.com/texturepacker",
	"version": "1.0",
	"image": "atlas.png",
	"format": "RGBA8888",
	"size": {"w":753,"h":476},
	"scale": "1",
	"smartupdate": "$TexturePacker:SmartUpdate:5e3ebc825229703f70634d16df155fff:7cab6d918deffa8160ee53e3fdb95807:cbce6b53f0f49e0bf15173c25c41f876$"
}
}
