{"frames": [

{
	"filename": "1",
	"frame": {"x":1099,"y":323,"w":42,"h":34},
	"rotated": false,
	"trimmed": false,
	"spriteSourceSize": {"x":0,"y":0,"w":42,"h":34},
	"sourceSize": {"w":42,"h":34},
	"pivot": {"x":0.5,"y":0.5}
},
{
	"filename": "2",
	"frame": {"x":1042,"y":376,"w":53,"h":50},
	"rotated": false,
	"trimmed": false,
	"spriteSourceSize": {"x":0,"y":0,"w":53,"h":50},
	"sourceSize": {"w":53,"h":50},
	"pivot": {"x":0.5,"y":0.5}
},
{
	"filename": "3",
	"frame": {"x":963,"y":382,"w":77,"h":67},
	"rotated": false,
	"trimmed": false,
	"spriteSourceSize": {"x":0,"y":0,"w":77,"h":67},
	"sourceSize": {"w":77,"h":67},
	"pivot": {"x":0.5,"y":0.5}
},
{
	"filename": "4",
	"frame": {"x":1070,"y":323,"w":27,"h":43},
	"rotated": false,
	"trimmed": false,
	"spriteSourceSize": {"x":0,"y":0,"w":27,"h":43},
	"sourceSize": {"w":27,"h":43},
	"pivot": {"x":0.5,"y":0.5}
},
{
	"filename": "5",
	"frame": {"x":1001,"y":323,"w":67,"h":51},
	"rotated": false,
	"trimmed": false,
	"spriteSourceSize": {"x":0,"y":0,"w":67,"h":51},
	"sourceSize": {"w":67,"h":51},
	"pivot": {"x":0.5,"y":0.5}
},
{
	"filename": "6",
	"frame": {"x":893,"y":454,"w":52,"h":56},
	"rotated": false,
	"trimmed": false,
	"spriteSourceSize": {"x":0,"y":0,"w":52,"h":56},
	"sourceSize": {"w":52,"h":56},
	"pivot": {"x":0.5,"y":0.5}
},
{
	"filename": "amazing",
	"frame": {"x":1097,"y":408,"w":120,"h":33},
	"rotated": false,
	"trimmed": true,
	"spriteSourceSize": {"x":0,"y":1,"w":120,"h":33},
	"sourceSize": {"w":120,"h":34},
	"pivot": {"x":0.5,"y":0.5}
},
{
	"filename": "boton",
	"frame": {"x":947,"y":454,"w":196,"h":54},
	"rotated": false,
	"trimmed": true,
	"spriteSourceSize": {"x":35,"y":5,"w":196,"h":54},
	"sourceSize": {"w":256,"h":60},
	"pivot": {"x":0.5,"y":0.5}
},
{
	"filename": "cerrar",
	"frame": {"x":1097,"y":368,"w":38,"h":38},
	"rotated": false,
	"trimmed": true,
	"spriteSourceSize": {"x":13,"y":13,"w":38,"h":38},
	"sourceSize": {"w":64,"h":64},
	"pivot": {"x":0.5,"y":0.5}
},
{
	"filename": "coin",
	"frame": {"x":893,"y":382,"w":68,"h":70},
	"rotated": false,
	"trimmed": false,
	"spriteSourceSize": {"x":0,"y":0,"w":68,"h":70},
	"sourceSize": {"w":68,"h":70},
	"pivot": {"x":0.5,"y":0.5}
},
{
	"filename": "compartir",
	"frame": {"x":1001,"y":193,"w":236,"h":63},
	"rotated": false,
	"trimmed": false,
	"spriteSourceSize": {"x":0,"y":0,"w":236,"h":63},
	"sourceSize": {"w":236,"h":63},
	"pivot": {"x":0.5,"y":0.5}
},
{
	"filename": "fondo",
	"frame": {"x":1,"y":1,"w":462,"h":510},
	"rotated": false,
	"trimmed": true,
	"spriteSourceSize": {"x":25,"y":1,"w":462,"h":510},
	"sourceSize": {"w":512,"h":512},
	"pivot": {"x":0.5,"y":0.5}
},
{
	"filename": "fondo_result",
	"frame": {"x":465,"y":1,"w":534,"h":379},
	"rotated": false,
	"trimmed": true,
	"spriteSourceSize": {"x":0,"y":0,"w":534,"h":379},
	"sourceSize": {"w":534,"h":389},
	"pivot": {"x":0.5,"y":0.5}
},
{
	"filename": "iphoneIcon",
	"frame": {"x":1001,"y":1,"w":242,"h":190},
	"rotated": false,
	"trimmed": true,
	"spriteSourceSize": {"x":7,"y":40,"w":242,"h":190},
	"sourceSize": {"w":256,"h":256},
	"pivot": {"x":0.5,"y":0.5}
},
{
	"filename": "r0",
	"frame": {"x":669,"y":382,"w":100,"h":115},
	"rotated": false,
	"trimmed": true,
	"spriteSourceSize": {"x":0,"y":4,"w":100,"h":115},
	"sourceSize": {"w":100,"h":125},
	"pivot": {"x":0.5,"y":0.5}
},
{
	"filename": "r1",
	"frame": {"x":567,"y":382,"w":100,"h":125},
	"rotated": false,
	"trimmed": false,
	"spriteSourceSize": {"x":0,"y":0,"w":100,"h":125},
	"sourceSize": {"w":100,"h":125},
	"pivot": {"x":0.5,"y":0.5}
},
{
	"filename": "r2",
	"frame": {"x":465,"y":382,"w":100,"h":127},
	"rotated": false,
	"trimmed": false,
	"spriteSourceSize": {"x":0,"y":0,"w":100,"h":127},
	"sourceSize": {"w":100,"h":127},
	"pivot": {"x":0.5,"y":0.5}
},
{
	"filename": "r3",
	"frame": {"x":771,"y":382,"w":120,"h":108},
	"rotated": false,
	"trimmed": false,
	"spriteSourceSize": {"x":0,"y":0,"w":120,"h":108},
	"sourceSize": {"w":120,"h":108},
	"pivot": {"x":0.5,"y":0.5}
},
{
	"filename": "reintentar",
	"frame": {"x":1001,"y":258,"w":236,"h":63},
	"rotated": false,
	"trimmed": false,
	"spriteSourceSize": {"x":0,"y":0,"w":236,"h":63},
	"sourceSize": {"w":236,"h":63},
	"pivot": {"x":0.5,"y":0.5}
}],
"meta": {
	"app": "http://www.codeandweb.com/texturepacker",
	"version": "1.0",
	"image": "atlas.png",
	"format": "RGBA8888",
	"size": {"w":1244,"h":512},
	"scale": "1",
	"smartupdate": "$TexturePacker:SmartUpdate:dd78e7a9159ebe8730e78a2064963c6b:fbfa8019feca136b014f9c03d8a5dedc:cbce6b53f0f49e0bf15173c25c41f876$"
}
}
