{
"skeleton": { "hash": "glQV0coGRrrr+TJJx9HEG4sEzDA", "spine": "3.3.07", "width": 115.99, "height": 170.01, "images": "" },
"bones": [
	{ "name": "root" },
	{ "name": "torzo", "parent": "root", "length": 11.9, "rotation": 90, "x": 0.17, "y": 18.8, "inheritScale": false },
	{ "name": "cabeza", "parent": "torzo", "length": 57.1, "x": 9.51, "y": 0.23, "inheritScale": false },
	{ "name": "glasses", "parent": "cabeza", "length": 31.76, "x": 15.43, "y": -16.56, "inheritScale": false },
	{ "name": "agarradera_a", "parent": "glasses", "length": 20.26, "rotation": 90, "x": 17.15, "y": 39.16, "inheritScale": false },
	{ "name": "agarradera_b", "parent": "glasses", "length": 21.67, "rotation": -90, "x": 18.99, "y": -10.03, "inheritScale": false },
	{ "name": "fleco", "parent": "cabeza", "length": 25.41, "x": 52.76, "y": -15.58, "inheritScale": false },
	{ "name": "leg1", "parent": "root", "length": 9.36, "rotation": 270, "x": -7.7, "y": 27.1, "inheritScale": false },
	{ "name": "shin1", "parent": "leg1", "length": 9.37, "x": 8.77, "inheritScale": false },
	{ "name": "foot1", "parent": "shin1", "length": 11.7, "rotation": 270, "x": 12.08, "y": 0.77, "inheritScale": false },
	{ "name": "leg2", "parent": "root", "length": 8.57, "rotation": -90, "x": 8.09, "y": 26.91, "inheritScale": false },
	{ "name": "shin2", "parent": "leg2", "length": 9.16, "rotation": 360, "x": 8.18, "y": -0.19, "inheritScale": false },
	{ "name": "foot2", "parent": "shin2", "length": 11.11, "rotation": 90, "x": 12.67, "y": -0.39, "inheritScale": false },
	{ "name": "globos", "parent": "torzo", "length": 70.28, "x": 39.45, "y": 11.04, "inheritScale": false },
	{ "name": "ojo1", "parent": "glasses", "length": 7.8, "x": 13.71, "y": 23.45, "inheritScale": false },
	{ "name": "ojo2", "parent": "glasses", "length": 7.95, "x": 14.89, "y": -19.32, "inheritScale": false },
	{ "name": "pogo", "parent": "root", "length": 38.6, "rotation": 270, "x": 0.65, "y": 55.81 }
],
"slots": [
	{ "name": "globos", "bone": "globos", "attachment": "globos" },
	{ "name": "foot2", "bone": "foot2", "attachment": "foot2" },
	{ "name": "shin2", "bone": "shin2", "attachment": "shin2" },
	{ "name": "leg2", "bone": "leg2", "attachment": "leg2" },
	{ "name": "foot1", "bone": "foot1", "attachment": "foot1" },
	{ "name": "normal/foot2", "bone": "foot1" },
	{ "name": "shin1", "bone": "shin1", "attachment": "shin1" },
	{ "name": "leg1", "bone": "leg1", "attachment": "leg1" },
	{ "name": "torzo", "bone": "torzo", "attachment": "torzo" },
	{ "name": "cabeza", "bone": "cabeza", "attachment": "cabeza" },
	{ "name": "lentes", "bone": "glasses", "attachment": "lentes_c" },
	{ "name": "ojo2", "bone": "ojo2" },
	{ "name": "ojo1", "bone": "ojo1" },
	{ "name": "fleco", "bone": "fleco", "attachment": "fleco" },
	{ "name": "agarradera_b", "bone": "agarradera_b" },
	{ "name": "agarradera_a", "bone": "agarradera_a", "attachment": "agarradera_a" },
	{ "name": "pogo", "bone": "pogo", "attachment": "pogo" }
],
"skins": {
	"default": {},
	"normal": {
		"agarradera_a": {
			"agarradera_a": { "name": "normal/agarradera1", "x": 12, "y": 2.95, "rotation": -179.99, "width": 27, "height": 13 }
		},
		"agarradera_b": {
			"agarradera": { "name": "normal/agarradera2", "x": 12.48, "y": -3.54, "width": 28, "height": 13 }
		},
		"cabeza": {
			"cabeza": { "name": "normal/cabeza", "x": 33.32, "y": -1.07, "rotation": -90.09, "width": 89, "height": 67 }
		},
		"fleco": {
			"fleco": { "name": "normal/fringe", "x": 17.31, "y": -3.26, "rotation": -88.48, "width": 44, "height": 41 }
		},
		"foot1": {
			"foot1": { "name": "normal/foot1", "x": 5.92, "y": 1.45, "rotation": -179.99, "width": 21, "height": 11 }
		},
		"foot2": {
			"foot2": { "name": "normal/foot2", "x": 5.36, "y": -1.34, "width": 21, "height": 11 }
		},
		"globos": {
			"globos": { "name": "normal/globos", "x": 56.11, "y": 4.35, "rotation": -90, "width": 92, "height": 106 }
		},
		"leg1": {
			"leg1": { "name": "normal/leg1", "x": 7.93, "y": -0.21, "rotation": 87.37, "width": 7, "height": 16 }
		},
		"leg2": {
			"leg2": { "name": "normal/leg2", "x": 7.34, "rotation": 93.22, "width": 8, "height": 16 }
		},
		"lentes": {
			"lentes": { "name": "normal/glasses", "x": 16.87, "y": 0.72, "rotation": -89.99, "width": 79, "height": 42 },
			"lentes_b": { "name": "normal/glasses_a", "x": 16.87, "y": 0.72, "rotation": -89.99, "width": 79, "height": 43 },
			"lentes_c": { "name": "normal/glasses_b", "x": 16.87, "y": 0.72, "rotation": -89.99, "width": 78, "height": 42 },
			"lentes_d": { "name": "normal/glasses_c", "x": 16.87, "y": 0.72, "rotation": -89.99, "width": 79, "height": 42 }
		},
		"normal/foot2": {
			"foot2": { "name": "normal/foot2", "x": -3.85, "y": 1.31, "rotation": 180, "width": 21, "height": 11 }
		},
		"ojo1": {
			"ojo1": { "name": "normal/ojo1", "x": 3.01, "y": -0.09, "rotation": -89.99, "width": 6, "height": 6 },
			"wink1": { "name": "normal/wink1", "x": 3.03, "y": 0.63, "rotation": -90, "width": 8, "height": 5 }
		},
		"ojo2": {
			"ojo2": { "name": "normal/ojo2", "x": 3.33, "y": 0.63, "rotation": -89.99, "width": 5, "height": 6 },
			"wink2": { "name": "normal/wink2", "x": 3.68, "y": 1.02, "rotation": -89.99, "width": 8, "height": 5 }
		},
		"pogo": {
			"pogo": { "name": "normal/pogo", "x": 27.45, "y": -0.51, "rotation": 89.99, "width": 51, "height": 62 }
		},
		"shin1": {
			"shin1": { "name": "normal/shin1", "x": 5.94, "y": -0.85, "rotation": 90, "width": 10, "height": 15 }
		},
		"shin2": {
			"shin2": { "name": "normal/shin2", "x": 6.01, "y": 0.02, "rotation": 90, "width": 10, "height": 15 }
		},
		"torzo": {
			"torzo": { "name": "normal/torso", "x": 6.66, "y": 0.26, "rotation": -90, "width": 37, "height": 15 }
		}
	}
},
"animations": {
	"IDLE": {
		"slots": {
			"agarradera_a": {
				"attachment": [
					{ "time": 0, "name": "agarradera_a" },
					{ "time": 2, "name": "agarradera_a" }
				]
			},
			"agarradera_b": {
				"attachment": [
					{ "time": 0, "name": null },
					{ "time": 2, "name": null }
				]
			},
			"cabeza": {
				"attachment": [
					{ "time": 0, "name": "cabeza" },
					{ "time": 2, "name": "cabeza" }
				]
			},
			"fleco": {
				"attachment": [
					{ "time": 0, "name": "fleco" },
					{ "time": 2, "name": "fleco" }
				]
			},
			"foot1": {
				"attachment": [
					{ "time": 0, "name": null },
					{ "time": 2, "name": null }
				]
			},
			"foot2": {
				"attachment": [
					{ "time": 0, "name": "foot2" },
					{ "time": 2, "name": "foot2" }
				]
			},
			"globos": {
				"attachment": [
					{ "time": 0, "name": null },
					{ "time": 2, "name": null }
				]
			},
			"leg1": {
				"attachment": [
					{ "time": 0, "name": "leg1" },
					{ "time": 2, "name": "leg1" }
				]
			},
			"leg2": {
				"attachment": [
					{ "time": 0, "name": "leg2" },
					{ "time": 2, "name": "leg2" }
				]
			},
			"lentes": {
				"attachment": [
					{ "time": 0, "name": "lentes" },
					{ "time": 2, "name": "lentes" }
				]
			},
			"normal/foot2": {
				"attachment": [
					{ "time": 0, "name": "foot2" },
					{ "time": 2, "name": "foot2" }
				]
			},
			"ojo1": {
				"attachment": [
					{ "time": 0, "name": "ojo1" },
					{ "time": 2, "name": "ojo1" }
				]
			},
			"ojo2": {
				"attachment": [
					{ "time": 0, "name": "ojo2" },
					{ "time": 2, "name": "ojo2" }
				]
			},
			"pogo": {
				"attachment": [
					{ "time": 0, "name": null },
					{ "time": 2, "name": null }
				]
			},
			"shin1": {
				"attachment": [
					{ "time": 0, "name": "shin1" },
					{ "time": 2, "name": "shin1" }
				]
			},
			"shin2": {
				"attachment": [
					{ "time": 0, "name": "shin2" },
					{ "time": 2, "name": "shin2" }
				]
			},
			"torzo": {
				"attachment": [
					{ "time": 0, "name": "torzo" },
					{ "time": 2, "name": "torzo" }
				]
			}
		},
		"bones": {
			"torzo": {
				"rotate": [
					{ "time": 0, "angle": 0 }
				],
				"translate": [
					{
						"time": 0,
						"x": 0,
						"y": 0,
						"curve": [ 0.665, -1.02, 0.75, 1 ]
					},
					{
						"time": 0.5,
						"x": 0,
						"y": -7.81,
						"curve": [ 0.665, -1.02, 0.75, 1 ]
					},
					{
						"time": 1,
						"x": 0,
						"y": 0,
						"curve": [ 0.665, -1.02, 0.75, 1 ]
					},
					{
						"time": 1.5,
						"x": 0,
						"y": -7.81,
						"curve": [ 0.665, -1.02, 0.75, 1 ]
					},
					{ "time": 2, "x": 0, "y": 0 }
				],
				"scale": [
					{ "time": 0, "x": 1, "y": 1 }
				]
			},
			"cabeza": {
				"rotate": [
					{ "time": 0, "angle": 0 }
				],
				"translate": [
					{
						"time": 0,
						"x": 0,
						"y": 0,
						"curve": [ 0.25, 0, 0.629, 1.89 ]
					},
					{
						"time": 0.5,
						"x": -2.64,
						"y": 0,
						"curve": [ 0.25, 0, 0.629, 1.89 ]
					},
					{
						"time": 1,
						"x": 0,
						"y": 0,
						"curve": [ 0.25, 0, 0.629, 1.89 ]
					},
					{
						"time": 1.5,
						"x": -2.64,
						"y": 0,
						"curve": [ 0.25, 0, 0.629, 1.89 ]
					},
					{ "time": 2, "x": 0, "y": 0 }
				],
				"scale": [
					{
						"time": 0,
						"x": 1,
						"y": 1,
						"curve": [ 0.375, -1.89, 0.75, 1 ]
					},
					{
						"time": 0.5,
						"x": 0.971,
						"y": 1,
						"curve": [ 0.375, -1.89, 0.75, 1 ]
					},
					{
						"time": 1,
						"x": 1,
						"y": 1,
						"curve": [ 0.375, -1.89, 0.75, 1 ]
					},
					{
						"time": 1.5,
						"x": 0.971,
						"y": 1,
						"curve": [ 0.375, -1.89, 0.75, 1 ]
					},
					{ "time": 2, "x": 1, "y": 1 }
				]
			},
			"glasses": {
				"rotate": [
					{ "time": 0, "angle": 0 }
				],
				"translate": [
					{
						"time": 0,
						"x": 0,
						"y": 0,
						"curve": [ 0.25, 0, 0.484, 1.75 ]
					},
					{
						"time": 0.5,
						"x": -8.87,
						"y": 0,
						"curve": [ 0.25, 0, 0.484, 1.75 ]
					},
					{
						"time": 1,
						"x": 0,
						"y": 0,
						"curve": [ 0.25, 0, 0.484, 1.75 ]
					},
					{
						"time": 1.5,
						"x": -8.87,
						"y": 0,
						"curve": [ 0.25, 0, 0.484, 1.75 ]
					},
					{ "time": 2, "x": 0, "y": 0 }
				],
				"scale": [
					{
						"time": 0,
						"x": 1,
						"y": 1,
						"curve": [ 0.507, -0.69, 0.75, 1 ]
					},
					{
						"time": 0.5,
						"x": 0.913,
						"y": 1,
						"curve": [ 0.507, -0.69, 0.75, 1 ]
					},
					{
						"time": 1,
						"x": 1,
						"y": 1,
						"curve": [ 0.507, -0.69, 0.75, 1 ]
					},
					{
						"time": 1.5,
						"x": 0.913,
						"y": 1,
						"curve": [ 0.507, -0.69, 0.75, 1 ]
					},
					{ "time": 2, "x": 1, "y": 1 }
				]
			},
			"ojo1": {
				"rotate": [
					{ "time": 0, "angle": 0 }
				],
				"translate": [
					{ "time": 0, "x": 6.46, "y": -7.34 }
				],
				"scale": [
					{ "time": 0, "x": 1, "y": 1, "curve": "stepped" },
					{
						"time": 0.9,
						"x": 1,
						"y": 1,
						"curve": [ 0.25, 0, 0.263, 1 ]
					},
					{
						"time": 1.0666,
						"x": 0.192,
						"y": 1,
						"curve": [ 0.25, 0, 0.263, 1 ]
					},
					{ "time": 1.2, "x": 1, "y": 1 }
				]
			},
			"ojo2": {
				"rotate": [
					{ "time": 0, "angle": 0 }
				],
				"translate": [
					{ "time": 0, "x": 7.34, "y": -4.99 }
				],
				"scale": [
					{ "time": 0, "x": 1, "y": 1, "curve": "stepped" },
					{
						"time": 0.9,
						"x": 1,
						"y": 1,
						"curve": [ 0.25, 0, 0.362, 1 ]
					},
					{
						"time": 1.0666,
						"x": 0.174,
						"y": 1,
						"curve": [ 0.25, 0, 0.152, 1 ]
					},
					{ "time": 1.2, "x": 1, "y": 1 }
				]
			},
			"fleco": {
				"rotate": [
					{ "time": 0, "angle": 0 }
				],
				"translate": [
					{
						"time": 0,
						"x": 0,
						"y": 0,
						"curve": [ 0.25, 0, 0.505, 1.37 ]
					},
					{
						"time": 0.5,
						"x": -14.47,
						"y": 0,
						"curve": [ 0.25, 0, 0.505, 1.37 ]
					},
					{
						"time": 1,
						"x": 0,
						"y": 0,
						"curve": [ 0.25, 0, 0.505, 1.37 ]
					},
					{
						"time": 1.5,
						"x": -14.47,
						"y": 0,
						"curve": [ 0.25, 0, 0.505, 1.37 ]
					},
					{ "time": 2, "x": 0, "y": 0 }
				],
				"scale": [
					{ "time": 0, "x": 1, "y": 1 }
				]
			},
			"leg2": {
				"rotate": [
					{
						"time": 0,
						"angle": 0,
						"curve": [ 0.665, -1.02, 0.75, 1 ]
					},
					{
						"time": 0.5,
						"angle": 15.71,
						"curve": [ 0.665, -1.02, 0.75, 1 ]
					},
					{
						"time": 1,
						"angle": 0,
						"curve": [ 0.665, -1.02, 0.75, 1 ]
					},
					{
						"time": 1.5,
						"angle": 15.71,
						"curve": [ 0.665, -1.02, 0.75, 1 ]
					},
					{ "time": 2, "angle": 0 }
				],
				"translate": [
					{
						"time": 0,
						"x": 0,
						"y": 0,
						"curve": [ 0.665, -1.02, 0.75, 1 ]
					},
					{
						"time": 0.5,
						"x": 0,
						"y": -2.55,
						"curve": [ 0.665, -1.02, 0.75, 1 ]
					},
					{
						"time": 1,
						"x": 0,
						"y": 0,
						"curve": [ 0.665, -1.02, 0.75, 1 ]
					},
					{
						"time": 1.5,
						"x": 0,
						"y": -2.55,
						"curve": [ 0.665, -1.02, 0.75, 1 ]
					},
					{ "time": 2, "x": 0, "y": 0 }
				],
				"scale": [
					{ "time": 0, "x": 1, "y": 1 }
				]
			},
			"leg1": {
				"rotate": [
					{
						"time": 0,
						"angle": 0,
						"curve": [ 0.52, -0.67, 0.75, 1 ]
					},
					{
						"time": 0.5,
						"angle": -350.52,
						"curve": [ 0.52, -0.67, 0.75, 1 ]
					},
					{
						"time": 1,
						"angle": 0,
						"curve": [ 0.52, -0.67, 0.75, 1 ]
					},
					{
						"time": 1.5,
						"angle": -350.52,
						"curve": [ 0.52, -0.67, 0.75, 1 ]
					},
					{ "time": 2, "angle": 0 }
				],
				"translate": [
					{
						"time": 0,
						"x": 0,
						"y": 0,
						"curve": [ 0.665, -1.02, 0.75, 1 ]
					},
					{
						"time": 0.5,
						"x": 0,
						"y": -2.27,
						"curve": [ 0.665, -1.02, 0.75, 1 ]
					},
					{
						"time": 1,
						"x": 0,
						"y": 0,
						"curve": [ 0.665, -1.02, 0.75, 1 ]
					},
					{
						"time": 1.5,
						"x": 0,
						"y": -2.27,
						"curve": [ 0.665, -1.02, 0.75, 1 ]
					},
					{ "time": 2, "x": 0, "y": 0 }
				],
				"scale": [
					{ "time": 0, "x": 1, "y": 1 }
				]
			},
			"agarradera_a": {
				"rotate": [
					{ "time": 0, "angle": 0 }
				],
				"translate": [
					{ "time": 0, "x": 0, "y": 0 }
				],
				"scale": [
					{ "time": 0, "x": 1, "y": 1 }
				]
			},
			"agarradera_b": {
				"rotate": [
					{ "time": 0, "angle": 0 }
				],
				"translate": [
					{ "time": 0, "x": 0, "y": -26.24 }
				],
				"scale": [
					{ "time": 0, "x": 0, "y": 1 }
				]
			},
			"shin2": {
				"rotate": [
					{
						"time": 0,
						"angle": 0,
						"curve": [ 0.665, -1.02, 0.75, 1 ]
					},
					{
						"time": 0.5,
						"angle": -391.66,
						"curve": [ 0.665, -1.02, 0.75, 1 ]
					},
					{
						"time": 1,
						"angle": 0,
						"curve": [ 0.665, -1.02, 0.75, 1 ]
					},
					{
						"time": 1.5,
						"angle": -391.66,
						"curve": [ 0.665, -1.02, 0.75, 1 ]
					},
					{ "time": 2, "angle": 0 }
				],
				"translate": [
					{ "time": 0, "x": 0, "y": 0 }
				],
				"scale": [
					{ "time": 0, "x": 1, "y": 1 }
				]
			},
			"foot2": {
				"rotate": [
					{
						"time": 0,
						"angle": 0,
						"curve": [ 0.665, -1.02, 0.75, 1 ]
					},
					{
						"time": 0.5,
						"angle": -344.2,
						"curve": [ 0.665, -1.02, 0.75, 1 ]
					},
					{
						"time": 1,
						"angle": 0,
						"curve": [ 0.665, -1.02, 0.75, 1 ]
					},
					{
						"time": 1.5,
						"angle": -344.2,
						"curve": [ 0.665, -1.02, 0.75, 1 ]
					},
					{ "time": 2, "angle": 0 }
				],
				"translate": [
					{ "time": 0, "x": 0, "y": 0 }
				],
				"scale": [
					{ "time": 0, "x": 1, "y": 1 }
				]
			},
			"shin1": {
				"rotate": [
					{
						"time": 0,
						"angle": 0,
						"curve": [ 0.665, -1.02, 0.75, 1 ]
					},
					{
						"time": 0.5,
						"angle": -22.5,
						"curve": [ 0.665, -1.02, 0.75, 1 ]
					},
					{
						"time": 1,
						"angle": 0,
						"curve": [ 0.665, -1.02, 0.75, 1 ]
					},
					{
						"time": 1.5,
						"angle": -22.5,
						"curve": [ 0.665, -1.02, 0.75, 1 ]
					},
					{ "time": 2, "angle": 0 }
				],
				"translate": [
					{ "time": 0, "x": 0, "y": 0 }
				],
				"scale": [
					{ "time": 0, "x": 1, "y": 1 }
				]
			},
			"foot1": {
				"rotate": [
					{
						"time": 0,
						"angle": 0,
						"curve": [ 0.665, -1.02, 0.75, 1 ]
					},
					{
						"time": 0.5,
						"angle": -348.07,
						"curve": [ 0.665, -1.02, 0.75, 1 ]
					},
					{
						"time": 1,
						"angle": 0,
						"curve": [ 0.665, -1.02, 0.75, 1 ]
					},
					{
						"time": 1.5,
						"angle": -348.07,
						"curve": [ 0.665, -1.02, 0.75, 1 ]
					},
					{ "time": 2, "angle": 0 }
				],
				"translate": [
					{ "time": 0, "x": 0, "y": 0 }
				],
				"scale": [
					{ "time": 0, "x": 1, "y": 1 }
				]
			},
			"root": {
				"rotate": [
					{ "time": 0, "angle": 0 }
				],
				"translate": [
					{ "time": 0, "x": 0, "y": 0 }
				],
				"scale": [
					{ "time": 0, "x": 1, "y": 1 }
				]
			}
		},
		"drawOrder": [
			{ "time": 0 },
			{ "time": 2 }
		]
	},
	"JUMP": {
		"slots": {
			"agarradera_a": {
				"attachment": [
					{ "time": 0, "name": "agarradera_a" },
					{ "time": 0.5, "name": "agarradera_a" }
				]
			},
			"agarradera_b": {
				"attachment": [
					{ "time": 0, "name": null },
					{ "time": 0.5, "name": null }
				]
			},
			"cabeza": {
				"attachment": [
					{ "time": 0, "name": "cabeza" },
					{ "time": 0.5, "name": "cabeza" }
				]
			},
			"fleco": {
				"attachment": [
					{ "time": 0, "name": "fleco" },
					{ "time": 0.5, "name": "fleco" }
				]
			},
			"foot1": {
				"attachment": [
					{ "time": 0, "name": null },
					{ "time": 0.2333, "name": null },
					{ "time": 0.5, "name": null }
				]
			},
			"foot2": {
				"attachment": [
					{ "time": 0, "name": "foot2" },
					{ "time": 0.2333, "name": "foot2" },
					{ "time": 0.5, "name": "foot2" }
				]
			},
			"globos": {
				"attachment": [
					{ "time": 0, "name": null },
					{ "time": 0.5, "name": null }
				]
			},
			"leg1": {
				"attachment": [
					{ "time": 0, "name": "leg1" },
					{ "time": 0.2333, "name": "leg1" },
					{ "time": 0.5, "name": "leg1" }
				]
			},
			"leg2": {
				"attachment": [
					{ "time": 0, "name": "leg2" },
					{ "time": 0.2333, "name": "leg2" },
					{ "time": 0.5, "name": "leg2" }
				]
			},
			"lentes": {
				"attachment": [
					{ "time": 0, "name": "lentes" },
					{ "time": 0.5, "name": "lentes" }
				]
			},
			"normal/foot2": {
				"attachment": [
					{ "time": 0, "name": "foot2" },
					{ "time": 0.2333, "name": "foot2" },
					{ "time": 0.5, "name": "foot2" }
				]
			},
			"ojo1": {
				"attachment": [
					{ "time": 0, "name": "ojo1" },
					{ "time": 0.5, "name": "ojo1" }
				]
			},
			"ojo2": {
				"attachment": [
					{ "time": 0, "name": "ojo2" },
					{ "time": 0.5, "name": "ojo2" }
				]
			},
			"pogo": {
				"attachment": [
					{ "time": 0, "name": null },
					{ "time": 0.5, "name": null }
				]
			},
			"shin1": {
				"attachment": [
					{ "time": 0, "name": "shin1" },
					{ "time": 0.2333, "name": "shin1" },
					{ "time": 0.5, "name": "shin1" }
				]
			},
			"shin2": {
				"attachment": [
					{ "time": 0, "name": "shin2" },
					{ "time": 0.2333, "name": "shin2" },
					{ "time": 0.5, "name": "shin2" }
				]
			},
			"torzo": {
				"attachment": [
					{ "time": 0, "name": "torzo" },
					{ "time": 0.5, "name": "torzo" }
				]
			}
		},
		"bones": {
			"leg2": {
				"rotate": [
					{
						"time": 0,
						"angle": 55.36,
						"curve": [ 0.25, 0, 0.583, 1.65 ]
					},
					{
						"time": 0.2333,
						"angle": 38.34,
						"curve": [ 0.25, 0, 0.583, 1.65 ]
					},
					{ "time": 0.5, "angle": 55.36 }
				],
				"translate": [
					{ "time": 0, "x": 3.47, "y": -0.09, "curve": "stepped" },
					{ "time": 0.2333, "x": 3.47, "y": -0.09, "curve": "stepped" },
					{ "time": 0.5, "x": 3.47, "y": -0.09 }
				],
				"scale": [
					{ "time": 0, "x": 1, "y": 1, "curve": "stepped" },
					{ "time": 0.2333, "x": 1, "y": 1, "curve": "stepped" },
					{ "time": 0.5, "x": 1, "y": 1 }
				]
			},
			"leg1": {
				"rotate": [
					{
						"time": 0,
						"angle": -392.57,
						"curve": [ 0.25, 0, 0.579, 1.9 ]
					},
					{
						"time": 0.2333,
						"angle": -375.06,
						"curve": [ 0.25, 0, 0.579, 1.9 ]
					},
					{ "time": 0.5, "angle": -392.57 }
				],
				"translate": [
					{ "time": 0, "x": -1.09, "y": 4.01, "curve": "stepped" },
					{ "time": 0.2333, "x": -1.09, "y": 4.01, "curve": "stepped" },
					{ "time": 0.5, "x": -1.09, "y": 4.01 }
				],
				"scale": [
					{ "time": 0, "x": 1, "y": 1, "curve": "stepped" },
					{ "time": 0.2333, "x": 1, "y": 1, "curve": "stepped" },
					{ "time": 0.5, "x": 1, "y": 1 }
				]
			},
			"shin2": {
				"rotate": [
					{
						"time": 0,
						"angle": -356.6,
						"curve": [ 0.482, -0.95, 0.75, 1 ]
					},
					{
						"time": 0.2333,
						"angle": -378.3,
						"curve": [ 0.482, -0.95, 0.75, 1 ]
					},
					{ "time": 0.5, "angle": -356.6 }
				],
				"translate": [
					{ "time": 0, "x": 2.56, "y": -0.13, "curve": "stepped" },
					{ "time": 0.2333, "x": 2.56, "y": -0.13, "curve": "stepped" },
					{ "time": 0.5, "x": 2.56, "y": -0.13 }
				],
				"scale": [
					{ "time": 0, "x": 1, "y": 1, "curve": "stepped" },
					{ "time": 0.2333, "x": 1, "y": 1, "curve": "stepped" },
					{ "time": 0.5, "x": 1, "y": 1 }
				]
			},
			"foot2": {
				"rotate": [
					{
						"time": 0,
						"angle": 25.32,
						"curve": [ 0.25, 0, 0.51, 1.58 ]
					},
					{
						"time": 0.2333,
						"angle": 17.38,
						"curve": [ 0.25, 0, 0.51, 1.58 ]
					},
					{ "time": 0.5, "angle": 25.32 }
				],
				"translate": [
					{ "time": 0, "x": 0, "y": 0, "curve": "stepped" },
					{ "time": 0.2333, "x": 0, "y": 0, "curve": "stepped" },
					{ "time": 0.5, "x": 0, "y": 0 }
				],
				"scale": [
					{ "time": 0, "x": 1, "y": 1, "curve": "stepped" },
					{ "time": 0.2333, "x": 1, "y": 1, "curve": "stepped" },
					{ "time": 0.5, "x": 1, "y": 1 }
				]
			},
			"cabeza": {
				"rotate": [
					{
						"time": 0,
						"angle": 1.34,
						"curve": [ 0.25, 0, 0.548, 1.51 ]
					},
					{
						"time": 0.2333,
						"angle": 8.52,
						"curve": [ 0.25, 0, 0.548, 1.51 ]
					},
					{ "time": 0.5, "angle": 1.34 }
				],
				"translate": [
					{ "time": 0, "x": -1.11, "y": 0 }
				],
				"scale": [
					{
						"time": 0,
						"x": 1,
						"y": 1,
						"curve": [ 0.489, -0.76, 0.75, 1 ]
					},
					{
						"time": 0.2333,
						"x": 1.041,
						"y": 1,
						"curve": [ 0.489, -0.76, 0.75, 1 ]
					},
					{ "time": 0.5, "x": 1, "y": 1 }
				]
			},
			"shin1": {
				"rotate": [
					{
						"time": 0,
						"angle": -74.95,
						"curve": [ 0.511, -0.83, 0.75, 1 ]
					},
					{
						"time": 0.2333,
						"angle": -72,
						"curve": [ 0.511, -0.83, 0.75, 1 ]
					},
					{ "time": 0.5, "angle": -74.95 }
				],
				"translate": [
					{ "time": 0, "x": 2.16, "y": -0.09, "curve": "stepped" },
					{ "time": 0.2333, "x": 2.16, "y": -0.09, "curve": "stepped" },
					{ "time": 0.5, "x": 2.16, "y": -0.09 }
				],
				"scale": [
					{ "time": 0, "x": 1, "y": 1, "curve": "stepped" },
					{ "time": 0.2333, "x": 1, "y": 1, "curve": "stepped" },
					{ "time": 0.5, "x": 1, "y": 1 }
				]
			},
			"ojo2": {
				"rotate": [
					{ "time": 0, "angle": 0 }
				],
				"translate": [
					{ "time": 0, "x": 1.73, "y": -11.71 }
				],
				"scale": [
					{ "time": 0, "x": 1, "y": 1 }
				]
			},
			"foot1": {
				"rotate": [
					{
						"time": 0,
						"angle": -388.28,
						"curve": [ 0.25, 0, 0.563, 1.75 ]
					},
					{
						"time": 0.2333,
						"angle": -378.92,
						"curve": [ 0.25, 0, 0.563, 1.75 ]
					},
					{ "time": 0.5, "angle": -388.28 }
				],
				"translate": [
					{ "time": 0, "x": 0, "y": 0, "curve": "stepped" },
					{ "time": 0.2333, "x": 0, "y": 0, "curve": "stepped" },
					{ "time": 0.5, "x": 0, "y": 0 }
				],
				"scale": [
					{ "time": 0, "x": 1, "y": 1, "curve": "stepped" },
					{ "time": 0.2333, "x": 1, "y": 1, "curve": "stepped" },
					{ "time": 0.5, "x": 1, "y": 1 }
				]
			},
			"agarradera_b": {
				"rotate": [
					{ "time": 0, "angle": 0 }
				],
				"translate": [
					{ "time": 0, "x": -2.34, "y": -26.36 }
				],
				"scale": [
					{ "time": 0, "x": 0, "y": 1 }
				]
			},
			"ojo1": {
				"rotate": [
					{ "time": 0, "angle": 0 }
				],
				"translate": [
					{ "time": 0, "x": 1.37, "y": -10.95 }
				],
				"scale": [
					{ "time": 0, "x": 1, "y": 1 }
				]
			},
			"root": {
				"rotate": [
					{ "time": 0, "angle": 0 }
				],
				"translate": [
					{ "time": 0, "x": 0, "y": 0 }
				],
				"scale": [
					{ "time": 0, "x": 1, "y": 1 }
				]
			},
			"glasses": {
				"rotate": [
					{ "time": 0, "angle": 0 }
				],
				"translate": [
					{
						"time": 0,
						"x": 2.8,
						"y": 0,
						"curve": [ 0.378, -0.87, 0.75, 1 ]
					},
					{
						"time": 0.2333,
						"x": 9.25,
						"y": 0,
						"curve": [ 0.378, -0.87, 0.75, 1 ]
					},
					{ "time": 0.5, "x": 2.8, "y": 0 }
				],
				"scale": [
					{
						"time": 0,
						"x": 1,
						"y": 1,
						"curve": [ 0.25, 0, 0.65, 1.89 ]
					},
					{
						"time": 0.2333,
						"x": 0.851,
						"y": 1,
						"curve": [ 0.25, 0, 0.65, 1.89 ]
					},
					{ "time": 0.5, "x": 1, "y": 1 }
				]
			},
			"fleco": {
				"rotate": [
					{
						"time": 0,
						"angle": 10.5,
						"curve": [ 0.25, 0, 0.685, 1.98 ]
					},
					{
						"time": 0.2333,
						"angle": 23.09,
						"curve": [ 0.25, 0, 0.685, 1.98 ]
					},
					{ "time": 0.5, "angle": 10.5 }
				],
				"translate": [
					{ "time": 0, "x": 2.76, "y": -1.23 }
				],
				"scale": [
					{
						"time": 0,
						"x": 1,
						"y": 1,
						"curve": [ 0.522, -0.93, 0.75, 1 ]
					},
					{
						"time": 0.2333,
						"x": 1.04,
						"y": 1,
						"curve": [ 0.522, -0.93, 0.75, 1 ]
					},
					{ "time": 0.5, "x": 1, "y": 1 }
				]
			},
			"agarradera_a": {
				"rotate": [
					{ "time": 0, "angle": 0 }
				],
				"translate": [
					{ "time": 0, "x": 0, "y": 0 }
				],
				"scale": [
					{ "time": 0, "x": 1, "y": 1 }
				]
			},
			"torzo": {
				"rotate": [
					{
						"time": 0,
						"angle": -7.47,
						"curve": [ 0.25, 0, 0.501, 1.49 ]
					},
					{
						"time": 0.2333,
						"angle": -2.05,
						"curve": [ 0.25, 0, 0.501, 1.49 ]
					},
					{ "time": 0.5, "angle": -7.47 }
				],
				"translate": [
					{
						"time": 0,
						"x": 1.91,
						"y": 3,
						"curve": [ 0.613, -0.48, 0.75, 1 ]
					},
					{
						"time": 0.2333,
						"x": 1.91,
						"y": 5.08,
						"curve": [ 0.613, -0.48, 0.75, 1 ]
					},
					{ "time": 0.5, "x": 1.91, "y": 3 }
				],
				"scale": [
					{ "time": 0, "x": 1, "y": 1 }
				]
			}
		},
		"drawOrder": [
			{ "time": 0 },
			{ "time": 0.2333 },
			{ "time": 0.5 }
		]
	},
	"JUMP_BALLOONS": {
		"slots": {
			"agarradera_a": {
				"attachment": [
					{ "time": 0, "name": "agarradera_a" },
					{ "time": 0.5, "name": "agarradera_a" }
				]
			},
			"agarradera_b": {
				"attachment": [
					{ "time": 0, "name": null },
					{ "time": 0.5, "name": null }
				]
			},
			"cabeza": {
				"attachment": [
					{ "time": 0, "name": "cabeza" },
					{ "time": 0.5, "name": "cabeza" }
				]
			},
			"fleco": {
				"attachment": [
					{ "time": 0, "name": "fleco" },
					{ "time": 0.5, "name": "fleco" }
				]
			},
			"foot1": {
				"attachment": [
					{ "time": 0, "name": null },
					{ "time": 0.2333, "name": null },
					{ "time": 0.5, "name": null }
				]
			},
			"foot2": {
				"attachment": [
					{ "time": 0, "name": "foot2" },
					{ "time": 0.2333, "name": "foot2" },
					{ "time": 0.5, "name": "foot2" }
				]
			},
			"globos": {
				"attachment": [
					{ "time": 0, "name": "globos" },
					{ "time": 0.5, "name": "globos" }
				]
			},
			"leg1": {
				"attachment": [
					{ "time": 0, "name": "leg1" },
					{ "time": 0.2333, "name": "leg1" },
					{ "time": 0.5, "name": "leg1" }
				]
			},
			"leg2": {
				"attachment": [
					{ "time": 0, "name": "leg2" },
					{ "time": 0.2333, "name": "leg2" },
					{ "time": 0.5, "name": "leg2" }
				]
			},
			"lentes": {
				"attachment": [
					{ "time": 0, "name": "lentes" },
					{ "time": 0.5, "name": "lentes" }
				]
			},
			"normal/foot2": {
				"attachment": [
					{ "time": 0, "name": "foot2" },
					{ "time": 0.2333, "name": "foot2" },
					{ "time": 0.5, "name": "foot2" }
				]
			},
			"ojo1": {
				"attachment": [
					{ "time": 0, "name": "ojo1" },
					{ "time": 0.5, "name": "ojo1" }
				]
			},
			"ojo2": {
				"attachment": [
					{ "time": 0, "name": "ojo2" },
					{ "time": 0.5, "name": "ojo2" }
				]
			},
			"pogo": {
				"attachment": [
					{ "time": 0, "name": null },
					{ "time": 0.5, "name": null }
				]
			},
			"shin1": {
				"attachment": [
					{ "time": 0, "name": "shin1" },
					{ "time": 0.2333, "name": "shin1" },
					{ "time": 0.5, "name": "shin1" }
				]
			},
			"shin2": {
				"attachment": [
					{ "time": 0, "name": "shin2" },
					{ "time": 0.2333, "name": "shin2" },
					{ "time": 0.5, "name": "shin2" }
				]
			},
			"torzo": {
				"attachment": [
					{ "time": 0, "name": "torzo" },
					{ "time": 0.5, "name": "torzo" }
				]
			}
		},
		"bones": {
			"torzo": {
				"rotate": [
					{
						"time": 0,
						"angle": -7.47,
						"curve": [ 0.25, 0, 0.501, 1.49 ]
					},
					{
						"time": 0.2333,
						"angle": -2.05,
						"curve": [ 0.25, 0, 0.501, 1.49 ]
					},
					{ "time": 0.5, "angle": -7.47 }
				],
				"translate": [
					{
						"time": 0,
						"x": 1.91,
						"y": 3,
						"curve": [ 0.613, -0.48, 0.75, 1 ]
					},
					{
						"time": 0.2333,
						"x": 1.91,
						"y": 5.08,
						"curve": [ 0.613, -0.48, 0.75, 1 ]
					},
					{ "time": 0.5, "x": 1.91, "y": 3 }
				],
				"scale": [
					{ "time": 0, "x": 1, "y": 1 }
				]
			},
			"foot1": {
				"rotate": [
					{
						"time": 0,
						"angle": -388.28,
						"curve": [ 0.25, 0, 0.563, 1.75 ]
					},
					{
						"time": 0.2333,
						"angle": -378.92,
						"curve": [ 0.25, 0, 0.563, 1.75 ]
					},
					{ "time": 0.5, "angle": -388.28 }
				],
				"translate": [
					{ "time": 0, "x": 0, "y": 0, "curve": "stepped" },
					{ "time": 0.2333, "x": 0, "y": 0, "curve": "stepped" },
					{ "time": 0.5, "x": 0, "y": 0 }
				],
				"scale": [
					{ "time": 0, "x": 1, "y": 1, "curve": "stepped" },
					{ "time": 0.2333, "x": 1, "y": 1, "curve": "stepped" },
					{ "time": 0.5, "x": 1, "y": 1 }
				]
			},
			"cabeza": {
				"rotate": [
					{
						"time": 0,
						"angle": 1.34,
						"curve": [ 0.25, 0, 0.548, 1.51 ]
					},
					{
						"time": 0.2333,
						"angle": 8.52,
						"curve": [ 0.25, 0, 0.548, 1.51 ]
					},
					{ "time": 0.5, "angle": 1.34 }
				],
				"translate": [
					{ "time": 0, "x": -1.11, "y": 0 }
				],
				"scale": [
					{
						"time": 0,
						"x": 1,
						"y": 1,
						"curve": [ 0.489, -0.76, 0.75, 1 ]
					},
					{
						"time": 0.2333,
						"x": 1.041,
						"y": 1,
						"curve": [ 0.489, -0.76, 0.75, 1 ]
					},
					{ "time": 0.5, "x": 1, "y": 1 }
				]
			},
			"shin2": {
				"rotate": [
					{
						"time": 0,
						"angle": -356.6,
						"curve": [ 0.482, -0.95, 0.75, 1 ]
					},
					{
						"time": 0.2333,
						"angle": -378.3,
						"curve": [ 0.482, -0.95, 0.75, 1 ]
					},
					{ "time": 0.5, "angle": -356.6 }
				],
				"translate": [
					{ "time": 0, "x": 2.56, "y": -0.13, "curve": "stepped" },
					{ "time": 0.2333, "x": 2.56, "y": -0.13, "curve": "stepped" },
					{ "time": 0.5, "x": 2.56, "y": -0.13 }
				],
				"scale": [
					{ "time": 0, "x": 1, "y": 1, "curve": "stepped" },
					{ "time": 0.2333, "x": 1, "y": 1, "curve": "stepped" },
					{ "time": 0.5, "x": 1, "y": 1 }
				]
			},
			"foot2": {
				"rotate": [
					{
						"time": 0,
						"angle": 25.32,
						"curve": [ 0.25, 0, 0.51, 1.58 ]
					},
					{
						"time": 0.2333,
						"angle": 17.38,
						"curve": [ 0.25, 0, 0.51, 1.58 ]
					},
					{ "time": 0.5, "angle": 25.32 }
				],
				"translate": [
					{ "time": 0, "x": 0, "y": 0, "curve": "stepped" },
					{ "time": 0.2333, "x": 0, "y": 0, "curve": "stepped" },
					{ "time": 0.5, "x": 0, "y": 0 }
				],
				"scale": [
					{ "time": 0, "x": 1, "y": 1, "curve": "stepped" },
					{ "time": 0.2333, "x": 1, "y": 1, "curve": "stepped" },
					{ "time": 0.5, "x": 1, "y": 1 }
				]
			},
			"shin1": {
				"rotate": [
					{
						"time": 0,
						"angle": -74.95,
						"curve": [ 0.511, -0.83, 0.75, 1 ]
					},
					{
						"time": 0.2333,
						"angle": -72,
						"curve": [ 0.511, -0.83, 0.75, 1 ]
					},
					{ "time": 0.5, "angle": -74.95 }
				],
				"translate": [
					{ "time": 0, "x": 2.16, "y": -0.09, "curve": "stepped" },
					{ "time": 0.2333, "x": 2.16, "y": -0.09, "curve": "stepped" },
					{ "time": 0.5, "x": 2.16, "y": -0.09 }
				],
				"scale": [
					{ "time": 0, "x": 1, "y": 1, "curve": "stepped" },
					{ "time": 0.2333, "x": 1, "y": 1, "curve": "stepped" },
					{ "time": 0.5, "x": 1, "y": 1 }
				]
			},
			"glasses": {
				"rotate": [
					{ "time": 0, "angle": 0 }
				],
				"translate": [
					{
						"time": 0,
						"x": 2.8,
						"y": 0,
						"curve": [ 0.378, -0.87, 0.75, 1 ]
					},
					{
						"time": 0.2333,
						"x": 9.25,
						"y": 0,
						"curve": [ 0.378, -0.87, 0.75, 1 ]
					},
					{ "time": 0.5, "x": 2.8, "y": 0 }
				],
				"scale": [
					{
						"time": 0,
						"x": 1,
						"y": 1,
						"curve": [ 0.25, 0, 0.65, 1.89 ]
					},
					{
						"time": 0.2333,
						"x": 0.851,
						"y": 1,
						"curve": [ 0.25, 0, 0.65, 1.89 ]
					},
					{ "time": 0.5, "x": 1, "y": 1 }
				]
			},
			"globos": {
				"rotate": [
					{ "time": 0, "angle": 0 }
				],
				"translate": [
					{
						"time": 0,
						"x": 0,
						"y": 0,
						"curve": [ 0.077, 0, 0.568, 1.41 ]
					},
					{
						"time": 0.2333,
						"x": -11.6,
						"y": -0.41,
						"curve": [ 0.077, 0, 0.568, 1.41 ]
					},
					{ "time": 0.5, "x": 0, "y": 0 }
				],
				"scale": [
					{
						"time": 0,
						"x": 1,
						"y": 1,
						"curve": [ 0.482, -0.44, 0.938, 1 ]
					},
					{
						"time": 0.2333,
						"x": 1.181,
						"y": 1,
						"curve": [ 0.482, -0.44, 0.938, 1 ]
					},
					{ "time": 0.5, "x": 1, "y": 1 }
				]
			},
			"leg2": {
				"rotate": [
					{
						"time": 0,
						"angle": 55.36,
						"curve": [ 0.25, 0, 0.583, 1.65 ]
					},
					{
						"time": 0.2333,
						"angle": 38.34,
						"curve": [ 0.25, 0, 0.583, 1.65 ]
					},
					{ "time": 0.5, "angle": 55.36 }
				],
				"translate": [
					{ "time": 0, "x": 3.47, "y": -0.09, "curve": "stepped" },
					{ "time": 0.2333, "x": 3.47, "y": -0.09, "curve": "stepped" },
					{ "time": 0.5, "x": 3.47, "y": -0.09 }
				],
				"scale": [
					{ "time": 0, "x": 1, "y": 1, "curve": "stepped" },
					{ "time": 0.2333, "x": 1, "y": 1, "curve": "stepped" },
					{ "time": 0.5, "x": 1, "y": 1 }
				]
			},
			"fleco": {
				"rotate": [
					{
						"time": 0,
						"angle": 10.5,
						"curve": [ 0.25, 0, 0.685, 1.98 ]
					},
					{
						"time": 0.2333,
						"angle": 23.09,
						"curve": [ 0.25, 0, 0.685, 1.98 ]
					},
					{ "time": 0.5, "angle": 10.5 }
				],
				"translate": [
					{ "time": 0, "x": 2.76, "y": -1.23 }
				],
				"scale": [
					{
						"time": 0,
						"x": 1,
						"y": 1,
						"curve": [ 0.522, -0.93, 0.75, 1 ]
					},
					{
						"time": 0.2333,
						"x": 1.04,
						"y": 1,
						"curve": [ 0.522, -0.93, 0.75, 1 ]
					},
					{ "time": 0.5, "x": 1, "y": 1 }
				]
			},
			"ojo2": {
				"rotate": [
					{ "time": 0, "angle": 0 }
				],
				"translate": [
					{ "time": 0, "x": 1.73, "y": -11.71 }
				],
				"scale": [
					{ "time": 0, "x": 1, "y": 1 }
				]
			},
			"agarradera_a": {
				"rotate": [
					{ "time": 0, "angle": 0 }
				],
				"translate": [
					{ "time": 0, "x": 0, "y": 0 }
				],
				"scale": [
					{ "time": 0, "x": 1, "y": 1 }
				]
			},
			"leg1": {
				"rotate": [
					{
						"time": 0,
						"angle": -392.57,
						"curve": [ 0.25, 0, 0.579, 1.9 ]
					},
					{
						"time": 0.2333,
						"angle": -375.06,
						"curve": [ 0.25, 0, 0.579, 1.9 ]
					},
					{ "time": 0.5, "angle": -392.57 }
				],
				"translate": [
					{ "time": 0, "x": -1.09, "y": 4.01, "curve": "stepped" },
					{ "time": 0.2333, "x": -1.09, "y": 4.01, "curve": "stepped" },
					{ "time": 0.5, "x": -1.09, "y": 4.01 }
				],
				"scale": [
					{ "time": 0, "x": 1, "y": 1, "curve": "stepped" },
					{ "time": 0.2333, "x": 1, "y": 1, "curve": "stepped" },
					{ "time": 0.5, "x": 1, "y": 1 }
				]
			},
			"ojo1": {
				"rotate": [
					{ "time": 0, "angle": 0 }
				],
				"translate": [
					{ "time": 0, "x": 1.37, "y": -10.95 }
				],
				"scale": [
					{ "time": 0, "x": 1, "y": 1 }
				]
			},
			"agarradera_b": {
				"rotate": [
					{ "time": 0, "angle": 0 }
				],
				"translate": [
					{ "time": 0, "x": -2.34, "y": -26.36 }
				],
				"scale": [
					{ "time": 0, "x": 0, "y": 1 }
				]
			},
			"root": {
				"rotate": [
					{ "time": 0, "angle": 0 }
				],
				"translate": [
					{ "time": 0, "x": 0, "y": 0 }
				],
				"scale": [
					{ "time": 0, "x": 1, "y": 1 }
				]
			}
		},
		"drawOrder": [
			{ "time": 0 },
			{ "time": 0.2333 },
			{ "time": 0.5 }
		]
	},
	"JUMP_POGO": {
		"slots": {
			"agarradera_a": {
				"attachment": [
					{ "time": 0, "name": "agarradera_a" },
					{ "time": 0.5, "name": "agarradera_a" }
				]
			},
			"agarradera_b": {
				"attachment": [
					{ "time": 0, "name": null },
					{ "time": 0.5, "name": null }
				]
			},
			"cabeza": {
				"attachment": [
					{ "time": 0, "name": "cabeza" },
					{ "time": 0.5, "name": "cabeza" }
				]
			},
			"fleco": {
				"attachment": [
					{ "time": 0, "name": "fleco" },
					{ "time": 0.5, "name": "fleco" }
				]
			},
			"foot1": {
				"attachment": [
					{ "time": 0, "name": null },
					{ "time": 0.5, "name": null }
				]
			},
			"foot2": {
				"attachment": [
					{ "time": 0, "name": "foot2" },
					{ "time": 0.5, "name": "foot2" }
				]
			},
			"globos": {
				"attachment": [
					{ "time": 0, "name": null },
					{ "time": 0.5, "name": null }
				]
			},
			"leg1": {
				"attachment": [
					{ "time": 0, "name": "leg1" },
					{ "time": 0.5, "name": "leg1" }
				]
			},
			"leg2": {
				"attachment": [
					{ "time": 0, "name": "leg2" },
					{ "time": 0.5, "name": "leg2" }
				]
			},
			"lentes": {
				"attachment": [
					{ "time": 0, "name": "lentes" },
					{ "time": 0.5, "name": "lentes" }
				]
			},
			"normal/foot2": {
				"attachment": [
					{ "time": 0, "name": "foot2" },
					{ "time": 0.5, "name": "foot2" }
				]
			},
			"ojo1": {
				"attachment": [
					{ "time": 0, "name": "ojo1" },
					{ "time": 0.5, "name": "ojo1" }
				]
			},
			"ojo2": {
				"attachment": [
					{ "time": 0, "name": "ojo2" },
					{ "time": 0.5, "name": "ojo2" }
				]
			},
			"pogo": {
				"attachment": [
					{ "time": 0, "name": "pogo" },
					{ "time": 0.5, "name": "pogo" }
				]
			},
			"shin1": {
				"attachment": [
					{ "time": 0, "name": "shin1" },
					{ "time": 0.5, "name": "shin1" }
				]
			},
			"shin2": {
				"attachment": [
					{ "time": 0, "name": "shin2" },
					{ "time": 0.5, "name": "shin2" }
				]
			},
			"torzo": {
				"attachment": [
					{ "time": 0, "name": "torzo" },
					{ "time": 0.5, "name": "torzo" }
				]
			}
		},
		"bones": {
			"globos": {
				"rotate": [
					{ "time": 0, "angle": 0 }
				],
				"translate": [
					{
						"time": 0,
						"x": 0,
						"y": 0,
						"curve": [ 0.077, 0, 0.568, 1.41 ]
					},
					{
						"time": 0.2333,
						"x": -11.6,
						"y": -0.41,
						"curve": [ 0.077, 0, 0.568, 1.41 ]
					},
					{ "time": 0.5, "x": 0, "y": 0 }
				],
				"scale": [
					{
						"time": 0,
						"x": 1,
						"y": 1,
						"curve": [ 0.482, -0.44, 0.938, 1 ]
					},
					{
						"time": 0.2333,
						"x": 1.181,
						"y": 1,
						"curve": [ 0.482, -0.44, 0.938, 1 ]
					},
					{ "time": 0.5, "x": 1, "y": 1 }
				]
			},
			"foot1": {
				"rotate": [
					{
						"time": 0,
						"angle": -318.8,
						"curve": [ 0.25, 0, 0.75, 1 ]
					},
					{
						"time": 0.2333,
						"angle": -287.08,
						"curve": [ 0.25, 0, 0.75, 1 ]
					},
					{ "time": 0.5, "angle": -318.8 }
				],
				"translate": [
					{ "time": 0, "x": 0, "y": 0 }
				],
				"scale": [
					{ "time": 0, "x": 1, "y": 1 }
				]
			},
			"torzo": {
				"rotate": [
					{
						"time": 0,
						"angle": -7.47,
						"curve": [ 0.25, 0, 0.501, 1.49 ]
					},
					{
						"time": 0.2333,
						"angle": -2.05,
						"curve": [ 0.25, 0, 0.501, 1.49 ]
					},
					{ "time": 0.5, "angle": -7.47 }
				],
				"translate": [
					{
						"time": 0,
						"x": 1.91,
						"y": 3,
						"curve": [ 0.711, 0, 0.922, 1 ]
					},
					{
						"time": 0.2333,
						"x": 1.91,
						"y": 24.45,
						"curve": [ 0.711, 0, 0.922, 1 ]
					},
					{ "time": 0.5, "x": 1.91, "y": 3 }
				],
				"scale": [
					{ "time": 0, "x": 1, "y": 1 }
				]
			},
			"cabeza": {
				"rotate": [
					{
						"time": 0,
						"angle": 1.34,
						"curve": [ 0.25, 0, 0.548, 1.51 ]
					},
					{
						"time": 0.2333,
						"angle": 8.52,
						"curve": [ 0.25, 0, 0.548, 1.51 ]
					},
					{ "time": 0.5, "angle": 1.34 }
				],
				"translate": [
					{ "time": 0, "x": -1.11, "y": 0 }
				],
				"scale": [
					{
						"time": 0,
						"x": 1,
						"y": 1,
						"curve": [ 0.489, -0.76, 0.75, 1 ]
					},
					{
						"time": 0.2333,
						"x": 1.041,
						"y": 1,
						"curve": [ 0.489, -0.76, 0.75, 1 ]
					},
					{ "time": 0.5, "x": 1, "y": 1 }
				]
			},
			"fleco": {
				"rotate": [
					{
						"time": 0,
						"angle": 10.5,
						"curve": [ 0.25, 0, 0.685, 1.98 ]
					},
					{
						"time": 0.2333,
						"angle": 23.09,
						"curve": [ 0.25, 0, 0.685, 1.98 ]
					},
					{ "time": 0.5, "angle": 10.5 }
				],
				"translate": [
					{ "time": 0, "x": 2.76, "y": -1.23 }
				],
				"scale": [
					{
						"time": 0,
						"x": 1,
						"y": 1,
						"curve": [ 0.522, -0.93, 0.75, 1 ]
					},
					{
						"time": 0.2333,
						"x": 1.04,
						"y": 1,
						"curve": [ 0.522, -0.93, 0.75, 1 ]
					},
					{ "time": 0.5, "x": 1, "y": 1 }
				]
			},
			"leg2": {
				"rotate": [
					{
						"time": 0,
						"angle": 55.36,
						"curve": [ 0.25, 0, 0.75, 1 ]
					},
					{
						"time": 0.2333,
						"angle": 106.82,
						"curve": [ 0.25, 0, 0.75, 1 ]
					},
					{ "time": 0.5, "angle": 55.36 }
				],
				"translate": [
					{
						"time": 0,
						"x": 3.47,
						"y": -0.09,
						"curve": [ 0.25, 0, 0.75, 1 ]
					},
					{
						"time": 0.2333,
						"x": 3.47,
						"y": 22.24,
						"curve": [ 0.25, 0, 0.75, 1 ]
					},
					{ "time": 0.5, "x": 3.47, "y": -0.09 }
				],
				"scale": [
					{ "time": 0, "x": 1, "y": 1 }
				]
			},
			"shin1": {
				"rotate": [
					{ "time": 0, "angle": -116.63 }
				],
				"translate": [
					{ "time": 0, "x": 2.16, "y": -0.09 }
				],
				"scale": [
					{ "time": 0, "x": 1, "y": 1 }
				]
			},
			"agarradera_b": {
				"rotate": [
					{ "time": 0, "angle": 0 }
				],
				"translate": [
					{ "time": 0, "x": -2.34, "y": -26.36 }
				],
				"scale": [
					{ "time": 0, "x": 0, "y": 1 }
				]
			},
			"root": {
				"rotate": [
					{ "time": 0, "angle": 0 }
				],
				"translate": [
					{ "time": 0, "x": 0, "y": 0 }
				],
				"scale": [
					{ "time": 0, "x": 1, "y": 1 }
				]
			},
			"leg1": {
				"rotate": [
					{
						"time": 0,
						"angle": -303.97,
						"curve": [ 0.25, 0, 0.75, 1 ]
					},
					{
						"time": 0.2333,
						"angle": -334.29,
						"curve": [ 0.25, 0, 0.75, 1 ]
					},
					{ "time": 0.5, "angle": -303.97 }
				],
				"translate": [
					{
						"time": 0,
						"x": -1.09,
						"y": 4.01,
						"curve": [ 0.25, 0, 0.75, 1 ]
					},
					{
						"time": 0.2333,
						"x": -1.09,
						"y": 25.43,
						"curve": [ 0.25, 0, 0.75, 1 ]
					},
					{ "time": 0.5, "x": -1.09, "y": 4.01 }
				],
				"scale": [
					{ "time": 0, "x": 1, "y": 1 }
				]
			},
			"shin2": {
				"rotate": [
					{ "time": 0, "angle": -497.62 }
				],
				"translate": [
					{ "time": 0, "x": 2.56, "y": -0.13 }
				],
				"scale": [
					{ "time": 0, "x": 1, "y": 1 }
				]
			},
			"ojo2": {
				"rotate": [
					{ "time": 0, "angle": 0 }
				],
				"translate": [
					{ "time": 0, "x": 1.73, "y": -11.71 }
				],
				"scale": [
					{ "time": 0, "x": 1, "y": 1 }
				]
			},
			"ojo1": {
				"rotate": [
					{ "time": 0, "angle": 0 }
				],
				"translate": [
					{ "time": 0, "x": 1.37, "y": -10.95 }
				],
				"scale": [
					{ "time": 0, "x": 1, "y": 1 }
				]
			},
			"foot2": {
				"rotate": [
					{
						"time": 0,
						"angle": 59.29,
						"curve": [ 0.25, 0, 0.75, 1 ]
					},
					{
						"time": 0.2333,
						"angle": 35.97,
						"curve": [ 0.25, 0, 0.75, 1 ]
					},
					{ "time": 0.5, "angle": -18.74 }
				],
				"translate": [
					{ "time": 0, "x": 0, "y": 0 }
				],
				"scale": [
					{ "time": 0, "x": 1, "y": 1 }
				]
			},
			"agarradera_a": {
				"rotate": [
					{ "time": 0, "angle": 0 }
				],
				"translate": [
					{ "time": 0, "x": 0, "y": 0 }
				],
				"scale": [
					{ "time": 0, "x": 1, "y": 1 }
				]
			},
			"glasses": {
				"rotate": [
					{ "time": 0, "angle": 0 }
				],
				"translate": [
					{
						"time": 0,
						"x": 2.8,
						"y": 0,
						"curve": [ 0.378, -0.87, 0.75, 1 ]
					},
					{
						"time": 0.2333,
						"x": 9.25,
						"y": 0,
						"curve": [ 0.378, -0.87, 0.75, 1 ]
					},
					{ "time": 0.5, "x": 2.8, "y": 0 }
				],
				"scale": [
					{
						"time": 0,
						"x": 1,
						"y": 1,
						"curve": [ 0.25, 0, 0.65, 1.89 ]
					},
					{
						"time": 0.2333,
						"x": 0.851,
						"y": 1,
						"curve": [ 0.25, 0, 0.65, 1.89 ]
					},
					{ "time": 0.5, "x": 1, "y": 1 }
				]
			},
			"pogo": {
				"rotate": [
					{ "time": 0, "angle": 0 }
				],
				"translate": [
					{
						"time": 0,
						"x": 0,
						"y": -8.31,
						"curve": [ 0.542, -1.25, 0.942, 1 ]
					},
					{
						"time": 0.2333,
						"x": 0,
						"y": 9.99,
						"curve": [ 0.542, -1.25, 0.942, 1 ]
					},
					{ "time": 0.5, "x": 0, "y": -8.31 }
				],
				"scale": [
					{
						"time": 0,
						"x": 1,
						"y": 1,
						"curve": [ 0.077, 0, 0.486, 1.87 ]
					},
					{
						"time": 0.2333,
						"x": 1.121,
						"y": 1,
						"curve": [ 0.077, 0, 0.486, 1.87 ]
					},
					{ "time": 0.5, "x": 1, "y": 1 }
				]
			}
		},
		"drawOrder": [
			{ "time": 0 },
			{ "time": 0.5 }
		]
	},
	"LAND": {
		"slots": {
			"agarradera_a": {
				"attachment": [
					{ "time": 0, "name": "agarradera_a" },
					{ "time": 0.5, "name": "agarradera_a" }
				]
			},
			"agarradera_b": {
				"attachment": [
					{ "time": 0, "name": null },
					{ "time": 0.5, "name": null }
				]
			},
			"cabeza": {
				"attachment": [
					{ "time": 0, "name": "cabeza" },
					{ "time": 0.5, "name": "cabeza" }
				]
			},
			"fleco": {
				"attachment": [
					{ "time": 0, "name": "fleco" },
					{ "time": 0.5, "name": "fleco" }
				]
			},
			"foot1": {
				"attachment": [
					{ "time": 0, "name": null },
					{ "time": 0.5, "name": null }
				]
			},
			"foot2": {
				"attachment": [
					{ "time": 0, "name": "foot2" },
					{ "time": 0.5, "name": "foot2" }
				]
			},
			"globos": {
				"attachment": [
					{ "time": 0, "name": null },
					{ "time": 0.5, "name": null }
				]
			},
			"leg1": {
				"attachment": [
					{ "time": 0, "name": "leg1" },
					{ "time": 0.5, "name": "leg1" }
				]
			},
			"leg2": {
				"attachment": [
					{ "time": 0, "name": "leg2" },
					{ "time": 0.5, "name": "leg2" }
				]
			},
			"lentes": {
				"attachment": [
					{ "time": 0, "name": "lentes" },
					{ "time": 0.5, "name": "lentes" }
				]
			},
			"normal/foot2": {
				"attachment": [
					{ "time": 0, "name": "foot2" },
					{ "time": 0.5, "name": "foot2" }
				]
			},
			"ojo1": {
				"attachment": [
					{ "time": 0, "name": "ojo1" },
					{ "time": 0.5, "name": "ojo1" }
				]
			},
			"ojo2": {
				"attachment": [
					{ "time": 0, "name": "ojo2" },
					{ "time": 0.5, "name": "ojo2" }
				]
			},
			"pogo": {
				"attachment": [
					{ "time": 0, "name": null },
					{ "time": 0.5, "name": null }
				]
			},
			"shin1": {
				"attachment": [
					{ "time": 0, "name": "shin1" },
					{ "time": 0.5, "name": "shin1" }
				]
			},
			"shin2": {
				"attachment": [
					{ "time": 0, "name": "shin2" },
					{ "time": 0.5, "name": "shin2" }
				]
			},
			"torzo": {
				"attachment": [
					{ "time": 0, "name": "torzo" },
					{ "time": 0.5, "name": "torzo" }
				]
			}
		},
		"bones": {
			"foot1": {
				"rotate": [
					{
						"time": 0,
						"angle": -388.28,
						"curve": [ 1, 0, 0.75, 1 ]
					},
					{
						"time": 0.3333,
						"angle": -331.06,
						"curve": [ 0.859, -0.36, 0.75, 1 ]
					},
					{ "time": 0.5, "angle": -390.33 }
				],
				"translate": [
					{ "time": 0, "x": 0, "y": 0 }
				],
				"scale": [
					{ "time": 0, "x": 1, "y": 1 }
				]
			},
			"ojo2": {
				"rotate": [
					{ "time": 0, "angle": 0 }
				],
				"translate": [
					{
						"time": 0,
						"x": 1.73,
						"y": -11.71,
						"curve": [ 0.828, 0, 0.75, 1 ]
					},
					{ "time": 0.5, "x": -3.83, "y": -11.71 }
				],
				"scale": [
					{
						"time": 0,
						"x": 1,
						"y": 1,
						"curve": [ 0.881, 0, 0.925, 1 ]
					},
					{
						"time": 0.3333,
						"x": 0.332,
						"y": 1,
						"curve": [ 0.649, 0, 0.758, 1.85 ]
					},
					{ "time": 0.5, "x": 1, "y": 1 }
				]
			},
			"leg2": {
				"rotate": [
					{
						"time": 0,
						"angle": 55.36,
						"curve": [ 0.969, 0, 0.826, 0.71 ]
					},
					{
						"time": 0.3333,
						"angle": 47.11,
						"curve": [ 0.25, 0, 0.59, 1.49 ]
					},
					{ "time": 0.5, "angle": -2.82 }
				],
				"translate": [
					{
						"time": 0,
						"x": 3.47,
						"y": -0.09,
						"curve": [ 0.409, -0.46, 0.75, 1 ]
					},
					{
						"time": 0.3333,
						"x": 1.37,
						"y": -4.12,
						"curve": [ 0.25, 0, 0.59, 1.49 ]
					},
					{ "time": 0.5, "x": 3.47, "y": -0.09 }
				],
				"scale": [
					{ "time": 0, "x": 1, "y": 1 }
				]
			},
			"leg1": {
				"rotate": [
					{
						"time": 0,
						"angle": -392.57,
						"curve": [ 0.983, 0, 0.75, 1 ]
					},
					{
						"time": 0.3333,
						"angle": -341.42,
						"curve": [ 0.755, 0, 0.75, 1 ]
					},
					{ "time": 0.5, "angle": -42.36 }
				],
				"translate": [
					{
						"time": 0,
						"x": -1.09,
						"y": 4.01,
						"curve": [ 0.983, 0, 0.75, 1 ]
					},
					{
						"time": 0.3333,
						"x": 1.62,
						"y": -2.6,
						"curve": [ 0.735, 0, 0.75, 1 ]
					},
					{ "time": 0.5, "x": 0.26, "y": -0.34 }
				],
				"scale": [
					{ "time": 0, "x": 1, "y": 1 }
				]
			},
			"agarradera_b": {
				"rotate": [
					{ "time": 0, "angle": 0, "curve": "stepped" },
					{ "time": 0.5, "angle": 0 }
				],
				"translate": [
					{ "time": 0, "x": -2.34, "y": -26.36, "curve": "stepped" },
					{ "time": 0.5, "x": -2.34, "y": -26.36 }
				],
				"scale": [
					{ "time": 0, "x": 0, "y": 1, "curve": "stepped" },
					{ "time": 0.5, "x": 0, "y": 1 }
				]
			},
			"cabeza": {
				"rotate": [
					{
						"time": 0,
						"angle": 1.34,
						"curve": [ 0.995, 0, 0.75, 1 ]
					},
					{
						"time": 0.3333,
						"angle": -5.89,
						"curve": [ 0.527, -0.85, 0.75, 1 ]
					},
					{ "time": 0.5, "angle": 0 }
				],
				"translate": [
					{
						"time": 0,
						"x": -1.11,
						"y": 0,
						"curve": [ 0.498, -0.76, 0.887, 1 ]
					},
					{ "time": 0.5, "x": 0, "y": 0 }
				],
				"scale": [
					{
						"time": 0,
						"x": 1,
						"y": 1,
						"curve": [ 1, 0, 0.75, 1 ]
					},
					{
						"time": 0.3333,
						"x": 0.93,
						"y": 1,
						"curve": [ 0.527, -0.85, 0.75, 1 ]
					},
					{ "time": 0.5, "x": 1, "y": 1 }
				]
			},
			"fleco": {
				"rotate": [
					{
						"time": 0,
						"angle": 10.5,
						"curve": [ 0.915, 0, 0.75, 1 ]
					},
					{
						"time": 0.3333,
						"angle": -0.74,
						"curve": [ 0.731, -0.83, 0.75, 1 ]
					},
					{ "time": 0.5, "angle": 5.82 }
				],
				"translate": [
					{
						"time": 0,
						"x": 2.76,
						"y": -1.23,
						"curve": [ 0.915, 0, 0.75, 1 ]
					},
					{
						"time": 0.3333,
						"x": -6.74,
						"y": -0.35,
						"curve": [ 0.731, -0.83, 0.75, 1 ]
					},
					{ "time": 0.5, "x": 0, "y": 0 }
				],
				"scale": [
					{
						"time": 0,
						"x": 1,
						"y": 1,
						"curve": [ 0.915, 0, 0.75, 1 ]
					},
					{ "time": 0.3333, "x": 0.653, "y": 1 }
				]
			},
			"shin1": {
				"rotate": [
					{
						"time": 0,
						"angle": -74.95,
						"curve": [ 0.25, 0, 0.146, 1 ]
					},
					{
						"time": 0.3333,
						"angle": -117.49,
						"curve": [ 0.236, 0, 0.322, 2.21 ]
					},
					{ "time": 0.5, "angle": -61.91 }
				],
				"translate": [
					{ "time": 0, "x": 2.16, "y": -0.09 }
				],
				"scale": [
					{ "time": 0, "x": 1, "y": 1 }
				]
			},
			"ojo1": {
				"rotate": [
					{ "time": 0, "angle": 0 }
				],
				"translate": [
					{
						"time": 0,
						"x": 1.37,
						"y": -10.95,
						"curve": [ 0.939, 0, 0.75, 1 ]
					},
					{ "time": 0.5, "x": -2.51, "y": -10.95 }
				],
				"scale": [
					{
						"time": 0,
						"x": 1,
						"y": 1,
						"curve": [ 0.893, 0, 0.918, 1 ]
					},
					{
						"time": 0.3333,
						"x": 0.332,
						"y": 1,
						"curve": [ 0.649, 0, 0.758, 1.85 ]
					},
					{ "time": 0.5, "x": 1, "y": 1 }
				]
			},
			"shin2": {
				"rotate": [
					{
						"time": 0,
						"angle": -356.6,
						"curve": [ 0.651, 0, 0.758, 1.42 ]
					},
					{
						"time": 0.3333,
						"angle": -404,
						"curve": [ 0.462, -0.43, 0.75, 1 ]
					},
					{ "time": 0.5, "angle": -357.44 }
				],
				"translate": [
					{
						"time": 0,
						"x": 2.56,
						"y": -0.13,
						"curve": [ 0.619, 0, 0.803, 0.71 ]
					},
					{
						"time": 0.3333,
						"x": -0.86,
						"y": 1.5,
						"curve": [ 0.462, -0.43, 0.75, 1 ]
					},
					{ "time": 0.5, "x": 0, "y": 0 }
				],
				"scale": [
					{ "time": 0, "x": 1, "y": 1 }
				]
			},
			"torzo": {
				"rotate": [
					{
						"time": 0,
						"angle": -7.47,
						"curve": [ 0.926, -3.51, 0.699, 6.93 ]
					},
					{ "time": 0.5, "angle": -2.53 }
				],
				"translate": [
					{
						"time": 0,
						"x": 1.91,
						"y": 3,
						"curve": [ 0.961, 0, 0.871, 1 ]
					},
					{
						"time": 0.3333,
						"x": 0.84,
						"y": -5.66,
						"curve": [ 0.848, 0, 0.75, 1 ]
					},
					{ "time": 0.5, "x": 0, "y": 0 }
				],
				"scale": [
					{ "time": 0, "x": 1, "y": 1 }
				]
			},
			"glasses": {
				"rotate": [
					{ "time": 0, "angle": 0 }
				],
				"translate": [
					{
						"time": 0,
						"x": 2.8,
						"y": 0,
						"curve": [ 0.988, 0, 0.75, 1 ]
					},
					{
						"time": 0.3333,
						"x": -6.06,
						"y": 0,
						"curve": [ 0.37, 0.54, 0.708, 1 ]
					},
					{ "time": 0.5, "x": 0, "y": 0 }
				],
				"scale": [
					{
						"time": 0,
						"x": 1,
						"y": 1,
						"curve": [ 0.897, 0, 0.65, 1.89 ]
					},
					{ "time": 0.3333, "x": 0.893, "y": 1 }
				]
			},
			"agarradera_a": {
				"rotate": [
					{ "time": 0, "angle": 0, "curve": "stepped" },
					{ "time": 0.5, "angle": 0 }
				],
				"translate": [
					{ "time": 0, "x": 0, "y": 0, "curve": "stepped" },
					{ "time": 0.5, "x": 0, "y": 0 }
				],
				"scale": [
					{ "time": 0, "x": 1, "y": 1, "curve": "stepped" },
					{ "time": 0.5, "x": 1, "y": 1 }
				]
			},
			"foot2": {
				"rotate": [
					{
						"time": 0,
						"angle": 25.32,
						"curve": [ 0.839, 0, 0.894, 1 ]
					},
					{ "time": 0.5, "angle": 0 }
				],
				"translate": [
					{ "time": 0, "x": 0, "y": 0 }
				],
				"scale": [
					{ "time": 0, "x": 1, "y": 1 }
				]
			},
			"root": {
				"rotate": [
					{ "time": 0, "angle": 0, "curve": "stepped" },
					{ "time": 0.5, "angle": 0 }
				],
				"translate": [
					{ "time": 0, "x": 0, "y": 0, "curve": "stepped" },
					{ "time": 0.5, "x": 0, "y": 0 }
				],
				"scale": [
					{ "time": 0, "x": 1, "y": 1, "curve": "stepped" },
					{ "time": 0.5, "x": 1, "y": 1 }
				]
			}
		},
		"drawOrder": [
			{ "time": 0 },
			{ "time": 0.5 }
		]
	},
	"LOSE": {
		"slots": {
			"agarradera_a": {
				"attachment": [
					{ "time": 0, "name": "agarradera_a" },
					{ "time": 1, "name": "agarradera_a" }
				]
			},
			"agarradera_b": {
				"attachment": [
					{ "time": 0, "name": null },
					{ "time": 0.1, "name": "agarradera" },
					{ "time": 1, "name": "agarradera" }
				]
			},
			"cabeza": {
				"attachment": [
					{ "time": 0, "name": "cabeza" },
					{ "time": 1, "name": "cabeza" }
				]
			},
			"fleco": {
				"attachment": [
					{ "time": 0, "name": "fleco" },
					{ "time": 1, "name": "fleco" }
				]
			},
			"foot1": {
				"attachment": [
					{ "time": 0, "name": null },
					{ "time": 1, "name": null }
				]
			},
			"foot2": {
				"attachment": [
					{ "time": 0, "name": "foot2" },
					{ "time": 1, "name": "foot2" }
				]
			},
			"globos": {
				"attachment": [
					{ "time": 0, "name": null },
					{ "time": 1, "name": null }
				]
			},
			"leg1": {
				"attachment": [
					{ "time": 0, "name": "leg1" },
					{ "time": 1, "name": "leg1" }
				]
			},
			"leg2": {
				"attachment": [
					{ "time": 0, "name": "leg2" },
					{ "time": 1, "name": "leg2" }
				]
			},
			"lentes": {
				"attachment": [
					{ "time": 0, "name": "lentes" },
					{ "time": 0.3333, "name": "lentes_d" },
					{ "time": 1, "name": "lentes_d" }
				]
			},
			"normal/foot2": {
				"attachment": [
					{ "time": 0, "name": "foot2" },
					{ "time": 1, "name": "foot2" }
				]
			},
			"ojo1": {
				"attachment": [
					{ "time": 0, "name": "ojo1" },
					{ "time": 1, "name": "ojo1" }
				]
			},
			"ojo2": {
				"attachment": [
					{ "time": 0, "name": "ojo2" },
					{ "time": 1, "name": "ojo2" }
				]
			},
			"pogo": {
				"attachment": [
					{ "time": 0, "name": null },
					{ "time": 1, "name": null }
				]
			},
			"shin1": {
				"attachment": [
					{ "time": 0, "name": "shin1" },
					{ "time": 1, "name": "shin1" }
				]
			},
			"shin2": {
				"attachment": [
					{ "time": 0, "name": "shin2" },
					{ "time": 1, "name": "shin2" }
				]
			},
			"torzo": {
				"attachment": [
					{ "time": 0, "name": "torzo" },
					{ "time": 1, "name": "torzo" }
				]
			}
		},
		"bones": {
			"agarradera_a": {
				"rotate": [
					{ "time": 0, "angle": 0 }
				],
				"translate": [
					{ "time": 0, "x": 0, "y": 0 }
				],
				"scale": [
					{ "time": 0, "x": 1, "y": 1 },
					{ "time": 0.3333, "x": 0.503, "y": 1 }
				]
			},
			"torzo": {
				"rotate": [
					{ "time": 0, "angle": -2.53 },
					{ "time": 0.3333, "angle": 6.74 }
				],
				"translate": [
					{ "time": 0, "x": 0, "y": 0 }
				],
				"scale": [
					{ "time": 0, "x": 1, "y": 1 }
				]
			},
			"glasses": {
				"rotate": [
					{
						"time": 0,
						"angle": 0,
						"curve": [ 0.493, -1.04, 0.918, 1 ]
					},
					{
						"time": 0.3333,
						"angle": -5.08,
						"curve": [ 0.354, -1.38, 0.31, 1 ]
					},
					{ "time": 0.7333, "angle": -6.7 }
				],
				"translate": [
					{
						"time": 0,
						"x": 0,
						"y": 0,
						"curve": [ 0.493, -1.04, 0.918, 1 ]
					},
					{
						"time": 0.3333,
						"x": 6.95,
						"y": 11.69,
						"curve": [ 0.354, -1.38, 0.31, 1 ]
					},
					{ "time": 0.7333, "x": 5.83, "y": 11.69 }
				],
				"scale": [
					{ "time": 0, "x": 1, "y": 1 }
				]
			},
			"foot2": {
				"rotate": [
					{ "time": 0, "angle": 0 }
				],
				"translate": [
					{ "time": 0, "x": 0, "y": 0 }
				],
				"scale": [
					{ "time": 0, "x": 1, "y": 1 }
				]
			},
			"leg2": {
				"rotate": [
					{
						"time": 0,
						"angle": -2.82,
						"curve": [ 0.471, -1.25, 0.856, 1 ]
					},
					{ "time": 0.3333, "angle": 49.16 }
				],
				"translate": [
					{
						"time": 0,
						"x": 3.47,
						"y": -0.09,
						"curve": [ 0.824, 0, 0.716, 1 ]
					},
					{ "time": 0.3333, "x": 4.63, "y": -0.39 }
				],
				"scale": [
					{ "time": 0, "x": 1, "y": 1 }
				]
			},
			"agarradera_b": {
				"rotate": [
					{ "time": 0, "angle": 0 }
				],
				"translate": [
					{ "time": 0, "x": -2.34, "y": -26.36 }
				],
				"scale": [
					{ "time": 0, "x": 0, "y": 1 },
					{ "time": 0.3333, "x": 0.252, "y": 1 }
				]
			},
			"foot1": {
				"rotate": [
					{
						"time": 0,
						"angle": -390.33,
						"curve": [ 0.25, 0, 0.598, 1.94 ]
					},
					{ "time": 0.3333, "angle": -344.74 }
				],
				"translate": [
					{ "time": 0, "x": 0, "y": 0 }
				],
				"scale": [
					{ "time": 0, "x": 1, "y": 1 }
				]
			},
			"ojo2": {
				"rotate": [
					{ "time": 0, "angle": 0 }
				],
				"translate": [
					{
						"time": 0,
						"x": -3.83,
						"y": -11.71,
						"curve": [ 0.25, 0, 0.75, 1 ]
					},
					{ "time": 0.3333, "x": -2.52, "y": -0.07 }
				],
				"scale": [
					{ "time": 0, "x": 1, "y": 1 },
					{
						"time": 0.2,
						"x": 0.425,
						"y": 1.337,
						"curve": [ 0.25, 0, 0.75, 1 ]
					},
					{ "time": 0.3333, "x": 2.101, "y": 2.101 }
				]
			},
			"shin2": {
				"rotate": [
					{ "time": 0, "angle": -357.44 }
				],
				"translate": [
					{ "time": 0, "x": 0, "y": 0 }
				],
				"scale": [
					{ "time": 0, "x": 1, "y": 1 }
				]
			},
			"cabeza": {
				"rotate": [
					{ "time": 0, "angle": 0 }
				],
				"translate": [
					{ "time": 0, "x": 0, "y": 0 }
				],
				"scale": [
					{
						"time": 0,
						"x": 1,
						"y": 1,
						"curve": [ 0.495, -4.33, 0.858, 1 ]
					},
					{
						"time": 0.3333,
						"x": 1.107,
						"y": 1,
						"curve": [ 0.269, -2.8, 0.251, 1 ]
					},
					{ "time": 0.7333, "x": 1, "y": 1 }
				]
			},
			"fleco": {
				"rotate": [
					{
						"time": 0,
						"angle": 5.82,
						"curve": [ 0.493, -0.77, 0.878, 1 ]
					},
					{
						"time": 0.3333,
						"angle": 15.39,
						"curve": [ 0.939, -1.14, 0.851, 1.9 ]
					},
					{ "time": 0.7333, "angle": 5.82 }
				],
				"translate": [
					{
						"time": 0,
						"x": 0,
						"y": 0,
						"curve": [ 0.25, 0, 0.75, 1 ]
					},
					{
						"time": 0.3333,
						"x": 7.02,
						"y": 3.74,
						"curve": [ 0.939, -1.14, 0.851, 1.9 ]
					},
					{ "time": 0.7333, "x": 6.51, "y": 6.71 }
				],
				"scale": [
					{ "time": 0, "x": 1, "y": 1 },
					{
						"time": 0.3333,
						"x": 1.104,
						"y": 1,
						"curve": [ 0.939, -1.14, 0.851, 1.9 ]
					},
					{ "time": 0.7333, "x": 1, "y": 1 }
				]
			},
			"root": {
				"rotate": [
					{ "time": 0, "angle": 0 }
				],
				"translate": [
					{ "time": 0, "x": 0, "y": 0 }
				],
				"scale": [
					{ "time": 0, "x": 1, "y": 1 }
				]
			},
			"leg1": {
				"rotate": [
					{
						"time": 0,
						"angle": -42.36,
						"curve": [ 0.669, -8.48, 0.75, 1 ]
					},
					{ "time": 0.3333, "angle": -427.64 }
				],
				"translate": [
					{
						"time": 0,
						"x": 0.26,
						"y": -0.34,
						"curve": [ 0.25, 0, 0.634, 2.03 ]
					},
					{ "time": 0.3333, "x": -1.66, "y": -2.89 }
				],
				"scale": [
					{ "time": 0, "x": 1, "y": 1 }
				]
			},
			"shin1": {
				"rotate": [
					{
						"time": 0,
						"angle": -61.91,
						"curve": [ 0.626, -2.1, 0.75, 1 ]
					},
					{ "time": 0.3333, "angle": -15.49 }
				],
				"translate": [
					{ "time": 0, "x": 2.16, "y": -0.09 }
				],
				"scale": [
					{ "time": 0, "x": 1, "y": 1 }
				]
			},
			"ojo1": {
				"rotate": [
					{ "time": 0, "angle": 0 }
				],
				"translate": [
					{
						"time": 0,
						"x": -2.51,
						"y": -10.95,
						"curve": [ 0.25, 0, 0.75, 1 ]
					},
					{ "time": 0.3333, "x": -2.51, "y": -1.55 }
				],
				"scale": [
					{ "time": 0, "x": 1, "y": 1 },
					{
						"time": 0.2,
						"x": 0.455,
						"y": 1.275,
						"curve": [ 0.25, 0, 0.75, 1 ]
					},
					{ "time": 0.3333, "x": 1.8, "y": 1.8 }
				]
			}
		},
		"drawOrder": [
			{ "time": 0 },
			{ "time": 1 }
		]
	}
}
}