{"frames": [

{
	"filename": "boton1",
	"frame": {"x":173,"y":1,"w":169,"h":162},
	"rotated": false,
	"trimmed": true,
	"spriteSourceSize": {"x":0,"y":4,"w":169,"h":162},
	"sourceSize": {"w":169,"h":170},
	"pivot": {"x":0.5,"y":0.5}
},
{
	"filename": "boton2",
	"frame": {"x":1,"y":1,"w":170,"h":162},
	"rotated": false,
	"trimmed": true,
	"spriteSourceSize": {"x":0,"y":4,"w":170,"h":162},
	"sourceSize": {"w":170,"h":170},
	"pivot": {"x":0.5,"y":0.5}
},
{
	"filename": "bubble",
	"frame": {"x":1051,"y":131,"w":110,"h":110},
	"rotated": false,
	"trimmed": false,
	"spriteSourceSize": {"x":0,"y":0,"w":110,"h":110},
	"sourceSize": {"w":110,"h":110},
	"pivot": {"x":0.5,"y":0.5}
},
{
	"filename": "drop",
	"frame": {"x":256,"y":165,"w":63,"h":64},
	"rotated": false,
	"trimmed": true,
	"spriteSourceSize": {"x":0,"y":0,"w":63,"h":64},
	"sourceSize": {"w":64,"h":64},
	"pivot": {"x":0.5,"y":0.5}
},
{
	"filename": "dropPart",
	"frame": {"x":678,"y":163,"w":119,"h":61},
	"rotated": false,
	"trimmed": true,
	"spriteSourceSize": {"x":2,"y":2,"w":119,"h":61},
	"sourceSize": {"w":128,"h":68},
	"pivot": {"x":0.5,"y":0.5}
},
{
	"filename": "escombros",
	"frame": {"x":93,"y":165,"w":95,"h":74},
	"rotated": false,
	"trimmed": false,
	"spriteSourceSize": {"x":0,"y":0,"w":95,"h":74},
	"sourceSize": {"w":95,"h":74},
	"pivot": {"x":0.5,"y":0.5}
},
{
	"filename": "explosion",
	"frame": {"x":1020,"y":1,"w":123,"h":128},
	"rotated": false,
	"trimmed": true,
	"spriteSourceSize": {"x":3,"y":0,"w":123,"h":128},
	"sourceSize": {"w":129,"h":129},
	"pivot": {"x":0.5,"y":0.5}
},
{
	"filename": "fastIcon",
	"frame": {"x":1145,"y":87,"w":42,"h":42},
	"rotated": false,
	"trimmed": false,
	"spriteSourceSize": {"x":0,"y":0,"w":42,"h":42},
	"sourceSize": {"w":42,"h":42},
	"pivot": {"x":0.5,"y":0.5}
},
{
	"filename": "fire",
	"frame": {"x":799,"y":163,"w":50,"h":57},
	"rotated": false,
	"trimmed": true,
	"spriteSourceSize": {"x":2,"y":0,"w":50,"h":57},
	"sourceSize": {"w":54,"h":57},
	"pivot": {"x":0.5,"y":0.5}
},
{
	"filename": "hole1",
	"frame": {"x":851,"y":163,"w":102,"h":56},
	"rotated": false,
	"trimmed": false,
	"spriteSourceSize": {"x":0,"y":0,"w":102,"h":56},
	"sourceSize": {"w":102,"h":56},
	"pivot": {"x":0.5,"y":0.5}
},
{
	"filename": "hole2",
	"frame": {"x":1163,"y":182,"w":71,"h":51},
	"rotated": false,
	"trimmed": false,
	"spriteSourceSize": {"x":0,"y":0,"w":71,"h":51},
	"sourceSize": {"w":71,"h":51},
	"pivot": {"x":0.5,"y":0.5}
},
{
	"filename": "hole3",
	"frame": {"x":1,"y":165,"w":90,"h":82},
	"rotated": false,
	"trimmed": false,
	"spriteSourceSize": {"x":0,"y":0,"w":90,"h":82},
	"sourceSize": {"w":90,"h":82},
	"pivot": {"x":0.5,"y":0.5}
},
{
	"filename": "life_box",
	"frame": {"x":1163,"y":44,"w":105,"h":41},
	"rotated": false,
	"trimmed": false,
	"spriteSourceSize": {"x":0,"y":0,"w":105,"h":41},
	"sourceSize": {"w":105,"h":41},
	"pivot": {"x":0.5,"y":0.5}
},
{
	"filename": "normalShoot",
	"frame": {"x":233,"y":231,"w":11,"h":15},
	"rotated": false,
	"trimmed": false,
	"spriteSourceSize": {"x":0,"y":0,"w":11,"h":15},
	"sourceSize": {"w":11,"h":15},
	"pivot": {"x":0.5,"y":0.5}
},
{
	"filename": "protectionIcon",
	"frame": {"x":1236,"y":182,"w":42,"h":42},
	"rotated": false,
	"trimmed": false,
	"spriteSourceSize": {"x":0,"y":0,"w":42,"h":42},
	"sourceSize": {"w":42,"h":42},
	"pivot": {"x":0.5,"y":0.5}
},
{
	"filename": "shadow",
	"frame": {"x":190,"y":231,"w":41,"h":21},
	"rotated": false,
	"trimmed": false,
	"spriteSourceSize": {"x":0,"y":0,"w":41,"h":21},
	"sourceSize": {"w":41,"h":21},
	"pivot": {"x":0.5,"y":0.5}
},
{
	"filename": "shoot1",
	"frame": {"x":799,"y":222,"w":19,"h":31},
	"rotated": false,
	"trimmed": false,
	"spriteSourceSize": {"x":0,"y":0,"w":19,"h":31},
	"sourceSize": {"w":19,"h":31},
	"pivot": {"x":0.5,"y":0.5}
},
{
	"filename": "shoot1_item",
	"frame": {"x":955,"y":163,"w":46,"h":53},
	"rotated": false,
	"trimmed": false,
	"spriteSourceSize": {"x":0,"y":0,"w":46,"h":53},
	"sourceSize": {"w":46,"h":53},
	"pivot": {"x":0.5,"y":0.5}
},
{
	"filename": "shoot2",
	"frame": {"x":552,"y":228,"w":24,"h":25},
	"rotated": false,
	"trimmed": false,
	"spriteSourceSize": {"x":0,"y":0,"w":24,"h":25},
	"sourceSize": {"w":24,"h":25},
	"pivot": {"x":0.5,"y":0.5}
},
{
	"filename": "shoot2_item",
	"frame": {"x":1003,"y":163,"w":46,"h":53},
	"rotated": false,
	"trimmed": false,
	"spriteSourceSize": {"x":0,"y":0,"w":46,"h":53},
	"sourceSize": {"w":46,"h":53},
	"pivot": {"x":0.5,"y":0.5}
},
{
	"filename": "smoke",
	"frame": {"x":1189,"y":87,"w":100,"h":93},
	"rotated": false,
	"trimmed": false,
	"spriteSourceSize": {"x":0,"y":0,"w":100,"h":93},
	"sourceSize": {"w":100,"h":93},
	"pivot": {"x":0.5,"y":0.5}
},
{
	"filename": "smokePart",
	"frame": {"x":321,"y":165,"w":127,"h":63},
	"rotated": false,
	"trimmed": true,
	"spriteSourceSize": {"x":0,"y":0,"w":127,"h":63},
	"sourceSize": {"w":128,"h":68},
	"pivot": {"x":0.5,"y":0.5}
},
{
	"filename": "star",
	"frame": {"x":190,"y":165,"w":64,"h":64},
	"rotated": false,
	"trimmed": false,
	"spriteSourceSize": {"x":0,"y":0,"w":64,"h":64},
	"sourceSize": {"w":64,"h":64},
	"pivot": {"x":0.5,"y":0.5}
},
{
	"filename": "starPart",
	"frame": {"x":552,"y":163,"w":124,"h":63},
	"rotated": false,
	"trimmed": true,
	"spriteSourceSize": {"x":0,"y":0,"w":124,"h":63},
	"sourceSize": {"w":128,"h":68},
	"pivot": {"x":0.5,"y":0.5}
},
{
	"filename": "tile",
	"frame": {"x":344,"y":1,"w":674,"h":160},
	"rotated": false,
	"trimmed": false,
	"spriteSourceSize": {"x":0,"y":0,"w":674,"h":160},
	"sourceSize": {"w":674,"h":160},
	"pivot": {"x":0.5,"y":0.5}
},
{
	"filename": "trash",
	"frame": {"x":450,"y":163,"w":100,"h":90},
	"rotated": false,
	"trimmed": false,
	"spriteSourceSize": {"x":0,"y":0,"w":100,"h":90},
	"sourceSize": {"w":100,"h":90},
	"pivot": {"x":0.5,"y":0.5}
},
{
	"filename": "xpcoins",
	"frame": {"x":1163,"y":1,"w":126,"h":41},
	"rotated": false,
	"trimmed": false,
	"spriteSourceSize": {"x":0,"y":0,"w":126,"h":41},
	"sourceSize": {"w":126,"h":41},
	"pivot": {"x":0.5,"y":0.5}
}],
"meta": {
	"app": "http://www.codeandweb.com/texturepacker",
	"version": "1.0",
	"image": "atlas.png",
	"format": "RGBA8888",
	"size": {"w":1290,"h":254},
	"scale": "1",
	"smartupdate": "$TexturePacker:SmartUpdate:b82f4e2b04fa3ba81a46d0209f74c00b:ff1933ba9985b717af6191d6f56097e1:cbce6b53f0f49e0bf15173c25c41f876$"
}
}
