{"skeleton":{"hash":"kHSIAe8karbWSJ8VmlQ6yRhDXE0","spine":"3.2.01","width":150.96,"height":160.41,"images":""},"bones":[{"name":"root"},{"name":"torso","parent":"root","length":39.4,"rotation":90,"y":27.23},{"name":"arm1","parent":"torso","length":20.77,"rotation":153.67,"x":42.72,"y":14.13,"inheritScale":false},{"name":"arm2","parent":"torso","length":20.77,"rotation":-144.13,"x":42.72,"y":-14.54,"inheritScale":false},{"name":"torso2","parent":"root","length":39.4,"rotation":90,"x":66.47,"y":13.87},{"name":"arm3","parent":"torso2","length":20.77,"rotation":88.62,"x":33.24,"y":9.89,"inheritScale":false},{"name":"arm4","parent":"torso2","length":20.77,"rotation":-144.13,"x":36.04,"y":-10.69,"inheritScale":false},{"name":"head","parent":"torso","length":33.12,"rotation":360,"x":43.31,"inheritScale":false},{"name":"espiral1","parent":"head","length":20.04,"rotation":50.05,"x":53.65,"y":25.38,"inheritScale":false},{"name":"espiral2","parent":"head","length":20.04,"rotation":-32.14,"x":59.95,"y":-23.13,"scaleX":1.058,"inheritScale":false},{"name":"head2","parent":"torso2","length":33.12,"rotation":360,"x":37.28,"inheritScale":false},{"name":"espiral3","parent":"head2","length":20.04,"rotation":50.05,"x":34.86,"y":16.89,"inheritScale":false},{"name":"espiral4","parent":"head2","length":20.04,"rotation":-32.14,"x":37.83,"y":-18.89,"scaleX":1.058,"inheritScale":false},{"name":"leg1","parent":"torso","length":18.89,"rotation":174.64,"x":2.74,"y":9.73,"inheritScale":false},{"name":"leg2","parent":"torso","length":18.89,"rotation":-176.09,"x":2.74,"y":-9.27,"inheritScale":false},{"name":"leg3","parent":"torso2","length":18.89,"rotation":174.64,"x":6.85,"y":9.73,"inheritScale":false},{"name":"leg4","parent":"torso2","length":18.89,"rotation":-176.09,"x":6.85,"y":-9.27,"inheritScale":false}],"slots":[{"name":"leg1","bone":"leg1","attachment":"leg_c"},{"name":"leg3","bone":"leg3","attachment":"leg_a"},{"name":"leg2","bone":"leg2","attachment":"leg_b2"},{"name":"leg4","bone":"leg4","attachment":"leg_a"},{"name":"arm2","bone":"arm2","attachment":"arm_c2"},{"name":"arm4","bone":"arm4","attachment":"arm_a"},{"name":"short4","bone":"leg4","attachment":"short1"},{"name":"short3","bone":"leg3","attachment":"short1"},{"name":"arm1","bone":"arm1"},{"name":"arm3","bone":"arm3","attachment":"arm_a"},{"name":"torso","bone":"torso","attachment":"torso_c"},{"name":"torso2","bone":"torso2","attachment":"torso_a"},{"name":"head","bone":"head","attachment":"head_a"},{"name":"head2","bone":"head2","attachment":"head_c"},{"name":"espiral","bone":"espiral1","attachment":"espiral"},{"name":"espiral2","bone":"espiral2","attachment":"espiral"}],"skins":{"default":{},"normal":{"arm1":{"arm_a":{"name":"normal5/arm1_a","x":19.07,"y":1.43,"rotation":116.32,"width":21,"height":42},"arm_c":{"name":"normal5/arm1_c","x":17.74,"y":1.58,"rotation":116.32,"width":23,"height":39}},"arm2":{"arm_a":{"name":"normal5/arm1_a","x":19.09,"y":-3.22,"scaleX":-1,"rotation":53.95,"width":21,"height":42},"arm_c2":{"name":"normal5/arm1_c","x":16.67,"y":1.42,"rotation":119.83,"width":23,"height":39}},"arm3":{"arm_a":{"name":"normal5/arm2_a","x":12.35,"y":-0.9,"rotation":-150.83,"width":27,"height":23}},"arm4":{"arm_a":{"name":"normal5/arm2_a","x":12.42,"y":-1.22,"rotation":-143.96,"width":27,"height":23}},"espiral":{"espiral":{"name":"normal/espiral","x":11.75,"y":0.29,"rotation":-120.96,"width":27,"height":23}},"espiral2":{"espiral":{"name":"normal/espiral","x":10.34,"y":1.3,"rotation":-112.32,"width":27,"height":23}},"head":{"head_a":{"name":"normal5/head1_a","x":28.9,"y":-0.39,"rotation":-90,"width":64,"height":56},"head_a1":{"name":"normal5/head1_a1","x":25.44,"y":-0.38,"rotation":-90,"width":64,"height":56},"head_c":{"name":"normal5/head1_c","x":29.08,"y":-3.46,"rotation":-90,"width":55,"height":60},"head_b":{"name":"normal5/head_1_b","x":25.86,"y":0.3,"rotation":-90,"width":64,"height":56}},"head2":{"head_a":{"name":"normal5/head2_a","x":21.96,"y":-0.39,"rotation":-90,"width":44,"height":50},"head_a1":{"name":"normal5/head2_a1","x":22.36,"y":-0.38,"rotation":-90,"width":44,"height":50},"head_b":{"name":"normal5/head2_b","x":21.49,"y":0.3,"rotation":-90,"width":45,"height":50},"head_c":{"name":"normal5/head2_c","x":16.23,"y":-3.46,"rotation":-90,"width":45,"height":47}},"leg1":{"leg_a":{"name":"normal5/leg1_a","x":15.4,"y":1.44,"rotation":95.35,"width":17,"height":32},"leg_b":{"name":"normal5/leg1_b","x":15.37,"y":1.74,"rotation":95.35,"width":17,"height":32},"leg_c":{"name":"normal5/leg1_c","x":10.2,"y":4.15,"rotation":95.35,"width":26,"height":41}},"leg2":{"leg_a":{"name":"normal5/leg1_a","x":15.48,"y":-0.46,"scaleX":-1,"rotation":86.09,"width":17,"height":32},"leg_b2":{"name":"normal5/leg1_b","x":15.42,"y":-1.21,"scaleX":-1,"rotation":86.09,"width":17,"height":32},"leg_c2":{"name":"normal5/leg1_c","x":13.38,"y":4.46,"rotation":86.09,"width":26,"height":41}},"leg3":{"leg_a":{"name":"normal5/leg2_a","x":9.72,"y":0.91,"rotation":95.35,"width":13,"height":22},"leg_b":{"name":"normal5/leg2_b","x":9.28,"y":0.65,"rotation":95.35,"width":13,"height":22},"leg_c":{"name":"normal5/leg2_c","x":7.94,"y":3.32,"rotation":95.35,"width":18,"height":23}},"leg4":{"leg_a":{"name":"normal5/leg2_a","x":8.81,"scaleX":-1,"rotation":86.09,"width":13,"height":22},"leg_b2":{"name":"normal5/leg2_b","x":9.35,"y":0.44,"scaleX":-1,"rotation":86.09,"width":13,"height":22},"leg_c2":{"name":"normal5/leg2_c","x":9.1,"y":2.18,"rotation":86.09,"width":18,"height":23}},"short3":{"short1":{"name":"normal5/short2_1","x":-1.85,"y":-0.42,"rotation":95.35,"width":19,"height":23}},"short4":{"short1":{"name":"normal5/short2_2","x":-1.41,"y":-0.56,"rotation":86.09,"width":19,"height":23}},"torso":{"torso_a":{"name":"normal5/torso1_a","x":19.44,"y":0.05,"rotation":-90,"width":50,"height":60},"torso_b":{"name":"normal5/torso1_b","x":19.44,"y":0.05,"rotation":-90,"width":49,"height":60},"torso_c":{"name":"normal5/torso1_c","x":26.12,"y":0.66,"rotation":-90,"width":50,"height":73}},"torso2":{"torso_a":{"name":"normal5/torso2_a","x":19.44,"y":0.05,"rotation":-90,"width":34,"height":44},"torso_b":{"name":"normal5/torso2_b","x":19.44,"y":0.05,"rotation":-90,"width":33,"height":44},"torso_c":{"name":"normal5/torso2_c","x":26.12,"y":0.66,"rotation":-90,"width":26,"height":36}}}},"animations":{"idle":{"slots":{"arm1":{"color":[{"time":0,"color":"ffffffff","curve":"stepped"},{"time":1,"color":"ffffffff"}],"attachment":[{"time":0,"name":"arm_a"},{"time":1,"name":"arm_a"}]},"arm2":{"color":[{"time":0,"color":"ffffffff","curve":"stepped"},{"time":1,"color":"ffffffff"}],"attachment":[{"time":0,"name":"arm_a"},{"time":1,"name":"arm_a"}]},"arm3":{"color":[{"time":0,"color":"ffffffff","curve":"stepped"},{"time":1,"color":"ffffffff"}],"attachment":[{"time":0,"name":"arm_a"},{"time":1,"name":"arm_a"}]},"arm4":{"color":[{"time":0,"color":"ffffffff","curve":"stepped"},{"time":1,"color":"ffffffff"}],"attachment":[{"time":0,"name":"arm_a"},{"time":1,"name":"arm_a"}]},"espiral":{"color":[{"time":0,"color":"ffffffff","curve":"stepped"},{"time":1,"color":"ffffffff"}],"attachment":[{"time":0,"name":null},{"time":1,"name":null}]},"espiral2":{"color":[{"time":0,"color":"ffffffff","curve":"stepped"},{"time":1,"color":"ffffffff"}],"attachment":[{"time":0,"name":null},{"time":1,"name":null}]},"head":{"color":[{"time":0,"color":"ffffffff","curve":"stepped"},{"time":1,"color":"ffffffff"}],"attachment":[{"time":0,"name":"head_a"},{"time":1,"name":"head_a"}]},"head2":{"color":[{"time":0,"color":"ffffffff","curve":"stepped"},{"time":1,"color":"ffffffff"}],"attachment":[{"time":0,"name":"head_a"},{"time":1,"name":"head_a"}]},"leg1":{"color":[{"time":0,"color":"ffffffff","curve":"stepped"},{"time":1,"color":"ffffffff"}],"attachment":[{"time":0,"name":"leg_a"},{"time":1,"name":"leg_a"}]},"leg2":{"color":[{"time":0,"color":"ffffffff","curve":"stepped"},{"time":1,"color":"ffffffff"}],"attachment":[{"time":0,"name":"leg_a"},{"time":1,"name":"leg_a"}]},"leg3":{"color":[{"time":0,"color":"ffffffff","curve":"stepped"},{"time":1,"color":"ffffffff"}],"attachment":[{"time":0,"name":"leg_a"},{"time":1,"name":"leg_a"}]},"leg4":{"color":[{"time":0,"color":"ffffffff","curve":"stepped"},{"time":1,"color":"ffffffff"}],"attachment":[{"time":0,"name":"leg_a"},{"time":1,"name":"leg_a"}]},"short3":{"color":[{"time":0,"color":"ffffffff","curve":"stepped"},{"time":1,"color":"ffffffff"}],"attachment":[{"time":0,"name":null},{"time":1,"name":null}]},"short4":{"color":[{"time":0,"color":"ffffffff","curve":"stepped"},{"time":1,"color":"ffffffff"}],"attachment":[{"time":0,"name":null},{"time":1,"name":null}]},"torso":{"color":[{"time":0,"color":"ffffffff","curve":"stepped"},{"time":1,"color":"ffffffff"}],"attachment":[{"time":0,"name":"torso_a"},{"time":1,"name":"torso_a"}]},"torso2":{"color":[{"time":0,"color":"ffffffff","curve":"stepped"},{"time":1,"color":"ffffffff"}],"attachment":[{"time":0,"name":"torso_a"},{"time":1,"name":"torso_a"}]}},"bones":{"head":{"rotate":[{"time":0,"angle":0}],"translate":[{"time":0,"x":0,"y":0,"curve":[0.607,-0.25,0.829,0.92]},{"time":0.5333,"x":-1.21,"y":0,"curve":[0.607,-0.25,0.829,0.92]},{"time":1,"x":0,"y":0}],"scale":[{"time":0,"x":1,"y":1}]},"torso":{"rotate":[{"time":0,"angle":0}],"translate":[{"time":0,"x":0,"y":0,"curve":[0.579,0,0.775,0.94]},{"time":0.5,"x":0,"y":-1.43,"curve":[0.579,0,0.775,0.94]},{"time":1,"x":0,"y":0}],"scale":[{"time":0,"x":1,"y":1,"curve":[0.199,0.12,0.537,1.31]},{"time":0.5,"x":0.988,"y":1,"curve":[0.199,0.12,0.537,1.31]},{"time":1,"x":1,"y":1}]},"arm1":{"rotate":[{"time":0,"angle":0,"curve":[0.584,-0.2,0.796,0.91]},{"time":0.5,"angle":2.9,"curve":[0.584,-0.2,0.796,0.91]},{"time":1,"angle":0}],"translate":[{"time":0,"x":0,"y":0,"curve":[0.55,0,0.804,0.96]},{"time":0.5,"x":-0.91,"y":0,"curve":[0.55,0,0.804,0.96]},{"time":1,"x":0,"y":0}],"scale":[{"time":0,"x":1,"y":1}]},"root":{"rotate":[{"time":0,"angle":0}],"translate":[{"time":0,"x":0,"y":0}],"scale":[{"time":0,"x":1,"y":1}]},"arm2":{"rotate":[{"time":0,"angle":14.3}],"translate":[{"time":0,"x":0,"y":0}],"scale":[{"time":0,"x":1,"y":1}]},"leg2":{"rotate":[{"time":0,"angle":0}],"translate":[{"time":0,"x":0,"y":0}],"scale":[{"time":0,"x":1,"y":1,"curve":[0.752,0,0.899,0.87]},{"time":0.5,"x":0.956,"y":1,"curve":[0.752,0,0.899,0.87]},{"time":1,"x":1,"y":1}]},"leg1":{"rotate":[{"time":0,"angle":0}],"translate":[{"time":0,"x":0,"y":0}],"scale":[{"time":0,"x":1,"y":1,"curve":[0.752,0,0.899,0.87]},{"time":0.5,"x":0.956,"y":1,"curve":[0.752,0,0.899,0.87]},{"time":1,"x":1,"y":1}]},"espiral2":{"rotate":[{"time":0,"angle":0}],"translate":[{"time":0,"x":0,"y":0}],"scale":[{"time":0,"x":1,"y":1}]},"espiral1":{"rotate":[{"time":0,"angle":0}],"translate":[{"time":0,"x":0,"y":0}],"scale":[{"time":0,"x":1,"y":1}]},"torso2":{"rotate":[{"time":0,"angle":0}],"translate":[{"time":0,"x":0,"y":0,"curve":[0.25,0,0.75,1]},{"time":0.5,"x":0,"y":-1.43,"curve":[0.25,0,0.75,1]},{"time":1,"x":0,"y":0}],"scale":[{"time":0,"x":1,"y":1,"curve":[0.25,0,0.75,1]},{"time":0.5,"x":0.988,"y":1,"curve":[0.25,0,0.75,1]},{"time":1,"x":1,"y":1}]},"espiral4":{"rotate":[{"time":0,"angle":0}],"translate":[{"time":0,"x":0,"y":0}],"scale":[{"time":0,"x":1,"y":1}]},"espiral3":{"rotate":[{"time":0,"angle":0}],"translate":[{"time":0,"x":0,"y":0}],"scale":[{"time":0,"x":1,"y":1}]},"head2":{"rotate":[{"time":0,"angle":0}],"translate":[{"time":0,"x":0,"y":0,"curve":[0.607,-0.25,0.829,0.92]},{"time":0.5333,"x":-1.21,"y":0,"curve":[0.607,-0.25,0.829,0.92]},{"time":1,"x":0,"y":0}],"scale":[{"time":0,"x":1,"y":1}]},"arm3":{"rotate":[{"time":0,"angle":30.17}],"translate":[{"time":0,"x":2.42,"y":2.42}],"scale":[{"time":0,"x":1,"y":1}]},"leg3":{"rotate":[{"time":0,"angle":0}],"translate":[{"time":0,"x":0,"y":0}],"scale":[{"time":0,"x":1,"y":1,"curve":[0.752,0,0.899,0.87]},{"time":0.5,"x":0.956,"y":1,"curve":[0.752,0,0.899,0.87]},{"time":1,"x":1,"y":1}]},"leg4":{"rotate":[{"time":0,"angle":0}],"translate":[{"time":0,"x":0,"y":0}],"scale":[{"time":0,"x":1,"y":1,"curve":[0.752,0,0.899,0.87]},{"time":0.5,"x":0.956,"y":1,"curve":[0.752,0,0.899,0.87]},{"time":1,"x":1,"y":1}]},"arm4":{"rotate":[{"time":0,"angle":0,"curve":[0.584,-0.2,0.796,0.91]},{"time":0.5,"angle":2.9,"curve":[0.584,-0.2,0.796,0.91]},{"time":1,"angle":0}],"translate":[{"time":0,"x":0,"y":0,"curve":[0.55,0,0.804,0.96]},{"time":0.5,"x":-0.91,"y":0,"curve":[0.55,0,0.804,0.96]},{"time":1,"x":0,"y":0}],"scale":[{"time":0,"x":1,"y":1}]}},"drawOrder":[{"time":0},{"time":1}]},"lose":{"slots":{"arm1":{"color":[{"time":0,"color":"ffffffff","curve":"stepped"},{"time":1,"color":"ffffffff"}],"attachment":[{"time":0,"name":"arm_a"},{"time":1,"name":"arm_a"}]},"arm2":{"color":[{"time":0,"color":"ffffffff","curve":"stepped"},{"time":1,"color":"ffffffff"}],"attachment":[{"time":0,"name":"arm_a"},{"time":1,"name":"arm_a"}]},"arm3":{"color":[{"time":0,"color":"ffffffff","curve":"stepped"},{"time":1,"color":"ffffffff"}],"attachment":[{"time":0,"name":"arm_a"},{"time":1,"name":"arm_a"}]},"arm4":{"color":[{"time":0,"color":"ffffffff","curve":"stepped"},{"time":1,"color":"ffffffff"}],"attachment":[{"time":0,"name":"arm_a"},{"time":1,"name":"arm_a"}]},"espiral":{"color":[{"time":0,"color":"ffffffff","curve":"stepped"},{"time":1,"color":"ffffffff"}],"attachment":[{"time":0,"name":"espiral"},{"time":1,"name":"espiral"}]},"espiral2":{"color":[{"time":0,"color":"ffffffff","curve":"stepped"},{"time":1,"color":"ffffffff"}],"attachment":[{"time":0,"name":"espiral"},{"time":1,"name":"espiral"}]},"head":{"color":[{"time":0,"color":"ffffffff","curve":"stepped"},{"time":1,"color":"ffffffff"}],"attachment":[{"time":0,"name":"head_a1"},{"time":1,"name":"head_a1"}]},"head2":{"color":[{"time":0,"color":"ffffffff","curve":"stepped"},{"time":1,"color":"ffffffff"}],"attachment":[{"time":0,"name":"head_a1"},{"time":1,"name":"head_a1"}]},"leg1":{"color":[{"time":0,"color":"ffffffff","curve":"stepped"},{"time":1,"color":"ffffffff"}],"attachment":[{"time":0,"name":"leg_a"},{"time":1,"name":"leg_a"}]},"leg2":{"color":[{"time":0,"color":"ffffffff","curve":"stepped"},{"time":1,"color":"ffffffff"}],"attachment":[{"time":0,"name":"leg_a"},{"time":1,"name":"leg_a"}]},"leg3":{"color":[{"time":0,"color":"ffffffff","curve":"stepped"},{"time":1,"color":"ffffffff"}],"attachment":[{"time":0,"name":"leg_a"},{"time":1,"name":"leg_a"}]},"leg4":{"color":[{"time":0,"color":"ffffffff","curve":"stepped"},{"time":1,"color":"ffffffff"}],"attachment":[{"time":0,"name":"leg_a"},{"time":1,"name":"leg_a"}]},"short3":{"color":[{"time":0,"color":"ffffffff","curve":"stepped"},{"time":1,"color":"ffffffff"}],"attachment":[{"time":0,"name":null},{"time":1,"name":null}]},"short4":{"color":[{"time":0,"color":"ffffffff","curve":"stepped"},{"time":1,"color":"ffffffff"}],"attachment":[{"time":0,"name":null},{"time":1,"name":null}]},"torso":{"color":[{"time":0,"color":"ffffffff","curve":"stepped"},{"time":1,"color":"ffffffff"}],"attachment":[{"time":0,"name":"torso_a"},{"time":1,"name":"torso_a"}]},"torso2":{"color":[{"time":0,"color":"ffffffff","curve":"stepped"},{"time":1,"color":"ffffffff"}],"attachment":[{"time":0,"name":"torso_a"},{"time":1,"name":"torso_a"}]}},"bones":{"espiral2":{"rotate":[{"time":0,"angle":0}],"translate":[{"time":0,"x":0,"y":0,"curve":[0.699,0,0.779,0.91]},{"time":0.2666,"x":-0.38,"y":-0.45,"curve":[0.699,0,0.779,0.91]},{"time":0.5,"x":0,"y":0,"curve":[0.699,0,0.779,0.91]},{"time":0.7666,"x":-0.38,"y":-0.45,"curve":[0.699,0,0.779,0.91]},{"time":1,"x":0,"y":0}],"scale":[{"time":0,"x":1,"y":1,"curve":[0.205,0.16,0.663,1.47]},{"time":0.2666,"x":0.846,"y":1,"curve":[0.205,0.16,0.663,1.47]},{"time":0.5,"x":1,"y":1,"curve":[0.205,0.16,0.663,1.47]},{"time":0.7666,"x":0.846,"y":1,"curve":[0.205,0.16,0.663,1.47]},{"time":1,"x":1,"y":1}]},"espiral1":{"rotate":[{"time":0,"angle":0}],"translate":[{"time":0,"x":0,"y":0,"curve":[0.699,0,0.779,0.91]},{"time":0.2666,"x":-0.38,"y":-0.45,"curve":[0.699,0,0.779,0.91]},{"time":0.5,"x":0,"y":0,"curve":[0.699,0,0.779,0.91]},{"time":0.7666,"x":-0.38,"y":-0.45,"curve":[0.699,0,0.779,0.91]},{"time":1,"x":0,"y":0}],"scale":[{"time":0,"x":1,"y":1,"curve":[0.205,0.16,0.663,1.47]},{"time":0.2666,"x":0.846,"y":1,"curve":[0.205,0.16,0.663,1.47]},{"time":0.5,"x":1,"y":1,"curve":[0.205,0.16,0.663,1.47]},{"time":0.7666,"x":0.846,"y":1,"curve":[0.205,0.16,0.663,1.47]},{"time":1,"x":1,"y":1}]},"head":{"rotate":[{"time":0,"angle":0}],"translate":[{"time":0,"x":0,"y":0,"curve":[0.607,-0.25,0.829,0.92]},{"time":0.5333,"x":-1.21,"y":0,"curve":[0.607,-0.25,0.829,0.92]},{"time":1,"x":0,"y":0}],"scale":[{"time":0,"x":1,"y":1}]},"torso":{"rotate":[{"time":0,"angle":0}],"translate":[{"time":0,"x":0,"y":0,"curve":[0.579,0,0.775,0.94]},{"time":0.5,"x":0,"y":-1.43,"curve":[0.579,0,0.775,0.94]},{"time":1,"x":0,"y":0}],"scale":[{"time":0,"x":1,"y":1,"curve":[0.199,0.12,0.537,1.31]},{"time":0.5,"x":0.988,"y":1,"curve":[0.199,0.12,0.537,1.31]},{"time":1,"x":1,"y":1}]},"arm1":{"rotate":[{"time":0,"angle":0,"curve":[0.584,-0.2,0.796,0.91]},{"time":0.5,"angle":2.9,"curve":[0.584,-0.2,0.796,0.91]},{"time":1,"angle":0}],"translate":[{"time":0,"x":0,"y":0,"curve":[0.55,0,0.804,0.96]},{"time":0.5,"x":-0.91,"y":0,"curve":[0.55,0,0.804,0.96]},{"time":1,"x":0,"y":0}],"scale":[{"time":0,"x":1,"y":1}]},"leg1":{"rotate":[{"time":0,"angle":0}],"translate":[{"time":0,"x":0,"y":0}],"scale":[{"time":0,"x":1,"y":1,"curve":[0.752,0,0.899,0.87]},{"time":0.5,"x":0.956,"y":1,"curve":[0.752,0,0.899,0.87]},{"time":1,"x":1,"y":1}]},"leg2":{"rotate":[{"time":0,"angle":0}],"translate":[{"time":0,"x":0,"y":0}],"scale":[{"time":0,"x":1,"y":1,"curve":[0.752,0,0.899,0.87]},{"time":0.5,"x":0.956,"y":1,"curve":[0.752,0,0.899,0.87]},{"time":1,"x":1,"y":1}]},"arm2":{"rotate":[{"time":0,"angle":14.3}],"translate":[{"time":0,"x":0,"y":0}],"scale":[{"time":0,"x":1,"y":1}]},"root":{"rotate":[{"time":0,"angle":0}],"translate":[{"time":0,"x":0,"y":0}],"scale":[{"time":0,"x":1,"y":1}]},"head2":{"rotate":[{"time":0,"angle":0}],"translate":[{"time":0,"x":0,"y":0,"curve":[0.607,-0.25,0.829,0.92]},{"time":0.5333,"x":-1.21,"y":0,"curve":[0.607,-0.25,0.829,0.92]},{"time":1,"x":0,"y":0}],"scale":[{"time":0,"x":1,"y":1}]},"torso2":{"rotate":[{"time":0,"angle":0}],"translate":[{"time":0,"x":0,"y":0,"curve":[0.579,0,0.775,0.94]},{"time":0.5,"x":0,"y":-1.43,"curve":[0.579,0,0.775,0.94]},{"time":1,"x":0,"y":0}],"scale":[{"time":0,"x":1,"y":1,"curve":[0.199,0.12,0.537,1.31]},{"time":0.5,"x":0.988,"y":1,"curve":[0.199,0.12,0.537,1.31]},{"time":1,"x":1,"y":1}]},"arm3":{"rotate":[{"time":0,"angle":30.17}],"translate":[{"time":0,"x":2.42,"y":2.42}],"scale":[{"time":0,"x":1,"y":1}]},"leg3":{"rotate":[{"time":0,"angle":0}],"translate":[{"time":0,"x":0,"y":0}],"scale":[{"time":0,"x":1,"y":1,"curve":[0.752,0,0.899,0.87]},{"time":0.5,"x":0.956,"y":1,"curve":[0.752,0,0.899,0.87]},{"time":1,"x":1,"y":1}]},"leg4":{"rotate":[{"time":0,"angle":0}],"translate":[{"time":0,"x":0,"y":0}],"scale":[{"time":0,"x":1,"y":1,"curve":[0.752,0,0.899,0.87]},{"time":0.5,"x":0.956,"y":1,"curve":[0.752,0,0.899,0.87]},{"time":1,"x":1,"y":1}]},"arm4":{"rotate":[{"time":0,"angle":0,"curve":[0.584,-0.2,0.796,0.91]},{"time":0.5,"angle":2.9,"curve":[0.584,-0.2,0.796,0.91]},{"time":1,"angle":0}],"translate":[{"time":0,"x":0,"y":0,"curve":[0.55,0,0.804,0.96]},{"time":0.5,"x":-0.91,"y":0,"curve":[0.55,0,0.804,0.96]},{"time":1,"x":0,"y":0}],"scale":[{"time":0,"x":1,"y":1}]},"espiral3":{"rotate":[{"time":0,"angle":0}],"translate":[{"time":0,"x":0,"y":0}],"scale":[{"time":0,"x":1,"y":1}]},"espiral4":{"rotate":[{"time":0,"angle":0}],"translate":[{"time":0,"x":0,"y":0}],"scale":[{"time":0,"x":1,"y":1}]}},"drawOrder":[{"time":0},{"time":1}]},"lose_still":{"slots":{"arm1":{"color":[{"time":0,"color":"ffffffff","curve":"stepped"},{"time":0.6666,"color":"ffffffff"}],"attachment":[{"time":0,"name":"arm_a"},{"time":0.6666,"name":"arm_a"}]},"arm2":{"color":[{"time":0,"color":"ffffffff","curve":"stepped"},{"time":0.6666,"color":"ffffffff"}],"attachment":[{"time":0,"name":"arm_a"},{"time":0.6666,"name":"arm_a"}]},"arm3":{"attachment":[{"time":0,"name":"arm_a"},{"time":0.6666,"name":"arm_a"}]},"arm4":{"attachment":[{"time":0,"name":"arm_a"},{"time":0.6666,"name":"arm_a"}]},"espiral":{"color":[{"time":0,"color":"ffffffff","curve":"stepped"},{"time":0.6666,"color":"ffffffff"}],"attachment":[{"time":0,"name":"espiral"},{"time":0.6666,"name":"espiral"}]},"espiral2":{"color":[{"time":0,"color":"ffffffff","curve":"stepped"},{"time":0.6666,"color":"ffffffff"}],"attachment":[{"time":0,"name":"espiral"},{"time":0.6666,"name":"espiral"}]},"head":{"color":[{"time":0,"color":"ffffffff","curve":"stepped"},{"time":0.6666,"color":"ffffffff"}],"attachment":[{"time":0,"name":"head_b"},{"time":0.6666,"name":"head_b"}]},"head2":{"attachment":[{"time":0,"name":"head_b"},{"time":0.6666,"name":"head_b"}]},"leg1":{"color":[{"time":0,"color":"ffffffff","curve":"stepped"},{"time":0.6666,"color":"ffffffff"}],"attachment":[{"time":0,"name":"leg_b"},{"time":0.6666,"name":"leg_b"}]},"leg2":{"color":[{"time":0,"color":"ffffffff","curve":"stepped"},{"time":0.6666,"color":"ffffffff"}],"attachment":[{"time":0,"name":"leg_b2"},{"time":0.6666,"name":"leg_b2"}]},"leg3":{"attachment":[{"time":0,"name":"leg_b"},{"time":0.6666,"name":"leg_b"}]},"leg4":{"attachment":[{"time":0,"name":"leg_b2"},{"time":0.6666,"name":"leg_b2"}]},"short3":{"attachment":[{"time":0,"name":null},{"time":0.6666,"name":null}]},"short4":{"attachment":[{"time":0,"name":null},{"time":0.6666,"name":null}]},"torso":{"color":[{"time":0,"color":"ffffffff","curve":"stepped"},{"time":0.6666,"color":"ffffffff"}],"attachment":[{"time":0,"name":"torso_b"},{"time":0.6666,"name":"torso_b"}]},"torso2":{"attachment":[{"time":0,"name":"torso_b"},{"time":0.6666,"name":"torso_b"}]}},"bones":{"torso":{"rotate":[{"time":0,"angle":1,"curve":[0.575,0,0.796,0.88]},{"time":0.3333,"angle":-1,"curve":[0.575,0,0.796,0.88]},{"time":0.6666,"angle":1}],"translate":[{"time":0,"x":0,"y":0,"curve":[0.405,-0.5,0.745,0.95]},{"time":0.1666,"x":0,"y":-2.41,"curve":[0.605,-0.02,0.743,0.96]},{"time":0.3333,"x":0,"y":0,"curve":[0.405,-0.5,0.745,0.95]},{"time":0.5,"x":0,"y":-2.41,"curve":[0.605,-0.02,0.743,0.96]},{"time":0.6666,"x":0,"y":0}],"scale":[{"time":0,"x":1,"y":1,"curve":[0.932,0,0.823,1.29]},{"time":0.2,"x":0.963,"y":1,"curve":[0.428,-0.53,0.823,0.82]},{"time":0.3666,"x":1,"y":1,"curve":[0.932,0,0.823,1.29]},{"time":0.5333,"x":0.963,"y":1,"curve":[0.428,-0.53,0.823,0.82]},{"time":0.6666,"x":1,"y":1}]},"arm1":{"rotate":[{"time":0,"angle":2.75,"curve":[0.454,-0.19,0.715,0.45]},{"time":0.1666,"angle":-7.88,"curve":[0.444,0.44,0.729,0.92]},{"time":0.3333,"angle":7.13,"curve":[0.454,-0.19,0.715,0.45]},{"time":0.5333,"angle":-7.37,"curve":[0.444,0.44,0.729,0.92]},{"time":0.6666,"angle":2.75}],"translate":[{"time":0,"x":0,"y":0}],"scale":[{"time":0,"x":1,"y":1,"curve":[0.804,0,0.855,0.9]},{"time":0.1666,"x":1.012,"y":1,"curve":[0.483,-0.62,0.831,0.88]},{"time":0.3666,"x":1,"y":1,"curve":[0.804,0,0.855,0.9]},{"time":0.5333,"x":1.012,"y":1,"curve":[0.483,-0.62,0.831,0.88]},{"time":0.6666,"x":1,"y":1}]},"leg1":{"rotate":[{"time":0,"angle":0,"curve":"stepped"},{"time":0.3333,"angle":0,"curve":[0.815,0,0.768,0.95]},{"time":0.5,"angle":-11.78,"curve":[0.607,-0.36,0.794,0.93]},{"time":0.6666,"angle":0}],"translate":[{"time":0,"x":6.17,"y":-0.1,"curve":[0.699,0,0.75,1]},{"time":0.3333,"x":-2.59,"y":-0.04,"curve":"stepped"},{"time":0.5,"x":-2.59,"y":-0.04,"curve":[0.25,0,0.75,1]},{"time":0.6666,"x":6.17,"y":-0.1}],"scale":[{"time":0,"x":1,"y":1}]},"arm2":{"rotate":[{"time":0,"angle":15.1}],"translate":[{"time":0,"x":0.04,"y":2.39}],"scale":[{"time":0,"x":1,"y":1}]},"leg2":{"rotate":[{"time":0,"angle":0,"curve":[0.808,0,0.838,0.91]},{"time":0.1666,"angle":9.94,"curve":[0.703,-0.35,0.796,0.88]},{"time":0.3333,"angle":0}],"translate":[{"time":0,"x":-1.8,"y":0.03,"curve":"stepped"},{"time":0.1666,"x":-1.8,"y":0.03,"curve":[0.25,0,0.75,1]},{"time":0.3333,"x":6.61,"y":-0.02,"curve":[0.607,0,0.75,1]},{"time":0.6666,"x":-1.8,"y":0.03}],"scale":[{"time":0,"x":1,"y":1}]},"head":{"rotate":[{"time":0,"angle":0}],"translate":[{"time":0,"x":0,"y":0,"curve":[0.5,-0.7,0.813,0.85]},{"time":0.1666,"x":-1.35,"y":0,"curve":[0.432,-0.46,0.781,0.88]},{"time":0.3666,"x":0,"y":0,"curve":[0.5,-0.7,0.813,0.85]},{"time":0.5333,"x":-1.35,"y":0,"curve":[0.432,-0.46,0.781,0.88]},{"time":0.6666,"x":0,"y":0}],"scale":[{"time":0,"x":1,"y":1}]},"espiral1":{"rotate":[{"time":0,"angle":0}],"translate":[{"time":0,"x":0,"y":0,"curve":[0.699,0,0.779,0.91]},{"time":0.1666,"x":-0.38,"y":-0.45,"curve":[0.699,0,0.779,0.91]},{"time":0.3333,"x":0,"y":0,"curve":[0.699,0,0.779,0.91]},{"time":0.5333,"x":-0.38,"y":-0.45,"curve":[0.699,0,0.779,0.91]},{"time":0.6666,"x":0,"y":0}],"scale":[{"time":0,"x":1,"y":1,"curve":[0.205,0.16,0.663,1.47]},{"time":0.1666,"x":0.846,"y":1,"curve":[0.205,0.16,0.663,1.47]},{"time":0.3333,"x":1,"y":1,"curve":[0.205,0.16,0.663,1.47]},{"time":0.5333,"x":0.846,"y":1,"curve":[0.205,0.16,0.663,1.47]},{"time":0.6666,"x":1,"y":1}]},"root":{"rotate":[{"time":0,"angle":0}],"translate":[{"time":0,"x":0,"y":0}],"scale":[{"time":0,"x":1,"y":1}]},"espiral2":{"rotate":[{"time":0,"angle":0}],"translate":[{"time":0,"x":0,"y":0,"curve":[0.699,0,0.779,0.91]},{"time":0.1666,"x":-0.38,"y":-0.45,"curve":[0.699,0,0.779,0.91]},{"time":0.3333,"x":0,"y":0,"curve":[0.699,0,0.779,0.91]},{"time":0.5333,"x":-0.38,"y":-0.45,"curve":[0.699,0,0.779,0.91]},{"time":0.6666,"x":0,"y":0}],"scale":[{"time":0,"x":1,"y":1,"curve":[0.205,0.16,0.663,1.47]},{"time":0.1666,"x":0.846,"y":1,"curve":[0.205,0.16,0.663,1.47]},{"time":0.3333,"x":1,"y":1,"curve":[0.205,0.16,0.663,1.47]},{"time":0.5333,"x":0.846,"y":1,"curve":[0.205,0.16,0.663,1.47]},{"time":0.6666,"x":1,"y":1}]},"head2":{"rotate":[{"time":0,"angle":0}],"translate":[{"time":0,"x":0,"y":0,"curve":[0.5,-0.7,0.813,0.85]},{"time":0.1666,"x":-1.35,"y":0,"curve":[0.432,-0.46,0.781,0.88]},{"time":0.3666,"x":0,"y":0,"curve":[0.5,-0.7,0.813,0.85]},{"time":0.5333,"x":-1.35,"y":0,"curve":[0.432,-0.46,0.781,0.88]},{"time":0.6666,"x":0,"y":0}],"scale":[{"time":0,"x":1,"y":1}]},"torso2":{"rotate":[{"time":0,"angle":1,"curve":[0.575,0,0.796,0.88]},{"time":0.3333,"angle":-1,"curve":[0.575,0,0.796,0.88]},{"time":0.6666,"angle":1}],"translate":[{"time":0,"x":0,"y":0,"curve":[0.405,-0.5,0.745,0.95]},{"time":0.1666,"x":0,"y":-2.41,"curve":[0.605,-0.02,0.743,0.96]},{"time":0.3333,"x":0,"y":0,"curve":[0.405,-0.5,0.745,0.95]},{"time":0.5,"x":0,"y":-2.41,"curve":[0.605,-0.02,0.743,0.96]},{"time":0.6666,"x":0,"y":0}],"scale":[{"time":0,"x":1,"y":1,"curve":[0.932,0,0.823,1.29]},{"time":0.2,"x":0.963,"y":1,"curve":[0.428,-0.53,0.823,0.82]},{"time":0.3666,"x":1,"y":1,"curve":[0.932,0,0.823,1.29]},{"time":0.5333,"x":0.963,"y":1,"curve":[0.428,-0.53,0.823,0.82]},{"time":0.6666,"x":1,"y":1}]},"arm3":{"rotate":[{"time":0,"angle":19.77}],"translate":[{"time":0,"x":0,"y":0}],"scale":[{"time":0,"x":1,"y":1}]},"leg3":{"rotate":[{"time":0,"angle":0,"curve":"stepped"},{"time":0.3333,"angle":0,"curve":[0.815,0,0.768,0.95]},{"time":0.5,"angle":-11.78,"curve":[0.607,-0.36,0.794,0.93]},{"time":0.6666,"angle":0}],"translate":[{"time":0,"x":6.12,"y":-2.68,"curve":[0.699,0,0.75,1]},{"time":0.3333,"x":-2.56,"y":-1.76,"curve":"stepped"},{"time":0.5,"x":-2.56,"y":-1.76,"curve":[0.25,0,0.75,1]},{"time":0.6666,"x":6.12,"y":-2.68}],"scale":[{"time":0,"x":1,"y":1}]},"leg4":{"rotate":[{"time":0,"angle":0,"curve":[0.808,0,0.838,0.91]},{"time":0.1666,"angle":9.94,"curve":[0.703,-0.35,0.796,0.88]},{"time":0.3333,"angle":0}],"translate":[{"time":0,"x":-1.75,"y":2.71,"curve":"stepped"},{"time":0.1666,"x":-1.75,"y":2.71,"curve":[0.25,0,0.75,1]},{"time":0.3333,"x":6.57,"y":2.21,"curve":[0.607,0,0.75,1]},{"time":0.6666,"x":-1.75,"y":2.71}],"scale":[{"time":0,"x":1,"y":1}]},"arm4":{"rotate":[{"time":0,"angle":2.75,"curve":[0.454,-0.19,0.715,0.45]},{"time":0.1666,"angle":-7.88,"curve":[0.444,0.44,0.729,0.92]},{"time":0.3333,"angle":7.13,"curve":[0.454,-0.19,0.715,0.45]},{"time":0.5333,"angle":-7.37,"curve":[0.444,0.44,0.729,0.92]},{"time":0.6666,"angle":2.75}],"translate":[{"time":0,"x":0,"y":0}],"scale":[{"time":0,"x":1,"y":1,"curve":[0.804,0,0.855,0.9]},{"time":0.1666,"x":1.012,"y":1,"curve":[0.483,-0.62,0.831,0.88]},{"time":0.3666,"x":1,"y":1,"curve":[0.804,0,0.855,0.9]},{"time":0.5333,"x":1.012,"y":1,"curve":[0.483,-0.62,0.831,0.88]},{"time":0.6666,"x":1,"y":1}]},"espiral3":{"rotate":[{"time":0,"angle":0}],"translate":[{"time":0,"x":0,"y":0}],"scale":[{"time":0,"x":1,"y":1}]},"espiral4":{"rotate":[{"time":0,"angle":0}],"translate":[{"time":0,"x":0,"y":0}],"scale":[{"time":0,"x":1,"y":1}]}},"drawOrder":[{"time":0,"offsets":[{"slot":"arm2","offset":7}]},{"time":0.1666,"offsets":[{"slot":"arm1","offset":3},{"slot":"arm3","offset":-5}]},{"time":0.6666,"offsets":[{"slot":"arm2","offset":7}]}]},"walk_back":{"slots":{"arm1":{"color":[{"time":0,"color":"ffffffff","curve":"stepped"},{"time":1,"color":"ffffffff"}],"attachment":[{"time":0,"name":"arm_a"},{"time":1,"name":"arm_a"}]},"arm2":{"color":[{"time":0,"color":"ffffffff","curve":"stepped"},{"time":1,"color":"ffffffff"}],"attachment":[{"time":0,"name":"arm_a"},{"time":1,"name":"arm_a"}]},"arm3":{"attachment":[{"time":0,"name":"arm_a"},{"time":1,"name":"arm_a"}]},"arm4":{"attachment":[{"time":0,"name":"arm_a"},{"time":1,"name":"arm_a"}]},"espiral":{"attachment":[{"time":0,"name":null},{"time":1,"name":null}]},"espiral2":{"attachment":[{"time":0,"name":null},{"time":1,"name":null}]},"head":{"color":[{"time":0,"color":"ffffffff","curve":"stepped"},{"time":1,"color":"ffffffff"}],"attachment":[{"time":0,"name":"head_b"},{"time":1,"name":"head_b"}]},"head2":{"attachment":[{"time":0,"name":"head_b"},{"time":1,"name":"head_b"}]},"leg1":{"color":[{"time":0,"color":"ffffffff","curve":"stepped"},{"time":1,"color":"ffffffff"}],"attachment":[{"time":0,"name":"leg_b"},{"time":1,"name":"leg_b"}]},"leg2":{"color":[{"time":0,"color":"ffffffff","curve":"stepped"},{"time":1,"color":"ffffffff"}],"attachment":[{"time":0,"name":"leg_b2"},{"time":1,"name":"leg_b2"}]},"leg3":{"attachment":[{"time":0,"name":"leg_b"},{"time":1,"name":"leg_b"}]},"leg4":{"attachment":[{"time":0,"name":"leg_b2"},{"time":1,"name":"leg_b2"}]},"short3":{"attachment":[{"time":0,"name":null},{"time":1,"name":null}]},"short4":{"attachment":[{"time":0,"name":null},{"time":1,"name":null}]},"torso":{"color":[{"time":0,"color":"ffffffff","curve":"stepped"},{"time":1,"color":"ffffffff"}],"attachment":[{"time":0,"name":"torso_b"},{"time":1,"name":"torso_b"}]},"torso2":{"attachment":[{"time":0,"name":"torso_b"},{"time":1,"name":"torso_b"}]}},"bones":{"root":{"rotate":[{"time":0,"angle":0}],"translate":[{"time":0,"x":0,"y":0}],"scale":[{"time":0,"x":1,"y":1}]},"arm2":{"rotate":[{"time":0,"angle":17.49}],"translate":[{"time":0,"x":0,"y":0}],"scale":[{"time":0,"x":1,"y":1}]},"leg2":{"rotate":[{"time":0,"angle":0,"curve":[0.808,0,0.838,0.91]},{"time":0.2666,"angle":9.94,"curve":[0.703,-0.35,0.796,0.88]},{"time":0.5,"angle":0}],"translate":[{"time":0,"x":-1.8,"y":0.03,"curve":"stepped"},{"time":0.2666,"x":-1.8,"y":0.03,"curve":[0.25,0,0.75,1]},{"time":0.5,"x":6.61,"y":-0.02,"curve":[0.607,0,0.75,1]},{"time":1,"x":-1.8,"y":0.03}],"scale":[{"time":0,"x":1,"y":1}]},"arm1":{"rotate":[{"time":0,"angle":2.75,"curve":[0.454,-0.19,0.715,0.45]},{"time":0.2666,"angle":-7.88,"curve":[0.444,0.44,0.729,0.92]},{"time":0.5,"angle":7.13,"curve":[0.454,-0.19,0.715,0.45]},{"time":0.7666,"angle":-7.37,"curve":[0.444,0.44,0.729,0.92]},{"time":1,"angle":2.75}],"translate":[{"time":0,"x":0,"y":0}],"scale":[{"time":0,"x":1,"y":1,"curve":[0.804,0,0.855,0.9]},{"time":0.2666,"x":1.012,"y":1,"curve":[0.483,-0.62,0.831,0.88]},{"time":0.5333,"x":1,"y":1,"curve":[0.804,0,0.855,0.9]},{"time":0.7666,"x":1.012,"y":1,"curve":[0.483,-0.62,0.831,0.88]},{"time":1,"x":1,"y":1}]},"torso":{"rotate":[{"time":0,"angle":1,"curve":[0.575,0,0.796,0.88]},{"time":0.5,"angle":-1,"curve":[0.575,0,0.796,0.88]},{"time":1,"angle":1}],"translate":[{"time":0,"x":0,"y":0,"curve":[0.405,-0.5,0.745,0.95]},{"time":0.2333,"x":0,"y":-2.41,"curve":[0.605,-0.02,0.743,0.96]},{"time":0.5,"x":0,"y":0,"curve":[0.405,-0.5,0.745,0.95]},{"time":0.7333,"x":0,"y":-2.41,"curve":[0.605,-0.02,0.743,0.96]},{"time":1,"x":0,"y":0}],"scale":[{"time":0,"x":1,"y":1,"curve":[0.932,0,0.823,1.29]},{"time":0.2666,"x":0.963,"y":1,"curve":[0.428,-0.53,0.823,0.82]},{"time":0.5333,"x":1,"y":1,"curve":[0.932,0,0.823,1.29]},{"time":0.7666,"x":0.963,"y":1,"curve":[0.428,-0.53,0.823,0.82]},{"time":1,"x":1,"y":1}]},"leg1":{"rotate":[{"time":0,"angle":0,"curve":"stepped"},{"time":0.5,"angle":0,"curve":[0.815,0,0.768,0.95]},{"time":0.7333,"angle":-11.78,"curve":[0.607,-0.36,0.794,0.93]},{"time":1,"angle":0}],"translate":[{"time":0,"x":6.17,"y":-0.1,"curve":[0.699,0,0.75,1]},{"time":0.5,"x":-2.59,"y":-0.04,"curve":"stepped"},{"time":0.7333,"x":-2.59,"y":-0.04,"curve":[0.25,0,0.75,1]},{"time":1,"x":6.17,"y":-0.1}],"scale":[{"time":0,"x":1,"y":1}]},"head":{"rotate":[{"time":0,"angle":0}],"translate":[{"time":0,"x":0,"y":0,"curve":[0.5,-0.7,0.813,0.85]},{"time":0.2666,"x":-1.35,"y":0,"curve":[0.432,-0.46,0.781,0.88]},{"time":0.5333,"x":0,"y":0,"curve":[0.5,-0.7,0.813,0.85]},{"time":0.7666,"x":-1.35,"y":0,"curve":[0.432,-0.46,0.781,0.88]},{"time":1,"x":0,"y":0}],"scale":[{"time":0,"x":1,"y":1}]},"espiral1":{"rotate":[{"time":0,"angle":0}],"translate":[{"time":0,"x":0,"y":0}],"scale":[{"time":0,"x":1,"y":1}]},"espiral2":{"rotate":[{"time":0,"angle":0}],"translate":[{"time":0,"x":0,"y":0}],"scale":[{"time":0,"x":1,"y":1}]},"leg4":{"rotate":[{"time":0,"angle":0,"curve":[0.808,0,0.838,0.91]},{"time":0.2333,"angle":9.94,"curve":[0.703,-0.35,0.796,0.88]},{"time":0.5,"angle":0}],"translate":[{"time":0,"x":-1.75,"y":2.71,"curve":"stepped"},{"time":0.2333,"x":-1.75,"y":2.71,"curve":[0.25,0,0.75,1]},{"time":0.5,"x":6.57,"y":2.21,"curve":[0.607,0,0.75,1]},{"time":1,"x":-1.75,"y":2.71}],"scale":[{"time":0,"x":1,"y":1}]},"head2":{"rotate":[{"time":0,"angle":0}],"translate":[{"time":0,"x":0,"y":0,"curve":[0.5,-0.7,0.813,0.85]},{"time":0.2666,"x":-1.35,"y":0,"curve":[0.432,-0.46,0.781,0.88]},{"time":0.5666,"x":0,"y":0,"curve":[0.5,-0.7,0.813,0.85]},{"time":0.8,"x":-1.35,"y":0,"curve":[0.432,-0.46,0.781,0.88]},{"time":1,"x":0,"y":0}],"scale":[{"time":0,"x":1,"y":1}]},"torso2":{"rotate":[{"time":0,"angle":1,"curve":[0.575,0,0.796,0.88]},{"time":0.5,"angle":-1,"curve":[0.575,0,0.796,0.88]},{"time":1,"angle":1}],"translate":[{"time":0,"x":0,"y":0,"curve":[0.405,-0.5,0.745,0.95]},{"time":0.2666,"x":0,"y":-2.41,"curve":[0.605,-0.02,0.743,0.96]},{"time":0.5,"x":0,"y":0,"curve":[0.405,-0.5,0.745,0.95]},{"time":0.7666,"x":0,"y":-2.41,"curve":[0.605,-0.02,0.743,0.96]},{"time":1,"x":0,"y":0}],"scale":[{"time":0,"x":1,"y":1,"curve":[0.932,0,0.823,1.29]},{"time":0.3,"x":0.963,"y":1,"curve":[0.428,-0.53,0.823,0.82]},{"time":0.5666,"x":1,"y":1,"curve":[0.932,0,0.823,1.29]},{"time":0.8,"x":0.963,"y":1,"curve":[0.428,-0.53,0.823,0.82]},{"time":1,"x":1,"y":1}]},"espiral3":{"rotate":[{"time":0,"angle":0}],"translate":[{"time":0,"x":0,"y":0}],"scale":[{"time":0,"x":1,"y":1}]},"arm4":{"rotate":[{"time":0,"angle":2.75,"curve":[0.454,-0.19,0.715,0.45]},{"time":0.2666,"angle":-7.88,"curve":[0.444,0.44,0.729,0.92]},{"time":0.5,"angle":7.13,"curve":[0.454,-0.19,0.715,0.45]},{"time":0.8,"angle":-7.37,"curve":[0.444,0.44,0.729,0.92]},{"time":1,"angle":2.75}],"translate":[{"time":0,"x":0,"y":0}],"scale":[{"time":0,"x":1,"y":1,"curve":[0.804,0,0.855,0.9]},{"time":0.2666,"x":1.012,"y":1,"curve":[0.483,-0.62,0.831,0.88]},{"time":0.5666,"x":1,"y":1,"curve":[0.804,0,0.855,0.9]},{"time":0.8,"x":1.012,"y":1,"curve":[0.483,-0.62,0.831,0.88]},{"time":1,"x":1,"y":1}]},"espiral4":{"rotate":[{"time":0,"angle":0}],"translate":[{"time":0,"x":0,"y":0}],"scale":[{"time":0,"x":1,"y":1}]},"arm3":{"rotate":[{"time":0,"angle":19.77}],"translate":[{"time":0,"x":0,"y":0}],"scale":[{"time":0,"x":1,"y":1}]},"leg3":{"rotate":[{"time":0,"angle":0,"curve":"stepped"},{"time":0.5,"angle":0,"curve":[0.815,0,0.768,0.95]},{"time":0.7666,"angle":-11.78,"curve":[0.607,-0.36,0.794,0.93]},{"time":1,"angle":0}],"translate":[{"time":0,"x":6.12,"y":-2.68,"curve":[0.699,0,0.75,1]},{"time":0.5,"x":-2.56,"y":-1.76,"curve":"stepped"},{"time":0.7666,"x":-2.56,"y":-1.76,"curve":[0.25,0,0.75,1]},{"time":1,"x":6.12,"y":-2.68}],"scale":[{"time":0,"x":1,"y":1}]}},"drawOrder":[{"time":0,"offsets":[{"slot":"arm2","offset":7}]},{"time":0.2333,"offsets":[{"slot":"arm1","offset":3},{"slot":"arm3","offset":-5}]},{"time":0.5666,"offsets":[{"slot":"arm1","offset":3},{"slot":"arm3","offset":-5}]},{"time":0.6666,"offsets":[{"slot":"arm2","offset":7}]},{"time":0.7,"offsets":[{"slot":"arm2","offset":7}]},{"time":1,"offsets":[{"slot":"arm2","offset":7}]}]},"walk_front":{"slots":{"arm1":{"color":[{"time":0,"color":"ffffffff","curve":"stepped"},{"time":1,"color":"ffffffff"}],"attachment":[{"time":0,"name":"arm_a"},{"time":1,"name":"arm_a"}]},"arm2":{"color":[{"time":0,"color":"ffffffff","curve":"stepped"},{"time":1,"color":"ffffffff"}],"attachment":[{"time":0,"name":"arm_a"},{"time":1,"name":"arm_a"}]},"arm3":{"attachment":[{"time":0,"name":"arm_a"},{"time":1,"name":"arm_a"}]},"arm4":{"attachment":[{"time":0,"name":"arm_a"},{"time":1,"name":"arm_a"}]},"espiral":{"attachment":[{"time":0,"name":null},{"time":1,"name":null}]},"espiral2":{"attachment":[{"time":0,"name":null},{"time":1,"name":null}]},"head":{"color":[{"time":0,"color":"ffffffff","curve":"stepped"},{"time":1,"color":"ffffffff"}],"attachment":[{"time":0,"name":"head_a"},{"time":1,"name":"head_a"}]},"head2":{"attachment":[{"time":0,"name":"head_a"},{"time":1,"name":"head_a"}]},"leg1":{"color":[{"time":0,"color":"ffffffff","curve":"stepped"},{"time":1,"color":"ffffffff"}],"attachment":[{"time":0,"name":"leg_a"},{"time":1,"name":"leg_a"}]},"leg2":{"color":[{"time":0,"color":"ffffffff","curve":"stepped"},{"time":1,"color":"ffffffff"}],"attachment":[{"time":0,"name":"leg_a"},{"time":1,"name":"leg_a"}]},"leg3":{"attachment":[{"time":0,"name":"leg_a"},{"time":1,"name":"leg_a"}]},"leg4":{"attachment":[{"time":0,"name":"leg_a"},{"time":1,"name":"leg_a"}]},"short3":{"attachment":[{"time":0,"name":null},{"time":1,"name":null}]},"short4":{"attachment":[{"time":0,"name":null},{"time":1,"name":null}]},"torso":{"color":[{"time":0,"color":"ffffffff","curve":"stepped"},{"time":1,"color":"ffffffff"}],"attachment":[{"time":0,"name":"torso_a"},{"time":1,"name":"torso_a"}]},"torso2":{"attachment":[{"time":0,"name":"torso_a"},{"time":1,"name":"torso_a"}]}},"bones":{"head":{"rotate":[{"time":0,"angle":0}],"translate":[{"time":0,"x":0,"y":0,"curve":[0.5,-0.7,0.813,0.85]},{"time":0.2666,"x":-1.35,"y":0,"curve":[0.432,-0.46,0.781,0.88]},{"time":0.5333,"x":0,"y":0,"curve":[0.5,-0.7,0.813,0.85]},{"time":0.7666,"x":-1.35,"y":0,"curve":[0.432,-0.46,0.781,0.88]},{"time":1,"x":0,"y":0}],"scale":[{"time":0,"x":1,"y":1}]},"arm1":{"rotate":[{"time":0,"angle":2.75,"curve":[0.454,-0.19,0.715,0.45]},{"time":0.2666,"angle":-7.88,"curve":[0.444,0.44,0.729,0.92]},{"time":0.5,"angle":7.13,"curve":[0.454,-0.19,0.715,0.45]},{"time":0.7666,"angle":-7.37,"curve":[0.444,0.44,0.729,0.92]},{"time":1,"angle":2.75}],"translate":[{"time":0,"x":0,"y":0}],"scale":[{"time":0,"x":1,"y":1,"curve":[0.804,0,0.855,0.9]},{"time":0.2666,"x":1.012,"y":1,"curve":[0.483,-0.62,0.831,0.88]},{"time":0.5333,"x":1,"y":1,"curve":[0.804,0,0.855,0.9]},{"time":0.7666,"x":1.012,"y":1,"curve":[0.483,-0.62,0.831,0.88]},{"time":1,"x":1,"y":1}]},"torso":{"rotate":[{"time":0,"angle":1,"curve":[0.575,0,0.796,0.88]},{"time":0.5,"angle":-1,"curve":[0.575,0,0.796,0.88]},{"time":1,"angle":1}],"translate":[{"time":0,"x":0,"y":0,"curve":[0.405,-0.5,0.745,0.95]},{"time":0.2333,"x":0,"y":-2.41,"curve":[0.605,-0.02,0.743,0.96]},{"time":0.5,"x":0,"y":0,"curve":[0.405,-0.5,0.745,0.95]},{"time":0.7333,"x":0,"y":-2.41,"curve":[0.605,-0.02,0.743,0.96]},{"time":1,"x":0,"y":0}],"scale":[{"time":0,"x":1,"y":1,"curve":[0.932,0,0.823,1.29]},{"time":0.2666,"x":0.963,"y":1,"curve":[0.428,-0.53,0.823,0.82]},{"time":0.5333,"x":1,"y":1,"curve":[0.932,0,0.823,1.29]},{"time":0.7666,"x":0.963,"y":1,"curve":[0.428,-0.53,0.823,0.82]},{"time":1,"x":1,"y":1}]},"root":{"rotate":[{"time":0,"angle":0}],"translate":[{"time":0,"x":0,"y":0}],"scale":[{"time":0,"x":1,"y":1}]},"arm2":{"rotate":[{"time":0,"angle":19.84}],"translate":[{"time":0,"x":2.49,"y":0.57}],"scale":[{"time":0,"x":1,"y":1}]},"leg2":{"rotate":[{"time":0,"angle":0,"curve":[0.808,0,0.838,0.91]},{"time":0.2666,"angle":9.94,"curve":[0.407,-0.44,0.609,1]},{"time":0.5,"angle":0}],"translate":[{"time":0,"x":3.92,"y":-0.06,"curve":"stepped"},{"time":0.2666,"x":3.92,"y":-0.06,"curve":[0.25,0,0.75,1]},{"time":0.5,"x":-2.71,"y":-0.18,"curve":[0.607,0,0.75,1]},{"time":1,"x":3.92,"y":-0.06}],"scale":[{"time":0,"x":1,"y":1}]},"leg1":{"rotate":[{"time":0,"angle":0,"curve":"stepped"},{"time":0.5,"angle":0,"curve":[0.815,0,0.768,0.95]},{"time":0.7333,"angle":-11.78,"curve":[0.563,-0.36,0.75,1]},{"time":1,"angle":0}],"translate":[{"time":0,"x":0,"y":0,"curve":[0.699,0,0.75,1]},{"time":0.5,"x":3.62,"y":0.06,"curve":"stepped"},{"time":0.7333,"x":3.62,"y":0.06,"curve":[0.25,0,0.75,1]},{"time":1,"x":0,"y":0}],"scale":[{"time":0,"x":1,"y":1}]},"espiral1":{"rotate":[{"time":0,"angle":0}],"translate":[{"time":0,"x":0,"y":0}],"scale":[{"time":0,"x":1,"y":1}]},"espiral2":{"rotate":[{"time":0,"angle":0}],"translate":[{"time":0,"x":0,"y":0}],"scale":[{"time":0,"x":1,"y":1}]},"torso2":{"rotate":[{"time":0,"angle":1,"curve":[0.575,0,0.796,0.88]},{"time":0.5,"angle":-1,"curve":[0.575,0,0.796,0.88]},{"time":1,"angle":1}],"translate":[{"time":0,"x":0,"y":0,"curve":[0.405,-0.5,0.745,0.95]},{"time":0.2333,"x":0,"y":-2.41,"curve":[0.605,-0.02,0.743,0.96]},{"time":0.5,"x":0,"y":0,"curve":[0.405,-0.5,0.745,0.95]},{"time":0.7333,"x":0,"y":-2.41,"curve":[0.605,-0.02,0.743,0.96]},{"time":1,"x":0,"y":0}],"scale":[{"time":0,"x":1,"y":1,"curve":[0.932,0,0.823,1.29]},{"time":0.2666,"x":0.963,"y":1,"curve":[0.428,-0.53,0.823,0.82]},{"time":0.5333,"x":1,"y":1,"curve":[0.932,0,0.823,1.29]},{"time":0.7666,"x":0.963,"y":1,"curve":[0.428,-0.53,0.823,0.82]},{"time":1,"x":1,"y":1}]},"arm4":{"rotate":[{"time":0,"angle":-9.4,"curve":[0.366,-0.5,0.724,0.25]},{"time":0.2333,"angle":6.44,"curve":[0.438,0.45,0.789,0.9]},{"time":0.5,"angle":-11.03,"curve":[0.359,-0.58,0.712,0.14]},{"time":0.7333,"angle":4.01,"curve":[0.443,0.42,0.799,0.91]},{"time":1,"angle":-9.46}],"translate":[{"time":0,"x":0,"y":0}],"scale":[{"time":0,"x":1,"y":1,"curve":[0.804,0,0.855,0.9]},{"time":0.2666,"x":1.012,"y":1,"curve":[0.483,-0.62,0.831,0.88]},{"time":0.5333,"x":1,"y":1,"curve":[0.804,0,0.855,0.9]},{"time":0.7666,"x":1.012,"y":1,"curve":[0.483,-0.62,0.831,0.88]},{"time":1,"x":1,"y":1}]},"head2":{"rotate":[{"time":0,"angle":0}],"translate":[{"time":0,"x":0,"y":0,"curve":[0.5,-0.7,0.813,0.85]},{"time":0.2666,"x":-1.35,"y":0,"curve":[0.432,-0.46,0.781,0.88]},{"time":0.5333,"x":0,"y":0,"curve":[0.5,-0.7,0.813,0.85]},{"time":0.7666,"x":-1.35,"y":0,"curve":[0.432,-0.46,0.781,0.88]},{"time":1,"x":0,"y":0}],"scale":[{"time":0,"x":1,"y":1}]},"arm3":{"rotate":[{"time":0,"angle":0}],"translate":[{"time":0,"x":0,"y":0}],"scale":[{"time":0,"x":1,"y":1}]},"leg3":{"rotate":[{"time":0,"angle":0,"curve":"stepped"},{"time":0.5,"angle":0,"curve":[0.815,0,0.768,0.95]},{"time":0.7333,"angle":-11.78,"curve":[0.563,-0.36,0.75,1]},{"time":1,"angle":0}],"translate":[{"time":0,"x":0,"y":-2.69,"curve":[0.699,0,0.75,1]},{"time":0.5,"x":3.62,"y":-2.66,"curve":"stepped"},{"time":0.7333,"x":3.62,"y":-2.66,"curve":[0.25,0,0.75,1]},{"time":1,"x":0,"y":-2.69}],"scale":[{"time":0,"x":1,"y":1}]},"leg4":{"rotate":[{"time":0,"angle":0,"curve":[0.808,0,0.838,0.91]},{"time":0.2666,"angle":9.94,"curve":[0.407,-0.44,0.609,1]},{"time":0.5,"angle":0}],"translate":[{"time":0,"x":3.92,"y":1.89,"curve":"stepped"},{"time":0.2666,"x":3.92,"y":1.89,"curve":[0.25,0,0.75,1]},{"time":0.5,"x":-2.71,"y":1.76,"curve":[0.607,0,0.75,1]},{"time":1,"x":3.92,"y":1.89}],"scale":[{"time":0,"x":1,"y":1}]},"espiral3":{"rotate":[{"time":0,"angle":0}],"translate":[{"time":0,"x":0,"y":0}],"scale":[{"time":0,"x":1,"y":1}]},"espiral4":{"rotate":[{"time":0,"angle":0}],"translate":[{"time":0,"x":0,"y":0}],"scale":[{"time":0,"x":1,"y":1}]}},"drawOrder":[{"time":0,"offsets":[{"slot":"arm2","offset":7},{"slot":"arm1","offset":0}]},{"time":0.2333,"offsets":[{"slot":"arm1","offset":3},{"slot":"arm3","offset":-5}]},{"time":0.8333,"offsets":[{"slot":"arm2","offset":7},{"slot":"arm3","offset":-5}]},{"time":1,"offsets":[{"slot":"arm2","offset":7},{"slot":"arm1","offset":0}]}]},"walk_sidetoside":{"slots":{"arm1":{"color":[{"time":0,"color":"ffffffff","curve":"stepped"},{"time":1,"color":"ffffffff"}],"attachment":[{"time":0,"name":"arm_c"},{"time":1,"name":"arm_c"}]},"arm2":{"color":[{"time":0,"color":"ffffffff","curve":"stepped"},{"time":1,"color":"ffffffff"}],"attachment":[{"time":0,"name":"arm_c2"},{"time":1,"name":"arm_c2"}]},"arm3":{"color":[{"time":1,"color":"ffffffff"}],"attachment":[{"time":0,"name":"arm_a"},{"time":1,"name":"arm_a"}]},"arm4":{"color":[{"time":1,"color":"ffffffff"}],"attachment":[{"time":0,"name":"arm_a"},{"time":1,"name":"arm_a"}]},"espiral":{"color":[{"time":0,"color":"ffffffff","curve":"stepped"},{"time":1,"color":"ffffffff"}],"attachment":[{"time":0,"name":null},{"time":1,"name":null}]},"espiral2":{"color":[{"time":0,"color":"ffffffff","curve":"stepped"},{"time":1,"color":"ffffffff"}],"attachment":[{"time":0,"name":null},{"time":1,"name":null}]},"head":{"color":[{"time":0,"color":"ffffffff","curve":"stepped"},{"time":1,"color":"ffffffff"}],"attachment":[{"time":0,"name":"head_c"},{"time":1,"name":"head_c"}]},"head2":{"color":[{"time":1,"color":"ffffffff"}],"attachment":[{"time":0,"name":"head_c"},{"time":1,"name":"head_c"}]},"leg1":{"color":[{"time":0,"color":"ffffffff","curve":"stepped"},{"time":1,"color":"ffffffff"}],"attachment":[{"time":0,"name":"leg_c"},{"time":1,"name":"leg_c"}]},"leg2":{"color":[{"time":0,"color":"ffffffff","curve":"stepped"},{"time":1,"color":"ffffffff"}],"attachment":[{"time":0,"name":"leg_c2"},{"time":1,"name":"leg_c2"}]},"leg3":{"color":[{"time":1,"color":"ffffffff"}],"attachment":[{"time":0,"name":"leg_c"},{"time":1,"name":"leg_c"}]},"leg4":{"color":[{"time":1,"color":"ffffffff"}],"attachment":[{"time":0,"name":"leg_c2"},{"time":1,"name":"leg_c2"}]},"short3":{"color":[{"time":1,"color":"ffffffff"}],"attachment":[{"time":0,"name":"short1"},{"time":1,"name":"short1"}]},"short4":{"color":[{"time":1,"color":"ffffffff"}],"attachment":[{"time":0,"name":"short1"},{"time":1,"name":"short1"}]},"torso":{"color":[{"time":0,"color":"ffffffff","curve":"stepped"},{"time":1,"color":"ffffffff"}],"attachment":[{"time":0,"name":"torso_c"},{"time":1,"name":"torso_c"}]},"torso2":{"color":[{"time":1,"color":"ffffffff"}],"attachment":[{"time":0,"name":"torso_c"},{"time":1,"name":"torso_c"}]}},"bones":{"head":{"rotate":[{"time":0,"angle":0,"curve":[0.216,0.19,0.703,1.46]},{"time":0.3,"angle":-362.17,"curve":[0.216,0.19,0.703,1.46]},{"time":0.5333,"angle":0,"curve":[0.216,0.19,0.703,1.46]},{"time":0.8,"angle":-362.17,"curve":[0.216,0.19,0.703,1.46]},{"time":1,"angle":0}],"translate":[{"time":0,"x":0,"y":0,"curve":[0.436,-0.58,0.775,0.88]},{"time":0.3,"x":-1.92,"y":0,"curve":[0.436,-0.58,0.775,0.88]},{"time":0.5333,"x":0,"y":0,"curve":[0.436,-0.58,0.775,0.88]},{"time":0.8,"x":-1.92,"y":0,"curve":[0.436,-0.58,0.775,0.88]},{"time":1,"x":0,"y":0}],"scale":[{"time":0,"x":1,"y":1}]},"torso":{"rotate":[{"time":0,"angle":-4.33}],"translate":[{"time":0,"x":0,"y":0,"curve":[0.657,-0.3,0.821,0.9]},{"time":0.2666,"x":-0.22,"y":-2.97,"curve":[0.657,-0.3,0.821,0.9]},{"time":0.5,"x":0,"y":0,"curve":[0.657,-0.3,0.821,0.9]},{"time":0.7666,"x":-0.22,"y":-2.97,"curve":[0.657,-0.3,0.821,0.9]},{"time":1,"x":0,"y":0}],"scale":[{"time":0,"x":1,"y":1,"curve":[0.193,0.14,0.521,1.31]},{"time":0.3,"x":0.974,"y":1,"curve":[0.193,0.14,0.521,1.31]},{"time":0.5333,"x":1,"y":1,"curve":[0.25,0,0.75,1]},{"time":0.8,"x":0.974,"y":1,"curve":[0.193,0.14,0.521,1.31]},{"time":1,"x":1,"y":1}]},"arm1":{"rotate":[{"time":0,"angle":60.91,"curve":[0.672,-0.34,0.84,0.87]},{"time":0.5,"angle":-10.74,"curve":[0.672,-0.34,0.84,0.87]},{"time":1,"angle":-299.08}],"translate":[{"time":0,"x":0,"y":-11.5}],"scale":[{"time":0,"x":1,"y":1,"curve":[0.25,0,0.75,1]},{"time":0.2666,"x":1.05,"y":1,"curve":[0.25,0,0.75,1]},{"time":0.5333,"x":1,"y":1,"curve":[0.25,0,0.75,1]},{"time":0.7666,"x":1.05,"y":1,"curve":[0.25,0,0.75,1]},{"time":1,"x":1,"y":1}]},"root":{"rotate":[{"time":0,"angle":0}],"translate":[{"time":0,"x":0,"y":0}],"scale":[{"time":0,"x":1,"y":1}]},"arm2":{"rotate":[{"time":0,"angle":-23.27}],"translate":[{"time":0,"x":-2.06,"y":16.08}],"scale":[{"time":0,"x":1,"y":1}]},"leg2":{"rotate":[{"time":0,"angle":15.3,"curve":[0.85,0,0.771,0.95]},{"time":0.5,"angle":329.08,"curve":[0.432,-0.63,0.75,1]},{"time":1,"angle":375.3}],"translate":[{"time":0,"x":0,"y":5.9,"curve":[0.85,0,0.771,0.95]},{"time":0.5,"x":0,"y":17.32,"curve":[0.432,-0.63,0.75,1]},{"time":1,"x":0,"y":5.9}],"scale":[{"time":0,"x":1,"y":1}]},"leg1":{"rotate":[{"time":0,"angle":-18.02,"curve":[0.504,-0.72,0.806,0.84]},{"time":0.5,"angle":-338.75,"curve":[0.92,0,0.775,0.95]},{"time":1,"angle":-18.02}],"translate":[{"time":0,"x":2.15,"y":-5.54,"curve":[0.514,-0.4,0.75,1]},{"time":0.5,"x":2.15,"y":-14.59,"curve":[0.92,0,0.775,0.95]},{"time":1,"x":2.15,"y":-5.54}],"scale":[{"time":0,"x":1,"y":1}]},"espiral2":{"rotate":[{"time":0,"angle":0}],"translate":[{"time":0,"x":0,"y":0}],"scale":[{"time":0,"x":1,"y":1}]},"espiral1":{"rotate":[{"time":0,"angle":0}],"translate":[{"time":0,"x":0,"y":0}],"scale":[{"time":0,"x":1,"y":1}]},"head2":{"rotate":[{"time":0,"angle":0,"curve":[0.216,0.19,0.703,1.46]},{"time":0.3,"angle":-362.17,"curve":[0.216,0.19,0.703,1.46]},{"time":0.5333,"angle":0,"curve":[0.216,0.19,0.703,1.46]},{"time":0.8,"angle":-362.17,"curve":[0.216,0.19,0.703,1.46]},{"time":1,"angle":0}],"translate":[{"time":0,"x":0,"y":0,"curve":[0.436,-0.58,0.775,0.88]},{"time":0.3,"x":-1.92,"y":0,"curve":[0.436,-0.58,0.775,0.88]},{"time":0.5333,"x":0,"y":0,"curve":[0.436,-0.58,0.775,0.88]},{"time":0.8,"x":-1.92,"y":0,"curve":[0.436,-0.58,0.775,0.88]},{"time":1,"x":0,"y":0}],"scale":[{"time":0,"x":1,"y":1}]},"torso2":{"rotate":[{"time":0,"angle":-4.33}],"translate":[{"time":0,"x":-49.53,"y":7.8,"curve":[0.657,-0.3,0.821,0.9]},{"time":0.2666,"x":-49.53,"y":5.85,"curve":[0.25,0,0.75,1]},{"time":0.5,"x":-49.53,"y":7.8,"curve":[0.657,-0.3,0.821,0.9]},{"time":0.7666,"x":-49.53,"y":5.85,"curve":[0.25,0,0.75,1]},{"time":1,"x":-49.53,"y":7.8}],"scale":[{"time":0,"x":1,"y":1,"curve":[0.193,0.14,0.521,1.31]},{"time":0.3,"x":0.974,"y":1,"curve":[0.193,0.14,0.521,1.31]},{"time":0.5333,"x":1,"y":1,"curve":[0.25,0,0.75,1]},{"time":0.8,"x":0.974,"y":1,"curve":[0.193,0.14,0.521,1.31]},{"time":1,"x":1,"y":1}]},"arm3":{"rotate":[{"time":0,"angle":81.78}],"translate":[{"time":0,"x":0,"y":0}],"scale":[{"time":0,"x":1,"y":1}]},"leg3":{"rotate":[{"time":0,"angle":-18.02,"curve":[0.504,-0.72,0.806,0.84]},{"time":0.5,"angle":-338.75,"curve":[0.92,0,0.775,0.95]},{"time":1,"angle":-18.02}],"translate":[{"time":0,"x":2.15,"y":-5.54,"curve":[0.514,-0.4,0.75,1]},{"time":0.5,"x":2.15,"y":-14.59,"curve":[0.92,0,0.775,0.95]},{"time":1,"x":2.15,"y":-5.54}],"scale":[{"time":0,"x":1,"y":1}]},"leg4":{"rotate":[{"time":0,"angle":15.3,"curve":[0.85,0,0.771,0.95]},{"time":0.5,"angle":329.08,"curve":[0.432,-0.63,0.75,1]},{"time":1,"angle":375.3}],"translate":[{"time":0,"x":0,"y":5.9,"curve":[0.85,0,0.771,0.95]},{"time":0.5,"x":0,"y":17.32,"curve":[0.432,-0.63,0.75,1]},{"time":1,"x":0,"y":5.9}],"scale":[{"time":0,"x":1,"y":1}]},"arm4":{"rotate":[{"time":0,"angle":0.11,"curve":[0.672,-0.34,0.84,0.87]},{"time":0.5,"angle":-19.14,"curve":[0.672,-0.34,0.84,0.87]},{"time":1,"angle":0.11}],"translate":[{"time":0,"x":-1.51,"y":8.44}],"scale":[{"time":0,"x":1,"y":1,"curve":[0.25,0,0.75,1]},{"time":0.2666,"x":1.05,"y":1,"curve":[0.25,0,0.75,1]},{"time":0.5333,"x":1,"y":1,"curve":[0.25,0,0.75,1]},{"time":0.7666,"x":1.05,"y":1,"curve":[0.25,0,0.75,1]},{"time":1,"x":1,"y":1}]},"espiral3":{"rotate":[{"time":0,"angle":0}],"translate":[{"time":0,"x":0,"y":0}],"scale":[{"time":0,"x":1,"y":1}]},"espiral4":{"rotate":[{"time":0,"angle":0}],"translate":[{"time":0,"x":0,"y":0}],"scale":[{"time":0,"x":1,"y":1}]}},"drawOrder":[{"time":0,"offsets":[{"slot":"leg1","offset":8},{"slot":"leg2","offset":7},{"slot":"arm2","offset":6},{"slot":"arm1","offset":4},{"slot":"torso","offset":1},{"slot":"head","offset":1}]},{"time":1,"offsets":[{"slot":"leg1","offset":8},{"slot":"leg2","offset":7},{"slot":"arm2","offset":6},{"slot":"arm1","offset":4},{"slot":"torso","offset":1},{"slot":"head","offset":1}]}]}}}