{
"skeleton": { "hash": "AONbnP1sZlVDx3uN6vDFTWqVtcM", "spine": "3.3.07", "width": 138.09, "height": 148.69, "images": "" },
"bones": [
	{ "name": "root", "rotation": -0.5 },
	{ "name": "torso", "parent": "root", "length": 11.9, "rotation": 90, "x": 0.17, "y": 30.36 },
	{ "name": "cabeza", "parent": "torso", "length": 57.1, "x": 12.91, "y": 0.23 },
	{ "name": "copete", "parent": "cabeza", "length": 25.41, "x": 78.46, "y": -9.72, "inheritScale": false },
	{ "name": "lentes", "parent": "cabeza", "length": 31.76, "x": 37.76, "y": -16.56, "inheritScale": false },
	{ "name": "ojo1", "parent": "lentes", "length": 7.8, "x": 8.16, "y": 36.95, "inheritScale": false },
	{ "name": "ojo2", "parent": "lentes", "length": 7.95, "x": 9.63, "y": -18.73, "inheritScale": false },
	{ "name": "pierna1", "parent": "root", "length": 14.61, "rotation": 270, "x": -18.56, "y": 44.42, "inheritScale": false },
	{ "name": "rodilla1", "parent": "pierna1", "length": 21.49, "rotation": 360, "x": 14.32, "y": 0.07, "inheritScale": false },
	{ "name": "pie1", "parent": "rodilla1", "length": 17.57, "rotation": -90, "x": 22.29, "y": -0.59, "inheritScale": false },
	{ "name": "pierna2", "parent": "root", "length": 16.86, "rotation": 270, "x": 13.31, "y": 45.49, "inheritScale": false },
	{ "name": "rodilla2", "parent": "pierna2", "length": 19.04, "rotation": 360, "x": 15.5, "y": 0.27, "inheritScale": false },
	{ "name": "pie2", "parent": "rodilla2", "length": 17.28, "rotation": 450, "x": 21.35, "y": -1.22, "inheritScale": false },
	{ "name": "vaso", "parent": "root", "length": 51.62, "rotation": 90, "x": -0.28, "y": 137.84 }
],
"slots": [
	{ "name": "pie2", "bone": "pie2", "attachment": "pie2" },
	{ "name": "rodilla2", "bone": "rodilla2", "attachment": "rodilla2" },
	{ "name": "pierna2", "bone": "pierna2", "attachment": "pierna2" },
	{ "name": "pie1", "bone": "pie1" },
	{ "name": "normal/pie1", "bone": "pie1", "attachment": "pie2" },
	{ "name": "rodilla1", "bone": "rodilla1", "attachment": "rodilla1" },
	{ "name": "pierna1", "bone": "pierna1", "attachment": "pierna1" },
	{ "name": "torso", "bone": "torso", "attachment": "torso" },
	{ "name": "cabeza", "bone": "cabeza", "attachment": "cabeza" },
	{ "name": "vaso", "bone": "vaso", "attachment": "vaso" },
	{ "name": "copete", "bone": "copete", "attachment": "copete" },
	{ "name": "lentes", "bone": "lentes", "attachment": "lentes" },
	{ "name": "ojo2", "bone": "ojo2", "attachment": "ojo2" },
	{ "name": "ojo1", "bone": "ojo1", "attachment": "ojo1" }
],
"skins": {
	"default": {},
	"glasses1": {
		"lentes": {
			"lentes": { "name": "normal/lentes", "x": 11.78, "y": 25.91, "rotation": -89.99, "width": 160, "height": 65 }
		},
		"ojo1": {
			"ojo1": { "name": "normal/ojo1", "x": 3.47, "y": 0.21, "rotation": -89.99, "width": 9, "height": 9 }
		},
		"ojo2": {
			"ojo2": { "name": "normal/ojo2", "x": 3.48, "y": 0.02, "rotation": -89.99, "width": 8, "height": 8 }
		}
	},
	"glasses2": {
		"lentes": {
			"lentes": { "name": "normal1/lentes", "x": 11.85, "y": 18.13, "rotation": -89.99, "width": 156, "height": 56 }
		},
		"ojo1": {
			"ojo1": { "name": "normal1/ojo1", "x": 3.47, "y": 0.21, "rotation": -89.99, "width": 9, "height": 9 }
		},
		"ojo2": {
			"ojo2": { "name": "normal1/ojo2", "x": 3.48, "y": 0.02, "rotation": -89.99, "width": 8, "height": 8 }
		}
	},
	"glasses3": {
		"lentes": {
			"lentes": { "name": "normal2/lentes", "x": 11.84, "y": 19.09, "rotation": -89.99, "width": 151, "height": 60 }
		},
		"ojo1": {
			"ojo1": { "name": "normal2/ojo1", "x": 3.47, "y": 0.21, "rotation": -89.99, "width": 9, "height": 9 }
		},
		"ojo2": {
			"ojo2": { "name": "normal2/ojo2", "x": 3.48, "y": 0.02, "rotation": -89.99, "width": 8, "height": 8 }
		}
	},
	"glasses4": {
		"lentes": {
			"lentes": { "name": "normal3/lentes", "x": 11.84, "y": 19.09, "rotation": -89.99, "width": 157, "height": 65 }
		},
		"ojo1": {
			"ojo1": { "name": "normal2/ojo1", "x": 3.47, "y": 0.21, "rotation": -89.99, "width": 9, "height": 9 }
		},
		"ojo2": {
			"ojo2": { "name": "normal2/ojo2", "x": 3.48, "y": 0.02, "rotation": -89.99, "width": 8, "height": 8 }
		}
	},
	"glasses5": {
		"lentes": {
			"lentes": { "name": "normal4/lentes", "x": 11.84, "y": 19.09, "rotation": -89.99, "width": 128, "height": 60 }
		},
		"ojo1": {
			"ojo1": { "name": "normal2/ojo1", "x": 3.47, "y": 0.21, "rotation": -89.99, "width": 9, "height": 9 }
		},
		"ojo2": {
			"ojo2": { "name": "normal2/ojo2", "x": 3.48, "y": 0.02, "rotation": -89.99, "width": 8, "height": 8 }
		}
	},
	"glasses6": {
		"lentes": {
			"lentes": { "name": "normal5/lentes", "x": 11.84, "y": 19.09, "rotation": -89.99, "width": 137, "height": 67 }
		},
		"ojo1": {
			"ojo1": { "name": "normal5/ojo1", "x": 3.47, "y": 0.21, "rotation": -89.99, "width": 9, "height": 9 }
		},
		"ojo2": {
			"ojo2": { "name": "normal5/ojo2", "x": 3.48, "y": 0.02, "rotation": -89.99, "width": 8, "height": 8 }
		}
	},
	"glasses7": {
		"lentes": {
			"lentes": { "name": "normal6/lentes", "x": 11.84, "y": 19.09, "rotation": -89.99, "width": 152, "height": 70 }
		},
		"ojo1": {
			"ojo1": { "name": "normal6/ojo1", "x": 3.47, "y": 0.21, "rotation": -89.99, "width": 9, "height": 9 }
		},
		"ojo2": {
			"ojo2": { "name": "normal6/ojo2", "x": 3.48, "y": 0.02, "rotation": -89.99, "width": 8, "height": 8 }
		}
	},
	"glasses8": {
		"lentes": {
			"lentes": { "name": "normal7/lentes", "x": 11.84, "y": 19.09, "rotation": -89.99, "width": 140, "height": 72 }
		},
		"ojo1": {
			"ojo1": { "name": "normal7/ojo1", "x": 3.47, "y": 0.21, "rotation": -89.99, "width": 9, "height": 9 }
		},
		"ojo2": {
			"ojo2": { "name": "normal7/ojo2", "x": 3.48, "y": 0.02, "rotation": -89.99, "width": 8, "height": 8 }
		}
	},
	"glasses9": {
		"lentes": {
			"lentes": { "name": "normal8/lentes", "x": 11.84, "y": 19.09, "rotation": -89.99, "width": 159, "height": 60 }
		},
		"ojo1": {
			"ojo1": { "name": "normal8/ojo1", "x": 3.47, "y": 0.21, "rotation": -89.99, "width": 9, "height": 9 }
		},
		"ojo2": {
			"ojo2": { "name": "normal8/ojo2", "x": 3.48, "y": 0.02, "rotation": -89.99, "width": 8, "height": 8 }
		}
	},
	"glasses1_Sad": {
		"lentes": {
			"lentes": { "name": "normal/lentes_Sad", "x": 11.78, "y": 25.91, "rotation": -89.99, "width": 161, "height": 65 }
		},
		"ojo1": {
			"ojo1": { "name": "normal/ojo1", "x": 3.47, "y": 0.21, "rotation": -89.99, "width": 9, "height": 9 }
		},
		"ojo2": {
			"ojo2": { "name": "normal/ojo2", "x": 3.48, "y": 0.02, "rotation": -89.99, "width": 8, "height": 8 }
		}
	},
	"glasses2_Sad": {
		"lentes": {
			"lentes": { "name": "normal1/lentes_Sad", "x": 11.78, "y": 25.91, "rotation": -89.99, "width": 157, "height": 64 }
		},
		"ojo1": {
			"ojo1": { "name": "normal/ojo1", "x": 3.47, "y": 0.21, "rotation": -89.99, "width": 9, "height": 9 }
		},
		"ojo2": {
			"ojo2": { "name": "normal/ojo2", "x": 3.48, "y": 0.02, "rotation": -89.99, "width": 8, "height": 8 }
		}
	},
	"glasses3_Sad": {
		"lentes": {
			"lentes": { "name": "normal2/lentes_Sad", "x": 11.84, "y": 19.09, "rotation": -89.99, "width": 151, "height": 59 }
		},
		"ojo1": {
			"ojo1": { "name": "normal2/ojo1", "x": 3.47, "y": 0.21, "rotation": -89.99, "width": 9, "height": 9 }
		},
		"ojo2": {
			"ojo2": { "name": "normal2/ojo2", "x": 3.48, "y": 0.02, "rotation": -89.99, "width": 8, "height": 8 }
		}
	},
	"glasses4_Sad": {
		"lentes": {
			"lentes": { "name": "normal3/lentes_Sad", "x": 11.84, "y": 19.09, "rotation": -89.99, "width": 158, "height": 65 }
		},
		"ojo1": {
			"ojo1": { "name": "normal2/ojo1", "x": 3.47, "y": 0.21, "rotation": -89.99, "width": 9, "height": 9 }
		},
		"ojo2": {
			"ojo2": { "name": "normal2/ojo2", "x": 3.48, "y": 0.02, "rotation": -89.99, "width": 8, "height": 8 }
		}
	},
	"glasses5_Sad": {
		"lentes": {
			"lentes": { "name": "normal4/lentes_Sad", "x": 11.84, "y": 19.09, "rotation": -89.99, "width": 128, "height": 60 }
		},
		"ojo1": {
			"ojo1": { "name": "normal2/ojo1", "x": 3.47, "y": 0.21, "rotation": -89.99, "width": 9, "height": 9 }
		},
		"ojo2": {
			"ojo2": { "name": "normal2/ojo2", "x": 3.48, "y": 0.02, "rotation": -89.99, "width": 8, "height": 8 }
		}
	},
	"glasses6_Sad": {
		"lentes": {
			"lentes": { "name": "normal5/lentes_Sad", "x": 11.84, "y": 19.09, "rotation": -89.99, "width": 137, "height": 68 }
		},
		"ojo1": {
			"ojo1": { "name": "normal2/ojo1", "x": 3.47, "y": 0.21, "rotation": -89.99, "width": 9, "height": 9 }
		},
		"ojo2": {
			"ojo2": { "name": "normal2/ojo2", "x": 3.48, "y": 0.02, "rotation": -89.99, "width": 8, "height": 8 }
		}
	},
	"glasses7_Sad": {
		"lentes": {
			"lentes": { "name": "normal6/lentes_Sad", "x": 11.84, "y": 19.09, "rotation": -89.99, "width": 152, "height": 71 }
		},
		"ojo1": {
			"ojo1": { "name": "normal6/ojo1", "x": 3.47, "y": 0.21, "rotation": -89.99, "width": 9, "height": 9 }
		},
		"ojo2": {
			"ojo2": { "name": "normal6/ojo2", "x": 3.48, "y": 0.02, "rotation": -89.99, "width": 8, "height": 8 }
		}
	},
	"glasses8_Sad": {
		"lentes": {
			"lentes": { "name": "normal7/lentes_Sad", "x": 11.84, "y": 19.09, "rotation": -89.99, "width": 140, "height": 72 }
		},
		"ojo1": {
			"ojo1": { "name": "normal6/ojo1", "x": 3.47, "y": 0.21, "rotation": -89.99, "width": 9, "height": 9 }
		},
		"ojo2": {
			"ojo2": { "name": "normal6/ojo2", "x": 3.48, "y": 0.02, "rotation": -89.99, "width": 8, "height": 8 }
		}
	},
	"glasses9_Sad": {
		"lentes": {
			"lentes": { "name": "normal8/lentes_Sad", "x": 11.84, "y": 19.09, "rotation": -89.99, "width": 160, "height": 61 }
		},
		"ojo1": {
			"ojo1": { "name": "normal8/ojo1", "x": 3.47, "y": 0.21, "rotation": -89.99, "width": 9, "height": 9 }
		},
		"ojo2": {
			"ojo2": { "name": "normal8/ojo2", "x": 3.48, "y": 0.02, "rotation": -89.99, "width": 8, "height": 8 }
		}
	},
	"hair1": {
		"copete": {
			"copete": { "name": "normal/copete", "x": 26.82, "y": 2.05, "rotation": -88.48, "width": 67, "height": 63 }
		}
	},
	"hair2": {
		"copete": {
			"copete": { "name": "normal1/copete", "x": 35.14, "y": 11.78, "rotation": -89.99, "width": 96, "height": 69 }
		}
	},
	"hair3": {
		"copete": {
			"copete": { "name": "normal2/copete", "x": 33.68, "y": -11.35, "rotation": -88.48, "width": 102, "height": 59 }
		}
	},
	"hair4": {
		"copete": {
			"copete": { "name": "normal3/copete", "x": 25.56, "y": 16.6, "rotation": -88.48, "width": 141, "height": 57 }
		}
	},
	"hair5": {
		"copete": {
			"copete": { "name": "normal4/copete", "x": -2.23, "y": 10.89, "rotation": -88.48, "width": 152, "height": 167 }
		}
	},
	"hair6": {
		"copete": {
			"copete": { "name": "normal5/copete", "x": -25.99, "y": 10.69, "rotation": -88.48, "width": 181, "height": 175 }
		}
	},
	"hair7": {
		"copete": {
			"copete": { "name": "normal6/copete", "x": -0.93, "y": 10.91, "rotation": -88.48, "width": 164, "height": 171 }
		}
	},
	"hair8": {
		"copete": {
			"copete": { "name": "normal7/copete", "x": -0.93, "y": 10.91, "rotation": -88.48, "width": 173, "height": 161 }
		}
	},
	"hair9": {
		"copete": {
			"copete": { "name": "normal8/copete", "x": -0.93, "y": 10.91, "rotation": 270, "width": 203, "height": 167 }
		}
	},
	"skin1": {
		"cabeza": {
			"cabeza": { "name": "normal/cabeza", "x": 50.56, "y": 1.7, "rotation": -90.09, "width": 136, "height": 103 }
		},
		"normal/pie1": {
			"pie2": { "name": "normal/pie1", "x": -5.33, "y": 0.89, "scaleX": -1, "rotation": -180, "width": 32, "height": 17 }
		},
		"pie1": {
			"pie1": { "name": "normal/pie1", "x": 8.82, "y": 0.66, "rotation": -179.99, "width": 32, "height": 17 }
		},
		"pie2": {
			"pie2": { "name": "normal/pie2", "x": 6.47, "y": -1.21, "width": 32, "height": 17 }
		},
		"pierna1": {
			"pierna1": { "name": "normal/pierna1", "x": 9.95, "y": 0.24, "rotation": 87.37, "width": 11, "height": 24 }
		},
		"pierna2": {
			"pierna2": { "name": "normal/pierna2", "x": 9.22, "y": 0.38, "rotation": 93.22, "width": 11, "height": 24 }
		},
		"rodilla1": {
			"rodilla1": { "name": "normal/rodilla1", "x": 10.36, "y": -0.75, "rotation": 90, "width": 14, "height": 21 }
		},
		"rodilla2": {
			"rodilla2": { "name": "normal/rodilla2", "x": 9.15, "y": 0.3, "rotation": 90, "width": 13, "height": 21 }
		}
	},
	"skin2": {
		"cabeza": {
			"cabeza": { "name": "normal1/cabeza", "x": 50.56, "y": 1.7, "rotation": -90.09, "width": 137, "height": 104 }
		},
		"normal/pie1": {
			"pie2": { "name": "normal1/pie1", "x": -5.33, "y": 0.89, "scaleX": -1, "rotation": -180, "width": 33, "height": 17 }
		},
		"pie1": {
			"pie1": { "name": "normal1/pie1", "x": 8.82, "y": 0.66, "rotation": -179.99, "width": 33, "height": 17 }
		},
		"pie2": {
			"pie2": { "name": "normal1/pie2", "x": 6.47, "y": -1.21, "width": 33, "height": 17 }
		},
		"pierna1": {
			"pierna1": { "name": "normal1/pierna1", "x": 9.95, "y": 0.24, "rotation": 87.37, "width": 11, "height": 24 }
		},
		"pierna2": {
			"pierna2": { "name": "normal1/pierna2", "x": 9.22, "y": 0.38, "rotation": 93.22, "width": 11, "height": 24 }
		},
		"rodilla1": {
			"rodilla1": { "name": "normal1/rodilla1", "x": 10.36, "y": -0.75, "rotation": 90, "width": 14, "height": 22 }
		},
		"rodilla2": {
			"rodilla2": { "name": "normal1/rodilla2", "x": 9.15, "y": 0.3, "rotation": 90, "width": 14, "height": 22 }
		}
	},
	"skin3": {
		"cabeza": {
			"cabeza": { "name": "normal2/cabeza", "x": 50.56, "y": 1.7, "rotation": -90.09, "width": 136, "height": 104 }
		},
		"normal/pie1": {
			"pie2": { "name": "normal2/pie1", "x": -5.33, "y": 0.89, "scaleX": -1, "rotation": -180, "width": 33, "height": 17 }
		},
		"pie1": {
			"pie1": { "name": "normal2/pie1", "x": 8.82, "y": 0.66, "rotation": -179.99, "width": 33, "height": 17 }
		},
		"pie2": {
			"pie2": { "name": "normal2/pie2", "x": 6.47, "y": -1.21, "width": 32, "height": 17 }
		},
		"pierna1": {
			"pierna1": { "name": "normal2/pierna1", "x": 9.95, "y": 0.24, "rotation": 87.37, "width": 11, "height": 24 }
		},
		"pierna2": {
			"pierna2": { "name": "normal2/pierna2", "x": 9.22, "y": 0.38, "rotation": 93.22, "width": 11, "height": 24 }
		},
		"rodilla1": {
			"rodilla1": { "name": "normal2/rodilla1", "x": 10.36, "y": -0.75, "rotation": 90, "width": 14, "height": 22 }
		},
		"rodilla2": {
			"rodilla2": { "name": "normal2/rodilla2", "x": 9.15, "y": 0.3, "rotation": 90, "width": 14, "height": 22 }
		}
	},
	"skin4": {
		"cabeza": {
			"cabeza": { "name": "normal3/cabeza", "x": 50.56, "y": 1.7, "rotation": -90.09, "width": 137, "height": 104 }
		},
		"normal/pie1": {
			"pie2": { "name": "normal3/pie1", "x": -5.33, "y": 0.89, "scaleX": -1, "rotation": -180, "width": 32, "height": 17 }
		},
		"pie1": {
			"pie1": { "name": "normal3/pie1", "x": 8.82, "y": 0.66, "rotation": -179.99, "width": 32, "height": 17 }
		},
		"pie2": {
			"pie2": { "name": "normal3/pie2", "x": 6.47, "y": -1.21, "width": 33, "height": 17 }
		},
		"pierna1": {
			"pierna1": { "name": "normal3/pierna1", "x": 9.95, "y": 0.24, "rotation": 87.37, "width": 11, "height": 23 }
		},
		"pierna2": {
			"pierna2": { "name": "normal3/pierna2", "x": 9.22, "y": 0.38, "rotation": 93.22, "width": 11, "height": 23 }
		},
		"rodilla1": {
			"rodilla1": { "name": "normal3/rodilla1", "x": 10.36, "y": -0.75, "rotation": 90, "width": 14, "height": 22 }
		},
		"rodilla2": {
			"rodilla2": { "name": "normal3/rodilla2", "x": 9.15, "y": 0.3, "rotation": 90, "width": 14, "height": 22 }
		}
	},
	"skin5": {
		"cabeza": {
			"cabeza": { "name": "normal5/cabeza", "x": 50.56, "y": 1.7, "rotation": -90.09, "width": 137, "height": 105 }
		},
		"normal/pie1": {
			"pie2": { "name": "normal5/pie1", "x": -5.33, "y": 0.89, "scaleX": -1, "rotation": -180, "width": 33, "height": 17 }
		},
		"pie1": {
			"pie1": { "name": "normal5/pie1", "x": 8.82, "y": 0.66, "rotation": -179.99, "width": 33, "height": 17 }
		},
		"pie2": {
			"pie2": { "name": "normal5/pie2", "x": 6.47, "y": -1.21, "width": 33, "height": 17 }
		},
		"pierna1": {
			"pierna1": { "name": "normal5/pierna1", "x": 9.95, "y": 0.24, "rotation": 87.37, "width": 11, "height": 23 }
		},
		"pierna2": {
			"pierna2": { "name": "normal5/pierna2", "x": 9.22, "y": 0.38, "rotation": 93.22, "width": 11, "height": 23 }
		},
		"rodilla1": {
			"rodilla1": { "name": "normal5/rodilla1", "x": 10.36, "y": -0.75, "rotation": 90, "width": 14, "height": 23 }
		},
		"rodilla2": {
			"rodilla2": { "name": "normal5/rodilla2", "x": 9.15, "y": 0.3, "rotation": 90, "width": 14, "height": 23 }
		}
	},
	"skin6": {
		"cabeza": {
			"cabeza": { "name": "normal7/cabeza", "x": 50.56, "y": 1.7, "rotation": -90.09, "width": 137, "height": 104 }
		},
		"normal/pie1": {
			"pie2": { "name": "normal7/pie1", "x": -5.33, "y": 0.89, "scaleX": -1, "rotation": -180, "width": 32, "height": 17 }
		},
		"pie1": {
			"pie1": { "name": "normal7/pie1", "x": 8.82, "y": 0.66, "rotation": -179.99, "width": 32, "height": 17 }
		},
		"pie2": {
			"pie2": { "name": "normal7/pie2", "x": 6.47, "y": -1.21, "width": 33, "height": 17 }
		},
		"pierna1": {
			"pierna1": { "name": "normal7/pierna1", "x": 9.95, "y": 0.24, "rotation": 87.37, "width": 11, "height": 24 }
		},
		"pierna2": {
			"pierna2": { "name": "normal7/pierna2", "x": 9.22, "y": 0.38, "rotation": 93.22, "width": 11, "height": 24 }
		},
		"rodilla1": {
			"rodilla1": { "name": "normal7/rodilla1", "x": 10.36, "y": -0.75, "rotation": 90, "width": 14, "height": 22 }
		},
		"rodilla2": {
			"rodilla2": { "name": "normal7/rodilla2", "x": 9.15, "y": 0.3, "rotation": 90, "width": 14, "height": 22 }
		}
	},
	"torso1": {
		"torso": {
			"torso": { "name": "normal/torso", "x": 10.44, "y": 3.04, "rotation": -90, "width": 57, "height": 23 }
		}
	},
	"torso2": {
		"torso": {
			"torso": { "name": "normal1/torso", "x": 10.44, "y": 3.04, "rotation": -90, "width": 58, "height": 23 }
		}
	},
	"torso3": {
		"torso": {
			"torso": { "name": "normal2/torso", "x": 10.44, "y": 3.04, "rotation": -90, "width": 57, "height": 23 }
		}
	},
	"torso4": {
		"torso": {
			"torso": { "name": "normal3/torso", "x": 10.44, "y": 3.04, "rotation": -90, "width": 57, "height": 23 }
		}
	},
	"torso5": {
		"torso": {
			"torso": { "name": "normal4/torso", "x": 10.44, "y": 3.04, "rotation": -90, "width": 62, "height": 32 }
		}
	},
	"torso6": {
		"torso": {
			"torso": { "name": "normal5/torso", "x": 10.44, "y": 3.04, "rotation": -90, "width": 61, "height": 28 }
		}
	},
	"torso7": {
		"torso": {
			"torso": { "name": "normal6/torso", "x": 10.44, "y": 3.04, "rotation": -90, "width": 61, "height": 27 }
		}
	},
	"torso8": {
		"torso": {
			"torso": { "name": "normal7/torso", "x": 10.44, "y": 3.04, "rotation": -90, "width": 65, "height": 29 }
		}
	},
	"torso9": {
		"torso": {
			"torso": { "name": "normal8/torso", "x": 12.28, "y": -0.1, "rotation": -90, "width": 61, "height": 32 }
		}
	}
},
"animations": {
	"IDLE": {
		"slots": {
			"cabeza": {
				"attachment": [
					{ "time": 0, "name": "cabeza" },
					{ "time": 2, "name": "cabeza" }
				]
			},
			"copete": {
				"attachment": [
					{ "time": 0, "name": "copete" },
					{ "time": 2, "name": "copete" }
				]
			},
			"lentes": {
				"attachment": [
					{ "time": 0, "name": "lentes" },
					{ "time": 2, "name": "lentes" }
				]
			},
			"normal/pie1": {
				"attachment": [
					{ "time": 0, "name": null },
					{ "time": 2, "name": null }
				]
			},
			"ojo1": {
				"attachment": [
					{ "time": 0, "name": "ojo1" },
					{ "time": 2, "name": "ojo1" }
				]
			},
			"ojo2": {
				"attachment": [
					{ "time": 0, "name": "ojo2" },
					{ "time": 2, "name": "ojo2" }
				]
			},
			"pie1": {
				"attachment": [
					{ "time": 0, "name": "pie1" },
					{ "time": 2, "name": "pie1" }
				]
			},
			"pie2": {
				"attachment": [
					{ "time": 0, "name": "pie2" },
					{ "time": 2, "name": "pie2" }
				]
			},
			"pierna1": {
				"attachment": [
					{ "time": 0, "name": "pierna1" },
					{ "time": 2, "name": "pierna1" }
				]
			},
			"pierna2": {
				"attachment": [
					{ "time": 0, "name": "pierna2" },
					{ "time": 2, "name": "pierna2" }
				]
			},
			"rodilla1": {
				"attachment": [
					{ "time": 0, "name": "rodilla1" },
					{ "time": 2, "name": "rodilla1" }
				]
			},
			"rodilla2": {
				"attachment": [
					{ "time": 0, "name": "rodilla2" },
					{ "time": 2, "name": "rodilla2" }
				]
			},
			"torso": {
				"attachment": [
					{ "time": 0, "name": "torso" },
					{ "time": 2, "name": "torso" }
				]
			},
			"vaso": {
				"attachment": [
					{ "time": 0, "name": "vaso" },
					{ "time": 2, "name": "vaso" }
				]
			}
		},
		"bones": {
			"torso": {
				"rotate": [
					{ "time": 0, "angle": 0 }
				],
				"translate": [
					{
						"time": 0,
						"x": 0,
						"y": 0,
						"curve": [ 0.665, -1.02, 0.75, 1 ]
					},
					{
						"time": 0.5,
						"x": 0,
						"y": -7.81,
						"curve": [ 0.665, -1.02, 0.75, 1 ]
					},
					{
						"time": 1,
						"x": 0,
						"y": 0,
						"curve": [ 0.665, -1.02, 0.75, 1 ]
					},
					{
						"time": 1.5,
						"x": 0,
						"y": -7.81,
						"curve": [ 0.665, -1.02, 0.75, 1 ]
					},
					{ "time": 2, "x": 0, "y": 0 }
				],
				"scale": [
					{ "time": 0, "x": 1, "y": 1 }
				]
			},
			"cabeza": {
				"rotate": [
					{ "time": 0, "angle": 0 }
				],
				"translate": [
					{
						"time": 0,
						"x": 0,
						"y": 0,
						"curve": [ 0.25, 0, 0.629, 1.89 ]
					},
					{
						"time": 0.5,
						"x": -2.64,
						"y": 0,
						"curve": [ 0.25, 0, 0.629, 1.89 ]
					},
					{
						"time": 1,
						"x": 0,
						"y": 0,
						"curve": [ 0.25, 0, 0.629, 1.89 ]
					},
					{
						"time": 1.5,
						"x": -2.64,
						"y": 0,
						"curve": [ 0.25, 0, 0.629, 1.89 ]
					},
					{ "time": 2, "x": 0, "y": 0 }
				],
				"scale": [
					{
						"time": 0,
						"x": 1,
						"y": 1,
						"curve": [ 0.375, -1.89, 0.75, 1 ]
					},
					{
						"time": 0.5,
						"x": 0.971,
						"y": 1,
						"curve": [ 0.375, -1.89, 0.75, 1 ]
					},
					{
						"time": 1,
						"x": 1,
						"y": 1,
						"curve": [ 0.375, -1.89, 0.75, 1 ]
					},
					{
						"time": 1.5,
						"x": 0.971,
						"y": 1,
						"curve": [ 0.375, -1.89, 0.75, 1 ]
					},
					{ "time": 2, "x": 1, "y": 1 }
				]
			},
			"lentes": {
				"rotate": [
					{ "time": 0, "angle": 0 }
				],
				"translate": [
					{
						"time": 0,
						"x": 0,
						"y": 0,
						"curve": [ 0.25, 0, 0.484, 1.75 ]
					},
					{
						"time": 0.5,
						"x": -8.87,
						"y": 0,
						"curve": [ 0.25, 0, 0.484, 1.75 ]
					},
					{
						"time": 1,
						"x": 0,
						"y": 0,
						"curve": [ 0.25, 0, 0.484, 1.75 ]
					},
					{
						"time": 1.5,
						"x": -8.87,
						"y": 0,
						"curve": [ 0.25, 0, 0.484, 1.75 ]
					},
					{ "time": 2, "x": 0, "y": 0 }
				],
				"scale": [
					{
						"time": 0,
						"x": 1,
						"y": 1,
						"curve": [ 0.507, -0.69, 0.75, 1 ]
					},
					{
						"time": 0.5,
						"x": 0.913,
						"y": 1,
						"curve": [ 0.507, -0.69, 0.75, 1 ]
					},
					{
						"time": 1,
						"x": 1,
						"y": 1,
						"curve": [ 0.507, -0.69, 0.75, 1 ]
					},
					{
						"time": 1.5,
						"x": 0.913,
						"y": 1,
						"curve": [ 0.507, -0.69, 0.75, 1 ]
					},
					{ "time": 2, "x": 1, "y": 1 }
				]
			},
			"ojo1": {
				"rotate": [
					{ "time": 0, "angle": 0 }
				],
				"translate": [
					{ "time": 0, "x": 0, "y": 0 }
				],
				"scale": [
					{ "time": 0, "x": 1, "y": 1, "curve": "stepped" },
					{
						"time": 0.9,
						"x": 1,
						"y": 1,
						"curve": [ 0.25, 0, 0.263, 1 ]
					},
					{
						"time": 1.0666,
						"x": 0.192,
						"y": 1,
						"curve": [ 0.25, 0, 0.263, 1 ]
					},
					{ "time": 1.2, "x": 1, "y": 1 }
				]
			},
			"ojo2": {
				"rotate": [
					{ "time": 0, "angle": 0 }
				],
				"translate": [
					{ "time": 0, "x": 0, "y": 0 }
				],
				"scale": [
					{ "time": 0, "x": 1, "y": 1, "curve": "stepped" },
					{
						"time": 0.9,
						"x": 1,
						"y": 1,
						"curve": [ 0.25, 0, 0.362, 1 ]
					},
					{
						"time": 1.0666,
						"x": 0.174,
						"y": 1,
						"curve": [ 0.25, 0, 0.152, 1 ]
					},
					{ "time": 1.2, "x": 1, "y": 1 }
				]
			},
			"copete": {
				"rotate": [
					{ "time": 0, "angle": 0 }
				],
				"translate": [
					{
						"time": 0,
						"x": 0,
						"y": 0,
						"curve": [ 0.25, 0, 0.505, 1.37 ]
					},
					{
						"time": 0.5,
						"x": -14.47,
						"y": 0,
						"curve": [ 0.25, 0, 0.505, 1.37 ]
					},
					{
						"time": 1,
						"x": 0,
						"y": 0,
						"curve": [ 0.25, 0, 0.505, 1.37 ]
					},
					{
						"time": 1.5,
						"x": -14.47,
						"y": 0,
						"curve": [ 0.25, 0, 0.505, 1.37 ]
					},
					{ "time": 2, "x": 0, "y": 0 }
				],
				"scale": [
					{ "time": 0, "x": 1, "y": 1 }
				]
			},
			"pierna2": {
				"rotate": [
					{
						"time": 0,
						"angle": 0,
						"curve": [ 0.665, -1.02, 0.75, 1 ]
					},
					{
						"time": 0.5,
						"angle": 15.71,
						"curve": [ 0.665, -1.02, 0.75, 1 ]
					},
					{
						"time": 1,
						"angle": 0,
						"curve": [ 0.665, -1.02, 0.75, 1 ]
					},
					{
						"time": 1.5,
						"angle": 15.71,
						"curve": [ 0.665, -1.02, 0.75, 1 ]
					},
					{ "time": 2, "angle": 0 }
				],
				"translate": [
					{
						"time": 0,
						"x": 0,
						"y": 0,
						"curve": [ 0.665, -1.02, 0.75, 1 ]
					},
					{
						"time": 0.5,
						"x": 0,
						"y": -2.55,
						"curve": [ 0.665, -1.02, 0.75, 1 ]
					},
					{
						"time": 1,
						"x": 0,
						"y": 0,
						"curve": [ 0.665, -1.02, 0.75, 1 ]
					},
					{
						"time": 1.5,
						"x": 0,
						"y": -2.55,
						"curve": [ 0.665, -1.02, 0.75, 1 ]
					},
					{ "time": 2, "x": 0, "y": 0 }
				],
				"scale": [
					{ "time": 0, "x": 1, "y": 1 }
				]
			},
			"pierna1": {
				"rotate": [
					{
						"time": 0,
						"angle": 0,
						"curve": [ 0.665, -1.02, 0.75, 1 ]
					},
					{
						"time": 0.5,
						"angle": -383.82,
						"curve": [ 0.665, -1.02, 0.75, 1 ]
					},
					{
						"time": 1,
						"angle": 0,
						"curve": [ 0.665, -1.02, 0.75, 1 ]
					},
					{
						"time": 1.5,
						"angle": -383.82,
						"curve": [ 0.665, -1.02, 0.75, 1 ]
					},
					{ "time": 2, "angle": 0 }
				],
				"translate": [
					{
						"time": 0,
						"x": 0,
						"y": 0,
						"curve": [ 0.665, -1.02, 0.75, 1 ]
					},
					{
						"time": 0.5,
						"x": 0,
						"y": -2.27,
						"curve": [ 0.665, -1.02, 0.75, 1 ]
					},
					{
						"time": 1,
						"x": 0,
						"y": 0,
						"curve": [ 0.665, -1.02, 0.75, 1 ]
					},
					{
						"time": 1.5,
						"x": 0,
						"y": -2.27,
						"curve": [ 0.665, -1.02, 0.75, 1 ]
					},
					{ "time": 2, "x": 0, "y": 0 }
				],
				"scale": [
					{ "time": 0, "x": 1, "y": 1 }
				]
			},
			"rodilla2": {
				"rotate": [
					{
						"time": 0,
						"angle": 0,
						"curve": [ 0.665, -1.02, 0.75, 1 ]
					},
					{
						"time": 0.5,
						"angle": -391.66,
						"curve": [ 0.665, -1.02, 0.75, 1 ]
					},
					{
						"time": 1,
						"angle": 0,
						"curve": [ 0.665, -1.02, 0.75, 1 ]
					},
					{
						"time": 1.5,
						"angle": -391.66,
						"curve": [ 0.665, -1.02, 0.75, 1 ]
					},
					{ "time": 2, "angle": 0 }
				],
				"translate": [
					{ "time": 0, "x": 0, "y": 0 }
				],
				"scale": [
					{ "time": 0, "x": 1, "y": 1 }
				]
			},
			"pie2": {
				"rotate": [
					{
						"time": 0,
						"angle": 0,
						"curve": [ 0.665, -1.02, 0.75, 1 ]
					},
					{
						"time": 0.5,
						"angle": -344.2,
						"curve": [ 0.665, -1.02, 0.75, 1 ]
					},
					{
						"time": 1,
						"angle": 0,
						"curve": [ 0.665, -1.02, 0.75, 1 ]
					},
					{
						"time": 1.5,
						"angle": -344.2,
						"curve": [ 0.665, -1.02, 0.75, 1 ]
					},
					{ "time": 2, "angle": 0 }
				],
				"translate": [
					{ "time": 0, "x": 0, "y": 0 }
				],
				"scale": [
					{ "time": 0, "x": 1, "y": 1 }
				]
			},
			"rodilla1": {
				"rotate": [
					{
						"time": 0,
						"angle": 0,
						"curve": [ 0.665, -1.02, 0.75, 1 ]
					},
					{
						"time": 0.5,
						"angle": -319.63,
						"curve": [ 0.665, -1.02, 0.75, 1 ]
					},
					{
						"time": 1,
						"angle": 0,
						"curve": [ 0.665, -1.02, 0.75, 1 ]
					},
					{
						"time": 1.5,
						"angle": -319.63,
						"curve": [ 0.665, -1.02, 0.75, 1 ]
					},
					{ "time": 2, "angle": 0 }
				],
				"translate": [
					{ "time": 0, "x": 0, "y": 0 }
				],
				"scale": [
					{ "time": 0, "x": 1, "y": 1 }
				]
			},
			"pie1": {
				"rotate": [
					{
						"time": 0,
						"angle": 0,
						"curve": [ 0.665, -1.02, 0.75, 1 ]
					},
					{
						"time": 0.5,
						"angle": -376.95,
						"curve": [ 0.665, -1.02, 0.75, 1 ]
					},
					{
						"time": 1,
						"angle": 0,
						"curve": [ 0.665, -1.02, 0.75, 1 ]
					},
					{
						"time": 1.5,
						"angle": -376.95,
						"curve": [ 0.665, -1.02, 0.75, 1 ]
					},
					{ "time": 2, "angle": 0 }
				],
				"translate": [
					{ "time": 0, "x": 0, "y": 0 }
				],
				"scale": [
					{ "time": 0, "x": 1, "y": 1 }
				]
			},
			"root": {
				"rotate": [
					{ "time": 0, "angle": 0 }
				],
				"translate": [
					{ "time": 0, "x": 0, "y": 0 }
				],
				"scale": [
					{ "time": 0, "x": 1, "y": 1 }
				]
			},
			"vaso": {
				"rotate": [
					{ "time": 0, "angle": 0 }
				],
				"translate": [
					{
						"time": 0,
						"x": 0,
						"y": 0,
						"curve": [ 0.524, -0.53, 0.75, 1 ]
					},
					{
						"time": 0.5,
						"x": 0,
						"y": -12.64,
						"curve": [ 0.524, -0.53, 0.75, 1 ]
					},
					{
						"time": 1,
						"x": 0,
						"y": 0,
						"curve": [ 0.524, -0.53, 0.75, 1 ]
					},
					{
						"time": 1.5,
						"x": 0,
						"y": -12.64,
						"curve": [ 0.524, -0.53, 0.75, 1 ]
					},
					{ "time": 2, "x": 0, "y": 0 }
				],
				"scale": [
					{
						"time": 0,
						"x": 1,
						"y": 1,
						"curve": [ 0.25, 0, 0.549, 1.52 ]
					},
					{
						"time": 0.5,
						"x": 0.933,
						"y": 1,
						"curve": [ 0.25, 0, 0.549, 1.52 ]
					},
					{
						"time": 1,
						"x": 1,
						"y": 1,
						"curve": [ 0.25, 0, 0.549, 1.52 ]
					},
					{
						"time": 1.5,
						"x": 0.933,
						"y": 1,
						"curve": [ 0.25, 0, 0.549, 1.52 ]
					},
					{ "time": 2, "x": 1, "y": 1 }
				]
			}
		},
		"drawOrder": [
			{ "time": 0 },
			{ "time": 2 }
		]
	},
	"JUMP": {
		"slots": {
			"cabeza": {
				"attachment": [
					{ "time": 0, "name": "cabeza" },
					{ "time": 0.5, "name": "cabeza" }
				]
			},
			"copete": {
				"attachment": [
					{ "time": 0, "name": "copete" },
					{ "time": 0.5, "name": "copete" }
				]
			},
			"lentes": {
				"attachment": [
					{ "time": 0, "name": "lentes" },
					{ "time": 0.5, "name": "lentes" }
				]
			},
			"normal/pie1": {
				"attachment": [
					{ "time": 0, "name": "pie2" },
					{ "time": 0.5, "name": "pie2" }
				]
			},
			"ojo1": {
				"attachment": [
					{ "time": 0, "name": "ojo1" },
					{ "time": 0.5, "name": "ojo1" }
				]
			},
			"ojo2": {
				"attachment": [
					{ "time": 0, "name": "ojo2" },
					{ "time": 0.5, "name": "ojo2" }
				]
			},
			"pie1": {
				"attachment": [
					{ "time": 0, "name": null },
					{ "time": 0.5, "name": null }
				]
			},
			"pie2": {
				"attachment": [
					{ "time": 0, "name": "pie2" },
					{ "time": 0.5, "name": "pie2" }
				]
			},
			"pierna1": {
				"attachment": [
					{ "time": 0, "name": "pierna1" },
					{ "time": 0.5, "name": "pierna1" }
				]
			},
			"pierna2": {
				"attachment": [
					{ "time": 0, "name": "pierna2" },
					{ "time": 0.5, "name": "pierna2" }
				]
			},
			"rodilla1": {
				"attachment": [
					{ "time": 0, "name": "rodilla1" },
					{ "time": 0.5, "name": "rodilla1" }
				]
			},
			"rodilla2": {
				"attachment": [
					{ "time": 0, "name": "rodilla2" },
					{ "time": 0.5, "name": "rodilla2" }
				]
			},
			"torso": {
				"attachment": [
					{ "time": 0, "name": "torso" },
					{ "time": 0.5, "name": "torso" }
				]
			}
		},
		"bones": {
			"torso": {
				"rotate": [
					{ "time": 0, "angle": 4.62 }
				],
				"translate": [
					{
						"time": 0,
						"x": 0,
						"y": 0,
						"curve": [ 0.548, -0.99, 0.75, 1 ]
					},
					{
						"time": 0.2333,
						"x": 0,
						"y": -0.45,
						"curve": [ 0.548, -0.99, 0.75, 1 ]
					},
					{ "time": 0.5, "x": 0, "y": 0 }
				],
				"scale": [
					{ "time": 0, "x": 1, "y": 1 }
				]
			},
			"lentes": {
				"rotate": [
					{
						"time": 0,
						"angle": 0,
						"curve": [ 0.602, -0.95, 0.75, 1 ]
					},
					{
						"time": 0.2333,
						"angle": -2.78,
						"curve": [ 0.602, -0.95, 0.75, 1 ]
					},
					{ "time": 0.5, "angle": 0 }
				],
				"translate": [
					{
						"time": 0,
						"x": 0,
						"y": 0,
						"curve": [ 0.25, 0, 0.595, 1.96 ]
					},
					{
						"time": 0.2333,
						"x": -2.72,
						"y": -0.09,
						"curve": [ 0.25, 0, 0.595, 1.96 ]
					},
					{ "time": 0.5, "x": 0, "y": 0 }
				],
				"scale": [
					{ "time": 0, "x": 1, "y": 1 }
				]
			},
			"ojo2": {
				"rotate": [
					{ "time": 0, "angle": 0 }
				],
				"translate": [
					{ "time": 0, "x": 0.78, "y": -18.92 }
				],
				"scale": [
					{ "time": 0, "x": 1, "y": 1 }
				]
			},
			"copete": {
				"rotate": [
					{
						"time": 0,
						"angle": 5.82,
						"curve": [ 0.477, -1.51, 0.75, 1 ]
					},
					{
						"time": 0.2333,
						"angle": -2.27,
						"curve": [ 0.477, -1.51, 0.75, 1 ]
					},
					{ "time": 0.5, "angle": 5.82 }
				],
				"translate": [
					{ "time": 0, "x": 0, "y": 0 }
				],
				"scale": [
					{ "time": 0, "x": 1, "y": 1 }
				]
			},
			"pierna2": {
				"rotate": [
					{
						"time": 0,
						"angle": -291.62,
						"curve": [ 0.447, -1.52, 0.736, 1 ]
					},
					{
						"time": 0.2333,
						"angle": -310.29,
						"curve": [ 0.447, -1.52, 0.736, 1 ]
					},
					{ "time": 0.5, "angle": -291.62 }
				],
				"translate": [
					{ "time": 0, "x": -4.57, "y": 3.23 }
				],
				"scale": [
					{ "time": 0, "x": 1, "y": 1 }
				]
			},
			"pie2": {
				"rotate": [
					{
						"time": 0,
						"angle": -330.65,
						"curve": [ 0.25, 0, 0.554, 1.53 ]
					},
					{
						"time": 0.2333,
						"angle": -327.32,
						"curve": [ 0.25, 0, 0.554, 1.53 ]
					},
					{ "time": 0.5, "angle": -328.95 }
				],
				"translate": [
					{ "time": 0, "x": 0, "y": 0 }
				],
				"scale": [
					{ "time": 0, "x": 1, "y": 1 }
				]
			},
			"pie1": {
				"rotate": [
					{
						"time": 0,
						"angle": 10.75,
						"curve": [ 0.418, -0.79, 0.75, 1 ]
					},
					{
						"time": 0.2333,
						"angle": 39.01,
						"curve": [ 0.418, -0.79, 0.75, 1 ]
					},
					{ "time": 0.5, "angle": 10.75 }
				],
				"translate": [
					{ "time": 0, "x": 0, "y": 0 }
				],
				"scale": [
					{ "time": 0, "x": 1, "y": 1 }
				]
			},
			"pierna1": {
				"rotate": [
					{
						"time": 0,
						"angle": -384.58,
						"curve": [ 0.43, -1.5, 0.779, 1 ]
					},
					{
						"time": 0.2333,
						"angle": -363.03,
						"curve": [ 0.43, -1.5, 0.779, 1 ]
					},
					{ "time": 0.5, "angle": -384.58 }
				],
				"translate": [
					{ "time": 0, "x": 6.61, "y": 3.79 }
				],
				"scale": [
					{ "time": 0, "x": 1, "y": 1 }
				]
			},
			"root": {
				"rotate": [
					{ "time": 0, "angle": 0 }
				],
				"translate": [
					{ "time": 0, "x": 0, "y": 0 }
				],
				"scale": [
					{ "time": 0, "x": 1, "y": 1 }
				]
			},
			"cabeza": {
				"rotate": [
					{
						"time": 0,
						"angle": 0,
						"curve": [ 0.25, 0, 0.522, 1.56 ]
					},
					{
						"time": 0.2333,
						"angle": -6.74,
						"curve": [ 0.25, 0, 0.522, 1.56 ]
					},
					{ "time": 0.5, "angle": 0 }
				],
				"translate": [
					{ "time": 0, "x": 0, "y": 0 }
				],
				"scale": [
					{ "time": 0, "x": 1, "y": 1 }
				]
			},
			"rodilla2": {
				"rotate": [
					{
						"time": 0,
						"angle": -422.27,
						"curve": [ 0.25, 0, 0.654, 1.66 ]
					},
					{
						"time": 0.2333,
						"angle": -408.88,
						"curve": [ 0.25, 0, 0.654, 1.66 ]
					},
					{ "time": 0.5, "angle": -422.27 }
				],
				"translate": [
					{ "time": 0, "x": 0, "y": 0 }
				],
				"scale": [
					{ "time": 0, "x": 1, "y": 1 }
				]
			},
			"ojo1": {
				"rotate": [
					{ "time": 0, "angle": 0 }
				],
				"translate": [
					{ "time": 0, "x": 1.69, "y": -9.01 }
				],
				"scale": [
					{ "time": 0, "x": 1, "y": 1 }
				]
			},
			"rodilla1": {
				"rotate": [
					{
						"time": 0,
						"angle": -440.94,
						"curve": [ 0.25, 0, 0.708, 1.83 ]
					},
					{
						"time": 0.2333,
						"angle": -423.44,
						"curve": [ 0.25, 0, 0.708, 1.83 ]
					},
					{ "time": 0.5, "angle": -440.94 }
				],
				"translate": [
					{ "time": 0, "x": 0, "y": 0 }
				],
				"scale": [
					{ "time": 0, "x": 1, "y": 1 }
				]
			}
		},
		"drawOrder": [
			{ "time": 0 },
			{ "time": 0.5 }
		]
	},
	"LAND": {
		"slots": {
			"cabeza": {
				"attachment": [
					{ "time": 0, "name": "cabeza" },
					{ "time": 0.3333, "name": "cabeza" }
				]
			},
			"copete": {
				"attachment": [
					{ "time": 0, "name": "copete" },
					{ "time": 0.3333, "name": "copete" }
				]
			},
			"lentes": {
				"attachment": [
					{ "time": 0, "name": "lentes" },
					{ "time": 0.3333, "name": "lentes" }
				]
			},
			"normal/pie1": {
				"attachment": [
					{ "time": 0, "name": "pie2" },
					{ "time": 0.3333, "name": "pie2" }
				]
			},
			"ojo1": {
				"attachment": [
					{ "time": 0, "name": "ojo1" },
					{ "time": 0.3333, "name": "ojo1" }
				]
			},
			"ojo2": {
				"attachment": [
					{ "time": 0, "name": "ojo2" },
					{ "time": 0.3333, "name": "ojo2" }
				]
			},
			"pie1": {
				"attachment": [
					{ "time": 0, "name": null },
					{ "time": 0.3333, "name": null }
				]
			},
			"pie2": {
				"attachment": [
					{ "time": 0, "name": "pie2" },
					{ "time": 0.3333, "name": "pie2" }
				]
			},
			"pierna1": {
				"attachment": [
					{ "time": 0, "name": "pierna1" },
					{ "time": 0.3333, "name": "pierna1" }
				]
			},
			"pierna2": {
				"attachment": [
					{ "time": 0, "name": "pierna2" },
					{ "time": 0.3333, "name": "pierna2" }
				]
			},
			"rodilla1": {
				"attachment": [
					{ "time": 0, "name": "rodilla1" },
					{ "time": 0.3333, "name": "rodilla1" }
				]
			},
			"rodilla2": {
				"attachment": [
					{ "time": 0, "name": "rodilla2" },
					{ "time": 0.3333, "name": "rodilla2" }
				]
			},
			"torso": {
				"attachment": [
					{ "time": 0, "name": "torso" },
					{ "time": 0.3333, "name": "torso" }
				]
			},
			"vaso": {
				"attachment": [
					{ "time": 0, "name": "vaso" },
					{ "time": 0.3333, "name": "vaso" }
				]
			}
		},
		"bones": {
			"torso": {
				"rotate": [
					{
						"time": 0,
						"angle": 4.62,
						"curve": [ 0.927, 0, 0.75, 1 ]
					},
					{
						"time": 0.1,
						"angle": -4.03,
						"curve": [ 0.47, -0.98, 0.75, 1 ]
					},
					{ "time": 0.3333, "angle": -2.53 }
				],
				"translate": [
					{
						"time": 0,
						"x": 0,
						"y": 0,
						"curve": [ 0.927, 0, 0.75, 1 ]
					},
					{
						"time": 0.1,
						"x": 0.09,
						"y": -11.37,
						"curve": [ 0.47, -0.98, 0.75, 1 ]
					},
					{ "time": 0.3333, "x": 0, "y": 0 }
				],
				"scale": [
					{ "time": 0, "x": 1, "y": 1 }
				]
			},
			"pie2": {
				"rotate": [
					{
						"time": 0,
						"angle": -330.65,
						"curve": [ 0.25, 0, 0.75, 1 ]
					},
					{
						"time": 0.1,
						"angle": -338.95,
						"curve": [ 0.55, -0.83, 0.75, 1 ]
					},
					{ "time": 0.3333, "angle": -330.65 }
				],
				"translate": [
					{ "time": 0, "x": 0, "y": 0 }
				],
				"scale": [
					{ "time": 0, "x": 1, "y": 1 }
				]
			},
			"pierna2": {
				"rotate": [
					{
						"time": 0,
						"angle": -291.62,
						"curve": [ 0.283, 0, 0.619, 0.56 ]
					},
					{
						"time": 0.1,
						"angle": -293.45,
						"curve": [ 0.55, -0.83, 0.75, 1 ]
					},
					{ "time": 0.3333, "angle": 22.25 }
				],
				"translate": [
					{
						"time": 0,
						"x": -4.57,
						"y": 3.23,
						"curve": [ 0.274, 0, 0.62, 0.56 ]
					},
					{
						"time": 0.1,
						"x": -4.48,
						"y": -6.77,
						"curve": [ 0.55, -0.83, 0.75, 1 ]
					},
					{ "time": 0.3333, "x": -4.57, "y": 3.23 }
				],
				"scale": [
					{ "time": 0, "x": 1, "y": 1 }
				]
			},
			"pierna1": {
				"rotate": [
					{
						"time": 0,
						"angle": -365.45,
						"curve": [ 0.851, 0, 0.75, 1 ]
					},
					{
						"time": 0.1,
						"angle": -329.99,
						"curve": [ 0.761, -0.62, 0.75, 1 ]
					},
					{ "time": 0.3333, "angle": -42.36 }
				],
				"translate": [
					{
						"time": 0,
						"x": 6.61,
						"y": 3.79,
						"curve": [ 0.851, 0, 0.75, 1 ]
					},
					{
						"time": 0.1,
						"x": 6.68,
						"y": -4.84,
						"curve": [ 0.761, -0.62, 0.75, 1 ]
					},
					{ "time": 0.3333, "x": 6.61, "y": 3.79 }
				],
				"scale": [
					{ "time": 0, "x": 1, "y": 1 }
				]
			},
			"lentes": {
				"rotate": [
					{ "time": 0, "angle": 0 }
				],
				"translate": [
					{
						"time": 0,
						"x": 0,
						"y": 0,
						"curve": [ 0.934, -0.16, 0.75, 1 ]
					},
					{
						"time": 0.1,
						"x": -11.74,
						"y": -0.37,
						"curve": [ 0.893, 0, 0.644, 1.59 ]
					},
					{ "time": 0.3333, "x": 0, "y": 0 }
				],
				"scale": [
					{
						"time": 0,
						"x": 1,
						"y": 1,
						"curve": [ 0.934, -0.16, 0.75, 1 ]
					},
					{
						"time": 0.1,
						"x": 0.827,
						"y": 1,
						"curve": [ 0.893, 0, 0.644, 1.59 ]
					},
					{ "time": 0.3333, "x": 1, "y": 1 }
				]
			},
			"copete": {
				"rotate": [
					{
						"time": 0,
						"angle": 5.82,
						"curve": [ 0.879, 0, 0.86, 1 ]
					},
					{
						"time": 0.1,
						"angle": -6.28,
						"curve": [ 0.769, -0.49, 0.75, 1 ]
					},
					{ "time": 0.3333, "angle": 5.82 }
				],
				"translate": [
					{
						"time": 0,
						"x": 0,
						"y": 0,
						"curve": [ 0.25, 0, 0.75, 1 ]
					},
					{
						"time": 0.1,
						"x": -6.17,
						"y": -0.3,
						"curve": [ 0.25, 0, 0.75, 1 ]
					},
					{ "time": 0.3333, "x": 0, "y": 0 }
				],
				"scale": [
					{
						"time": 0,
						"x": 1,
						"y": 1,
						"curve": [ 0.991, 0, 0.75, 1 ]
					},
					{
						"time": 0.1,
						"x": 0.888,
						"y": 1,
						"curve": [ 0.369, -0.47, 0.379, 1 ]
					},
					{ "time": 0.3333, "x": 1, "y": 1 }
				]
			},
			"ojo2": {
				"rotate": [
					{ "time": 0, "angle": 0 }
				],
				"translate": [
					{ "time": 0, "x": -3.74, "y": -13.69 }
				],
				"scale": [
					{
						"time": 0,
						"x": 1,
						"y": 1,
						"curve": [ 0.857, 0, 0.831, 1 ]
					},
					{
						"time": 0.0333,
						"x": 0.383,
						"y": 1,
						"curve": [ 0.857, 0, 0.831, 1 ]
					},
					{ "time": 0.1333, "x": 1, "y": 1 }
				]
			},
			"ojo1": {
				"rotate": [
					{ "time": 0, "angle": 0 }
				],
				"translate": [
					{ "time": 0, "x": -2.83, "y": -3.77 }
				],
				"scale": [
					{
						"time": 0,
						"x": 1,
						"y": 1,
						"curve": [ 0.857, 0, 0.831, 1 ]
					},
					{
						"time": 0.0333,
						"x": 0.293,
						"y": 1,
						"curve": [ 0.857, 0, 0.831, 1 ]
					},
					{ "time": 0.1333, "x": 1, "y": 1 }
				]
			},
			"vaso": {
				"rotate": [
					{ "time": 0, "angle": -2.91 }
				],
				"translate": [
					{
						"time": 0,
						"x": 6.26,
						"y": 3.13,
						"curve": [ 0.25, 0, 0.75, 1 ]
					},
					{
						"time": 0.1,
						"x": 6.34,
						"y": -6.94,
						"curve": [ 0.25, 0, 0.75, 1 ]
					},
					{ "time": 0.3333, "x": 6.26, "y": 3.13 }
				],
				"scale": [
					{ "time": 0, "x": 1, "y": 1 }
				]
			},
			"rodilla1": {
				"rotate": [
					{
						"time": 0,
						"angle": -440.94,
						"curve": [ 0.851, 0, 0.75, 1 ]
					},
					{
						"time": 0.1,
						"angle": -427.18,
						"curve": [ 0.761, -0.62, 0.75, 1 ]
					},
					{ "time": 0.3333, "angle": -403.41 }
				],
				"translate": [
					{ "time": 0, "x": 0, "y": 0 }
				],
				"scale": [
					{ "time": 0, "x": 1, "y": 1 }
				]
			},
			"pie1": {
				"rotate": [
					{
						"time": 0,
						"angle": 10.75,
						"curve": [ 0.851, 0, 0.75, 1 ]
					},
					{
						"time": 0.1,
						"angle": 38.36,
						"curve": [ 0.761, -0.62, 0.75, 1 ]
					},
					{ "time": 0.3333, "angle": -29.09 }
				],
				"translate": [
					{ "time": 0, "x": 0, "y": 0 }
				],
				"scale": [
					{ "time": 0, "x": 1, "y": 1 }
				]
			},
			"rodilla2": {
				"rotate": [
					{
						"time": 0,
						"angle": -422.27,
						"curve": [ 0.25, 0, 0.75, 1 ]
					},
					{
						"time": 0.1,
						"angle": -454.9,
						"curve": [ 0.55, -0.83, 0.75, 1 ]
					},
					{ "time": 0.3333, "angle": -349.76 }
				],
				"translate": [
					{ "time": 0, "x": 0, "y": 0 }
				],
				"scale": [
					{ "time": 0, "x": 1, "y": 1 }
				]
			},
			"cabeza": {
				"rotate": [
					{
						"time": 0,
						"angle": 0,
						"curve": [ 0.902, 0, 0.75, 1 ]
					},
					{
						"time": 0.1,
						"angle": 1.5,
						"curve": [ 0.624, -0.96, 0.75, 1 ]
					},
					{ "time": 0.3333, "angle": 0 }
				],
				"translate": [
					{
						"time": 0,
						"x": 0,
						"y": 0,
						"curve": [ 0.25, 0, 0.629, 1.89 ]
					},
					{ "time": 0.1, "x": -5.52, "y": -0.43 }
				],
				"scale": [
					{
						"time": 0,
						"x": 1,
						"y": 1,
						"curve": [ 0.915, 0, 0.75, 1 ]
					},
					{
						"time": 0.1,
						"x": 0.921,
						"y": 1,
						"curve": [ 0.531, -0.6, 0.75, 1 ]
					},
					{ "time": 0.3333, "x": 1, "y": 1 }
				]
			},
			"root": {
				"rotate": [
					{ "time": 0, "angle": 0 }
				],
				"translate": [
					{ "time": 0, "x": 0, "y": 0 }
				],
				"scale": [
					{ "time": 0, "x": 1, "y": 1 }
				]
			}
		},
		"drawOrder": [
			{ "time": 0 },
			{ "time": 0.3333 }
		]
	},
	"LOSE": {
		"slots": {
			"cabeza": {
				"attachment": [
					{ "time": 0, "name": "cabeza" },
					{ "time": 0.6666, "name": "cabeza" }
				]
			},
			"copete": {
				"attachment": [
					{ "time": 0, "name": "copete" },
					{ "time": 0.6666, "name": "copete" }
				]
			},
			"lentes": {
				"attachment": [
					{ "time": 0, "name": "lentes" },
					{ "time": 0.6666, "name": "lentes" }
				]
			},
			"normal/pie1": {
				"attachment": [
					{ "time": 0, "name": "pie2" },
					{ "time": 0.6666, "name": "pie2" }
				]
			},
			"ojo1": {
				"attachment": [
					{ "time": 0, "name": "ojo1" },
					{ "time": 0.6666, "name": "ojo1" }
				]
			},
			"ojo2": {
				"attachment": [
					{ "time": 0, "name": "ojo2" },
					{ "time": 0.6666, "name": "ojo2" }
				]
			},
			"pie1": {
				"attachment": [
					{ "time": 0, "name": null },
					{ "time": 0.6666, "name": null }
				]
			},
			"pie2": {
				"attachment": [
					{ "time": 0, "name": "pie2" },
					{ "time": 0.6666, "name": "pie2" }
				]
			},
			"pierna1": {
				"attachment": [
					{ "time": 0, "name": "pierna1" },
					{ "time": 0.6666, "name": "pierna1" }
				]
			},
			"pierna2": {
				"attachment": [
					{ "time": 0, "name": "pierna2" },
					{ "time": 0.6666, "name": "pierna2" }
				]
			},
			"rodilla1": {
				"attachment": [
					{ "time": 0, "name": "rodilla1" },
					{ "time": 0.6666, "name": "rodilla1" }
				]
			},
			"rodilla2": {
				"attachment": [
					{ "time": 0, "name": "rodilla2" },
					{ "time": 0.6666, "name": "rodilla2" }
				]
			},
			"torso": {
				"attachment": [
					{ "time": 0, "name": "torso" },
					{ "time": 0.6666, "name": "torso" }
				]
			},
			"vaso": {
				"attachment": [
					{ "time": 0, "name": "vaso" },
					{ "time": 0.6666, "name": "vaso" }
				]
			}
		},
		"bones": {
			"lentes": {
				"rotate": [
					{ "time": 0, "angle": 0 }
				],
				"translate": [
					{ "time": 0, "x": 0, "y": 0 }
				],
				"scale": [
					{
						"time": 0,
						"x": 1,
						"y": 1,
						"curve": [ 0.814, -0.2, 0.877, 1 ]
					},
					{
						"time": 0.3,
						"x": 0.834,
						"y": 1,
						"curve": [ 0.25, 0, 0.588, 2.43 ]
					},
					{ "time": 0.6666, "x": 1, "y": 1 }
				]
			},
			"pierna2": {
				"rotate": [
					{
						"time": 0,
						"angle": 22.25,
						"curve": [ 0.946, -0.31, 0.75, 1 ]
					},
					{
						"time": 0.3,
						"angle": -288.18,
						"curve": [ 0.25, 0, 0.503, 1.95 ]
					},
					{ "time": 0.6666, "angle": -289.53 }
				],
				"translate": [
					{
						"time": 0,
						"x": -4.57,
						"y": 3.23,
						"curve": [ 0.946, -0.31, 0.75, 1 ]
					},
					{
						"time": 0.3,
						"x": -4.49,
						"y": -5.58,
						"curve": [ 0.25, 0, 0.503, 1.95 ]
					},
					{ "time": 0.6666, "x": -2.15, "y": 8.9 }
				],
				"scale": [
					{ "time": 0, "x": 1, "y": 1 }
				]
			},
			"copete": {
				"rotate": [
					{
						"time": 0,
						"angle": 5.82,
						"curve": [ 0.611, -0.89, 0.75, 1 ]
					},
					{
						"time": 0.3333,
						"angle": -9.43,
						"curve": [ 0.362, -0.71, 0.617, 1.88 ]
					},
					{ "time": 0.6666, "angle": 5.82 }
				],
				"translate": [
					{ "time": 0, "x": 0, "y": 0 }
				],
				"scale": [
					{ "time": 0, "x": 1, "y": 1 }
				]
			},
			"pie2": {
				"rotate": [
					{
						"time": 0,
						"angle": -330.65,
						"curve": [ 0.25, 0, 0.261, 1.56 ]
					},
					{
						"time": 0.3,
						"angle": -350.53,
						"curve": [ 0.521, -1.48, 0.75, 1 ]
					},
					{ "time": 0.6666, "angle": -367.04 }
				],
				"translate": [
					{ "time": 0, "x": 0, "y": 0 }
				],
				"scale": [
					{ "time": 0, "x": 1, "y": 1 }
				]
			},
			"pie1": {
				"rotate": [
					{
						"time": 0,
						"angle": -29.09,
						"curve": [ 0.812, 0, 0.75, 1 ]
					},
					{
						"time": 0.3,
						"angle": -0.8,
						"curve": [ 0.25, 0, 0.591, 1.59 ]
					},
					{ "time": 0.6666, "angle": -37.48 }
				],
				"translate": [
					{ "time": 0, "x": 0, "y": 0 }
				],
				"scale": [
					{ "time": 0, "x": 1, "y": 1 }
				]
			},
			"torso": {
				"rotate": [
					{ "time": 0, "angle": -2.53 }
				],
				"translate": [
					{
						"time": 0,
						"x": 0,
						"y": 0,
						"curve": [ 0.976, 0, 0.75, 1 ]
					},
					{
						"time": 0.3,
						"x": 0.06,
						"y": -7.16,
						"curve": [ 0.406, -0.83, 0.415, 1.74 ]
					},
					{ "time": 0.6666, "x": -0.06, "y": 7.42 }
				],
				"scale": [
					{ "time": 0, "x": 1, "y": 1 }
				]
			},
			"ojo2": {
				"rotate": [
					{ "time": 0, "angle": 0 }
				],
				"translate": [
					{ "time": 0, "x": -3.74, "y": -13.69, "curve": "stepped" },
					{
						"time": 0.3,
						"x": -3.74,
						"y": -13.69,
						"curve": [ 0.25, 0, 0.75, 1 ]
					},
					{ "time": 0.5666, "x": -9.67, "y": 0.61 }
				],
				"scale": [
					{
						"time": 0,
						"x": 1,
						"y": 1,
						"curve": [ 0.25, 0, 0.75, 1 ]
					},
					{
						"time": 0.3,
						"x": 0.409,
						"y": 1,
						"curve": [ 0.25, 0, 0.75, 1 ]
					},
					{ "time": 0.5666, "x": 3.045, "y": 3.045 }
				]
			},
			"pierna1": {
				"rotate": [
					{
						"time": 0,
						"angle": -42.36,
						"curve": [ 0.812, -0.11, 0.75, 1 ]
					},
					{
						"time": 0.3,
						"angle": -336.97,
						"curve": [ 0.25, 0, 0.388, 1.49 ]
					},
					{ "time": 0.6666, "angle": -423.84 }
				],
				"translate": [
					{
						"time": 0,
						"x": 6.61,
						"y": 3.79,
						"curve": [ 0.812, -0.11, 0.75, 1 ]
					},
					{
						"time": 0.3,
						"x": 6.65,
						"y": -1.49,
						"curve": [ 0.25, 0, 0.388, 1.49 ]
					},
					{ "time": 0.6666, "x": 4.08, "y": 10.48 }
				],
				"scale": [
					{ "time": 0, "x": 1, "y": 1 }
				]
			},
			"root": {
				"rotate": [
					{ "time": 0, "angle": 0 }
				],
				"translate": [
					{ "time": 0, "x": 0, "y": 0 }
				],
				"scale": [
					{ "time": 0, "x": 1, "y": 1 }
				]
			},
			"vaso": {
				"rotate": [
					{ "time": 0, "angle": -2.91 }
				],
				"translate": [
					{ "time": 0, "x": 6.26, "y": 3.13 }
				],
				"scale": [
					{ "time": 0, "x": 1, "y": 1 }
				]
			},
			"rodilla2": {
				"rotate": [
					{
						"time": 0,
						"angle": -349.76,
						"curve": [ 0.25, 0, 0.75, 1 ]
					},
					{
						"time": 0.3,
						"angle": -440,
						"curve": [ 0.624, 0, 0.559, 2.01 ]
					},
					{ "time": 0.6666, "angle": -364.95 }
				],
				"translate": [
					{ "time": 0, "x": 0, "y": 0 }
				],
				"scale": [
					{ "time": 0, "x": 1, "y": 1 }
				]
			},
			"cabeza": {
				"rotate": [
					{ "time": 0, "angle": 0 }
				],
				"translate": [
					{ "time": 0, "x": 0, "y": 0 }
				],
				"scale": [
					{
						"time": 0,
						"x": 1,
						"y": 1,
						"curve": [ 0.91, 0, 0.75, 1 ]
					},
					{
						"time": 0.3,
						"x": 0.925,
						"y": 1,
						"curve": [ 0.812, -1.86, 0.642, 1.89 ]
					},
					{ "time": 0.6666, "x": 1.023, "y": 1 }
				]
			},
			"ojo1": {
				"rotate": [
					{ "time": 0, "angle": 0 }
				],
				"translate": [
					{ "time": 0, "x": -2.83, "y": -3.77, "curve": "stepped" },
					{
						"time": 0.3,
						"x": -2.83,
						"y": -3.77,
						"curve": [ 0.25, 0, 0.75, 1 ]
					},
					{ "time": 0.5666, "x": -8.17, "y": 6.47 }
				],
				"scale": [
					{
						"time": 0,
						"x": 1,
						"y": 1,
						"curve": [ 0.25, 0, 0.75, 1 ]
					},
					{
						"time": 0.3,
						"x": 0.411,
						"y": 1,
						"curve": [ 0.25, 0, 0.75, 1 ]
					},
					{ "time": 0.5666, "x": 2.974, "y": 2.974 }
				]
			},
			"rodilla1": {
				"rotate": [
					{
						"time": 0,
						"angle": -403.41,
						"curve": [ 0.751, -0.82, 0.75, 1 ]
					},
					{
						"time": 0.3,
						"angle": -382.97,
						"curve": [ 0.25, 0, 0.547, 1.84 ]
					},
					{ "time": 0.6666, "angle": -358.62 }
				],
				"translate": [
					{ "time": 0, "x": 0, "y": 0 }
				],
				"scale": [
					{ "time": 0, "x": 1, "y": 1 }
				]
			}
		},
		"drawOrder": [
			{ "time": 0 },
			{ "time": 0.6666 }
		]
	},
	"RUN": {
		"slots": {
			"cabeza": {
				"attachment": [
					{ "time": 0, "name": "cabeza" },
					{ "time": 0.5666, "name": "cabeza" }
				]
			},
			"copete": {
				"attachment": [
					{ "time": 0, "name": "copete" },
					{ "time": 0.5666, "name": "copete" }
				]
			},
			"lentes": {
				"attachment": [
					{ "time": 0, "name": "lentes" },
					{ "time": 0.5666, "name": "lentes" }
				]
			},
			"normal/pie1": {
				"attachment": [
					{ "time": 0, "name": "pie2" },
					{ "time": 0.5666, "name": "pie2" }
				]
			},
			"ojo1": {
				"attachment": [
					{ "time": 0, "name": "ojo1" },
					{ "time": 0.5666, "name": "ojo1" }
				]
			},
			"ojo2": {
				"attachment": [
					{ "time": 0, "name": "ojo2" },
					{ "time": 0.5666, "name": "ojo2" }
				]
			},
			"pie1": {
				"attachment": [
					{ "time": 0, "name": null },
					{ "time": 0.5666, "name": null }
				]
			},
			"pie2": {
				"attachment": [
					{ "time": 0, "name": "pie2" },
					{ "time": 0.5666, "name": "pie2" }
				]
			},
			"pierna1": {
				"attachment": [
					{ "time": 0, "name": "pierna1" },
					{ "time": 0.5666, "name": "pierna1" }
				]
			},
			"pierna2": {
				"attachment": [
					{ "time": 0, "name": "pierna2" },
					{ "time": 0.5666, "name": "pierna2" }
				]
			},
			"rodilla1": {
				"attachment": [
					{ "time": 0, "name": "rodilla1" },
					{ "time": 0.5666, "name": "rodilla1" }
				]
			},
			"rodilla2": {
				"attachment": [
					{ "time": 0, "name": "rodilla2" },
					{ "time": 0.5666, "name": "rodilla2" }
				]
			},
			"torso": {
				"attachment": [
					{ "time": 0, "name": "torso" },
					{ "time": 0.5666, "name": "torso" }
				]
			},
			"vaso": {
				"attachment": [
					{ "time": 0, "name": "vaso" }
				]
			}
		},
		"bones": {
			"cabeza": {
				"rotate": [
					{ "time": 0, "angle": 0 }
				],
				"translate": [
					{
						"time": 0,
						"x": 0,
						"y": 0,
						"curve": [ 0.25, 0, 0.629, 1.89 ]
					},
					{
						"time": 0.1666,
						"x": -3.57,
						"y": 0.22,
						"curve": [ 0.25, 0, 0.629, 1.89 ]
					},
					{
						"time": 0.3,
						"x": 0,
						"y": 0,
						"curve": [ 0.25, 0, 0.629, 1.89 ]
					},
					{
						"time": 0.4666,
						"x": -3.57,
						"y": 0.22,
						"curve": [ 0.25, 0, 0.629, 1.89 ]
					},
					{ "time": 0.5666, "x": 0, "y": 0 }
				],
				"scale": [
					{
						"time": 0,
						"x": 1,
						"y": 1,
						"curve": [ 0.395, -0.87, 0.75, 1 ]
					},
					{
						"time": 0.1666,
						"x": 0.971,
						"y": 1,
						"curve": [ 0.395, -0.87, 0.75, 1 ]
					},
					{
						"time": 0.3,
						"x": 1,
						"y": 1,
						"curve": [ 0.395, -0.87, 0.75, 1 ]
					},
					{
						"time": 0.4666,
						"x": 0.971,
						"y": 1,
						"curve": [ 0.395, -0.87, 0.75, 1 ]
					},
					{ "time": 0.5666, "x": 1, "y": 1 }
				]
			},
			"copete": {
				"rotate": [
					{
						"time": 0,
						"angle": 5.82,
						"curve": [ 0.25, 0, 0.528, 1.58 ]
					},
					{
						"time": 0.1666,
						"angle": -5.22,
						"curve": [ 0.25, 0, 0.528, 1.58 ]
					},
					{
						"time": 0.3,
						"angle": 5.82,
						"curve": [ 0.25, 0, 0.528, 1.58 ]
					},
					{
						"time": 0.4666,
						"angle": -5.22,
						"curve": [ 0.25, 0, 0.528, 1.58 ]
					},
					{ "time": 0.5666, "angle": 5.82 }
				],
				"translate": [
					{
						"time": 0,
						"x": 0,
						"y": 0,
						"curve": [ 0.25, 0, 0.505, 1.37 ]
					},
					{
						"time": 0.1666,
						"x": -13.26,
						"y": 0.47,
						"curve": [ 0.25, 0, 0.505, 1.37 ]
					},
					{
						"time": 0.3,
						"x": 0,
						"y": 0,
						"curve": [ 0.25, 0, 0.505, 1.37 ]
					},
					{
						"time": 0.4666,
						"x": -13.26,
						"y": 0.47,
						"curve": [ 0.25, 0, 0.505, 1.37 ]
					},
					{ "time": 0.5666, "x": 0, "y": 0 }
				],
				"scale": [
					{ "time": 0, "x": 1, "y": 1 }
				]
			},
			"ojo2": {
				"rotate": [
					{ "time": 0, "angle": 0 }
				],
				"translate": [
					{ "time": 0, "x": -3.74, "y": -13.69 }
				],
				"scale": [
					{ "time": 0, "x": 1, "y": 1, "curve": "stepped" },
					{
						"time": 0.2666,
						"x": 1,
						"y": 1,
						"curve": [ 0.25, 0, 0.362, 1 ]
					},
					{
						"time": 0.3,
						"x": 0.174,
						"y": 1,
						"curve": [ 0.25, 0, 0.152, 1 ]
					},
					{ "time": 0.3333, "x": 1, "y": 1 }
				]
			},
			"lentes": {
				"rotate": [
					{ "time": 0, "angle": 0 }
				],
				"translate": [
					{
						"time": 0,
						"x": 0,
						"y": 0,
						"curve": [ 0.304, 0, 0.615, 0.6 ]
					},
					{
						"time": 0.1666,
						"x": -9.44,
						"y": -0.02,
						"curve": [ 0.25, 0, 0.511, 3.34 ]
					},
					{
						"time": 0.3,
						"x": 0,
						"y": 0,
						"curve": [ 0.25, 0, 0.511, 3.34 ]
					},
					{
						"time": 0.4666,
						"x": -9.44,
						"y": -0.02,
						"curve": [ 0.25, 0, 0.511, 3.34 ]
					},
					{ "time": 0.5666, "x": 0, "y": 0 }
				],
				"scale": [
					{
						"time": 0,
						"x": 1,
						"y": 1,
						"curve": [ 0.507, -0.69, 0.75, 1 ]
					},
					{
						"time": 0.1666,
						"x": 0.913,
						"y": 1,
						"curve": [ 0.507, -0.69, 0.75, 1 ]
					},
					{
						"time": 0.3,
						"x": 1,
						"y": 1,
						"curve": [ 0.507, -0.69, 0.75, 1 ]
					},
					{
						"time": 0.4666,
						"x": 0.913,
						"y": 1,
						"curve": [ 0.507, -0.69, 0.75, 1 ]
					},
					{ "time": 0.5666, "x": 1, "y": 1 }
				]
			},
			"torso": {
				"rotate": [
					{ "time": 0, "angle": -2.53 }
				],
				"translate": [
					{
						"time": 0,
						"x": 0,
						"y": 0,
						"curve": [ 0.25, 0, 0.603, 2.11 ]
					},
					{
						"time": 0.1666,
						"x": 0,
						"y": -4.59,
						"curve": [ 0.25, 0, 0.603, 2.11 ]
					},
					{
						"time": 0.3,
						"x": 0,
						"y": 0,
						"curve": [ 0.25, 0, 0.603, 2.11 ]
					},
					{
						"time": 0.4666,
						"x": 0,
						"y": -4.59,
						"curve": [ 0.25, 0, 0.603, 2.11 ]
					},
					{ "time": 0.5666, "x": 0, "y": 0 }
				],
				"scale": [
					{ "time": 0, "x": 1, "y": 1 }
				]
			},
			"pierna1": {
				"rotate": [
					{
						"time": 0,
						"angle": -42.36,
						"curve": [ 0.25, 0, 0.598, 1.94 ]
					},
					{
						"time": 0.3,
						"angle": 14.23,
						"curve": [ 0.25, 0, 0.598, 1.94 ]
					},
					{ "time": 0.5666, "angle": -42.36 }
				],
				"translate": [
					{
						"time": 0,
						"x": 6.64,
						"y": 0.16,
						"curve": [ 0.25, 0, 0.75, 1 ]
					},
					{
						"time": 0.1666,
						"x": 6.66,
						"y": -3.01,
						"curve": [ 0.25, 0, 0.75, 1 ]
					},
					{
						"time": 0.3,
						"x": 6.64,
						"y": 0.16,
						"curve": [ 0.25, 0, 0.75, 1 ]
					},
					{
						"time": 0.4333,
						"x": 6.66,
						"y": -3.01,
						"curve": [ 0.25, 0, 0.75, 1 ]
					},
					{ "time": 0.5666, "x": 6.64, "y": 0.16 }
				],
				"scale": [
					{ "time": 0, "x": 1, "y": 1 }
				]
			},
			"ojo1": {
				"rotate": [
					{ "time": 0, "angle": 0 }
				],
				"translate": [
					{ "time": 0, "x": -2.83, "y": -3.77 }
				],
				"scale": [
					{ "time": 0, "x": 1, "y": 1, "curve": "stepped" },
					{
						"time": 0.2666,
						"x": 1,
						"y": 1,
						"curve": [ 0.25, 0, 0.263, 1 ]
					},
					{
						"time": 0.3,
						"x": 0.192,
						"y": 1,
						"curve": [ 0.25, 0, 0.263, 1 ]
					},
					{ "time": 0.3333, "x": 1, "y": 1 }
				]
			},
			"pierna2": {
				"rotate": [
					{
						"time": 0,
						"angle": 22.25,
						"curve": [ 0.25, 0, 0.686, 1.77 ]
					},
					{
						"time": 0.3,
						"angle": -40.8,
						"curve": [ 0.25, 0, 0.686, 1.77 ]
					},
					{ "time": 0.5666, "angle": 22.25 }
				],
				"translate": [
					{
						"time": 0,
						"x": -4.54,
						"y": -0.39,
						"curve": [ 0.25, 0, 0.75, 1 ]
					},
					{
						"time": 0.1666,
						"x": -4.49,
						"y": -5.84,
						"curve": [ 0.25, 0, 0.75, 1 ]
					},
					{
						"time": 0.3,
						"x": -4.54,
						"y": -0.39,
						"curve": [ 0.25, 0, 0.75, 1 ]
					},
					{
						"time": 0.4333,
						"x": -4.49,
						"y": -5.84,
						"curve": [ 0.25, 0, 0.75, 1 ]
					},
					{ "time": 0.5666, "x": -4.54, "y": -0.39 }
				],
				"scale": [
					{ "time": 0, "x": 1, "y": 1 }
				]
			},
			"pie1": {
				"rotate": [
					{
						"time": 0,
						"angle": -345.81,
						"curve": [ 0.25, 0, 0.598, 1.94 ]
					},
					{
						"time": 0.3,
						"angle": -352.02,
						"curve": [ 0.25, 0, 0.598, 1.94 ]
					},
					{ "time": 0.5666, "angle": -345.81 }
				],
				"translate": [
					{ "time": 0, "x": 0, "y": 0 }
				],
				"scale": [
					{ "time": 0, "x": 1, "y": 1 }
				]
			},
			"root": {
				"rotate": [
					{ "time": 0, "angle": 0 }
				],
				"translate": [
					{ "time": 0, "x": 0, "y": 0 }
				],
				"scale": [
					{ "time": 0, "x": 1, "y": 1 }
				]
			},
			"rodilla2": {
				"rotate": [
					{
						"time": 0,
						"angle": 0,
						"curve": [ 0.374, -0.24, 0.75, 1 ]
					},
					{
						"time": 0.3,
						"angle": -435.62,
						"curve": [ 0.374, -0.24, 0.75, 1 ]
					},
					{ "time": 0.5666, "angle": 0 }
				],
				"translate": [
					{ "time": 0, "x": 0, "y": 0 }
				],
				"scale": [
					{ "time": 0, "x": 1, "y": 1 }
				]
			},
			"pie2": {
				"rotate": [
					{
						"time": 0,
						"angle": 0,
						"curve": [ 0.33, -0.69, 0.75, 1 ]
					},
					{
						"time": 0.3,
						"angle": -404.77,
						"curve": [ 0.33, -0.69, 0.75, 1 ]
					},
					{ "time": 0.5666, "angle": 0 }
				],
				"translate": [
					{ "time": 0, "x": 0, "y": 0 }
				],
				"scale": [
					{ "time": 0, "x": 1, "y": 1 }
				]
			},
			"rodilla1": {
				"rotate": [
					{
						"time": 0,
						"angle": -426.49,
						"curve": [ 0.257, -0.71, 0.75, 1 ]
					},
					{
						"time": 0.3,
						"angle": -349.2,
						"curve": [ 0.257, -0.71, 0.75, 1 ]
					},
					{ "time": 0.5666, "angle": -426.49 }
				],
				"translate": [
					{ "time": 0, "x": 0, "y": 0 }
				],
				"scale": [
					{ "time": 0, "x": 1, "y": 1 }
				]
			},
			"vaso": {
				"rotate": [
					{ "time": 0, "angle": -2.91 }
				],
				"translate": [
					{
						"time": 0,
						"x": 6.26,
						"y": 3.13,
						"curve": [ 0.408, -1.08, 0.75, 1 ]
					},
					{
						"time": 0.1666,
						"x": 8.59,
						"y": -10.43,
						"curve": [ 0.25, 0, 0.66, 1.69 ]
					},
					{
						"time": 0.3,
						"x": 6.75,
						"y": 0,
						"curve": [ 0.25, 0, 0.66, 1.69 ]
					},
					{
						"time": 0.4666,
						"x": 8.59,
						"y": -10.43,
						"curve": [ 0.25, 0, 0.66, 1.69 ]
					},
					{ "time": 0.5666, "x": 6.75, "y": 0 }
				],
				"scale": [
					{
						"time": 0,
						"x": 1,
						"y": 1,
						"curve": [ 0.408, -1.08, 0.75, 1 ]
					},
					{
						"time": 0.1666,
						"x": 0.913,
						"y": 1,
						"curve": [ 0.457, -0.98, 0.75, 1 ]
					},
					{
						"time": 0.3,
						"x": 1,
						"y": 1,
						"curve": [ 0.457, -0.98, 0.75, 1 ]
					},
					{
						"time": 0.4666,
						"x": 0.913,
						"y": 1,
						"curve": [ 0.457, -0.98, 0.75, 1 ]
					},
					{ "time": 0.5666, "x": 1, "y": 1 }
				]
			}
		},
		"drawOrder": [
			{ "time": 0 },
			{ "time": 0.5666 }
		]
	}
}
}