{"frames": [

{
	"filename": "arcadebutton1",
	"frame": {"x":544,"y":1,"w":206,"h":206},
	"rotated": false,
	"trimmed": false,
	"spriteSourceSize": {"x":0,"y":0,"w":206,"h":206},
	"sourceSize": {"w":206,"h":206},
	"pivot": {"x":0.5,"y":0.5}
},
{
	"filename": "arcadebutton2",
	"frame": {"x":544,"y":209,"w":206,"h":206},
	"rotated": false,
	"trimmed": false,
	"spriteSourceSize": {"x":0,"y":0,"w":206,"h":206},
	"sourceSize": {"w":206,"h":206},
	"pivot": {"x":0.5,"y":0.5}
},
{
	"filename": "circle",
	"frame": {"x":394,"y":392,"w":50,"h":51},
	"rotated": false,
	"trimmed": false,
	"spriteSourceSize": {"x":0,"y":0,"w":50,"h":51},
	"sourceSize": {"w":50,"h":51},
	"pivot": {"x":0.5,"y":0.5}
},
{
	"filename": "circlePart",
	"frame": {"x":157,"y":393,"w":128,"h":47},
	"rotated": false,
	"trimmed": false,
	"spriteSourceSize": {"x":0,"y":0,"w":128,"h":47},
	"sourceSize": {"w":128,"h":47},
	"pivot": {"x":0.5,"y":0.5}
},
{
	"filename": "cirquit",
	"frame": {"x":469,"y":363,"w":50,"h":50},
	"rotated": false,
	"trimmed": false,
	"spriteSourceSize": {"x":0,"y":0,"w":50,"h":50},
	"sourceSize": {"w":50,"h":50},
	"pivot": {"x":0.5,"y":0.5}
},
{
	"filename": "cirquitName",
	"frame": {"x":446,"y":417,"w":132,"h":25},
	"rotated": false,
	"trimmed": false,
	"spriteSourceSize": {"x":0,"y":0,"w":132,"h":25},
	"sourceSize": {"w":132,"h":25},
	"pivot": {"x":0.5,"y":0.5}
},
{
	"filename": "coin",
	"frame": {"x":399,"y":320,"w":68,"h":70},
	"rotated": false,
	"trimmed": false,
	"spriteSourceSize": {"x":0,"y":0,"w":68,"h":70},
	"sourceSize": {"w":68,"h":70},
	"pivot": {"x":0.5,"y":0.5}
},
{
	"filename": "crossPart",
	"frame": {"x":440,"y":277,"w":99,"h":18},
	"rotated": false,
	"trimmed": false,
	"spriteSourceSize": {"x":0,"y":0,"w":99,"h":18},
	"sourceSize": {"w":99,"h":18},
	"pivot": {"x":0.5,"y":0.5}
},
{
	"filename": "dashboard",
	"frame": {"x":1,"y":1,"w":541,"h":274},
	"rotated": false,
	"trimmed": false,
	"spriteSourceSize": {"x":0,"y":0,"w":541,"h":274},
	"sourceSize": {"w":541,"h":274},
	"pivot": {"x":0.5,"y":0.5}
},
{
	"filename": "life_box",
	"frame": {"x":287,"y":385,"w":105,"h":41},
	"rotated": false,
	"trimmed": false,
	"spriteSourceSize": {"x":0,"y":0,"w":105,"h":41},
	"sourceSize": {"w":105,"h":41},
	"pivot": {"x":0.5,"y":0.5}
},
{
	"filename": "ringPart",
	"frame": {"x":157,"y":277,"w":114,"h":114},
	"rotated": false,
	"trimmed": false,
	"spriteSourceSize": {"x":0,"y":0,"w":114,"h":114},
	"sourceSize": {"w":114,"h":114},
	"pivot": {"x":0.5,"y":0.5}
},
{
	"filename": "smoke",
	"frame": {"x":1,"y":277,"w":154,"h":142},
	"rotated": false,
	"trimmed": false,
	"spriteSourceSize": {"x":0,"y":0,"w":154,"h":142},
	"sourceSize": {"w":154,"h":142},
	"pivot": {"x":0.5,"y":0.5}
},
{
	"filename": "star",
	"frame": {"x":469,"y":297,"w":64,"h":64},
	"rotated": false,
	"trimmed": false,
	"spriteSourceSize": {"x":0,"y":0,"w":64,"h":64},
	"sourceSize": {"w":64,"h":64},
	"pivot": {"x":0.5,"y":0.5}
},
{
	"filename": "starPart",
	"frame": {"x":273,"y":320,"w":124,"h":63},
	"rotated": false,
	"trimmed": true,
	"spriteSourceSize": {"x":0,"y":0,"w":124,"h":63},
	"sourceSize": {"w":128,"h":68},
	"pivot": {"x":0.5,"y":0.5}
},
{
	"filename": "xpcoins",
	"frame": {"x":273,"y":277,"w":165,"h":41},
	"rotated": false,
	"trimmed": false,
	"spriteSourceSize": {"x":0,"y":0,"w":165,"h":41},
	"sourceSize": {"w":165,"h":41},
	"pivot": {"x":0.5,"y":0.5}
}],
"meta": {
	"app": "http://www.codeandweb.com/texturepacker",
	"version": "1.0",
	"image": "atlas.png",
	"format": "RGBA8888",
	"size": {"w":751,"h":444},
	"scale": "1",
	"smartupdate": "$TexturePacker:SmartUpdate:9382033b44427cfaa3f93e02b547aa52:9482c950e8f2ae32f2409a9c15881b88:cbce6b53f0f49e0bf15173c25c41f876$"
}
}
