{"frames": [

{
	"filename": "button",
	"frame": {"x":604,"y":574,"w":129,"h":114},
	"rotated": false,
	"trimmed": false,
	"spriteSourceSize": {"x":0,"y":0,"w":129,"h":114},
	"sourceSize": {"w":129,"h":114},
	"pivot": {"x":0.5,"y":0.5}
},
{
	"filename": "CLOUD",
	"frame": {"x":789,"y":455,"w":203,"h":117},
	"rotated": false,
	"trimmed": false,
	"spriteSourceSize": {"x":0,"y":0,"w":203,"h":117},
	"sourceSize": {"w":203,"h":117},
	"pivot": {"x":0.5,"y":0.5}
},
{
	"filename": "desktop",
	"frame": {"x":735,"y":574,"w":213,"h":107},
	"rotated": false,
	"trimmed": false,
	"spriteSourceSize": {"x":0,"y":0,"w":213,"h":107},
	"sourceSize": {"w":213,"h":107},
	"pivot": {"x":0.5,"y":0.5}
},
{
	"filename": "gametuto",
	"frame": {"x":584,"y":1,"w":378,"h":239},
	"rotated": false,
	"trimmed": false,
	"spriteSourceSize": {"x":0,"y":0,"w":378,"h":239},
	"sourceSize": {"w":378,"h":239},
	"pivot": {"x":0.5,"y":0.5}
},
{
	"filename": "introscreen",
	"frame": {"x":1,"y":1,"w":581,"h":499},
	"rotated": false,
	"trimmed": false,
	"spriteSourceSize": {"x":0,"y":0,"w":581,"h":499},
	"sourceSize": {"w":581,"h":499},
	"pivot": {"x":0.5,"y":0.5}
},
{
	"filename": "life_box",
	"frame": {"x":445,"y":627,"w":140,"h":55},
	"rotated": false,
	"trimmed": false,
	"spriteSourceSize": {"x":0,"y":0,"w":140,"h":55},
	"sourceSize": {"w":140,"h":55},
	"pivot": {"x":0.5,"y":0.5}
},
{
	"filename": "LUNA",
	"frame": {"x":584,"y":242,"w":203,"h":251},
	"rotated": false,
	"trimmed": false,
	"spriteSourceSize": {"x":0,"y":0,"w":203,"h":251},
	"sourceSize": {"w":203,"h":251},
	"pivot": {"x":0.5,"y":0.5}
},
{
	"filename": "Movil",
	"frame": {"x":313,"y":502,"w":289,"h":123},
	"rotated": false,
	"trimmed": false,
	"spriteSourceSize": {"x":0,"y":0,"w":289,"h":123},
	"sourceSize": {"w":289,"h":123},
	"pivot": {"x":0.5,"y":0.5}
},
{
	"filename": "POLLUTION1",
	"frame": {"x":789,"y":242,"w":205,"h":211},
	"rotated": false,
	"trimmed": true,
	"spriteSourceSize": {"x":0,"y":8,"w":205,"h":211},
	"sourceSize": {"w":205,"h":219},
	"pivot": {"x":0.5,"y":0.5}
},
{
	"filename": "POLLUTION2",
	"frame": {"x":1,"y":502,"w":310,"h":184},
	"rotated": false,
	"trimmed": true,
	"spriteSourceSize": {"x":5,"y":0,"w":310,"h":184},
	"sourceSize": {"w":315,"h":184},
	"pivot": {"x":0.5,"y":0.5}
},
{
	"filename": "star",
	"frame": {"x":313,"y":627,"w":64,"h":64},
	"rotated": false,
	"trimmed": false,
	"spriteSourceSize": {"x":0,"y":0,"w":64,"h":64},
	"sourceSize": {"w":64,"h":64},
	"pivot": {"x":0.5,"y":0.5}
},
{
	"filename": "wrong",
	"frame": {"x":379,"y":627,"w":64,"h":64},
	"rotated": false,
	"trimmed": false,
	"spriteSourceSize": {"x":0,"y":0,"w":64,"h":64},
	"sourceSize": {"w":64,"h":64},
	"pivot": {"x":0.5,"y":0.5}
},
{
	"filename": "xpcoins",
	"frame": {"x":604,"y":495,"w":165,"h":41},
	"rotated": false,
	"trimmed": false,
	"spriteSourceSize": {"x":0,"y":0,"w":165,"h":41},
	"sourceSize": {"w":165,"h":41},
	"pivot": {"x":0.5,"y":0.5}
}],
"meta": {
	"app": "http://www.codeandweb.com/texturepacker",
	"version": "1.0",
	"image": "atlas.png",
	"format": "RGBA8888",
	"size": {"w":995,"h":692},
	"scale": "1",
	"smartupdate": "$TexturePacker:SmartUpdate:75a5c32dd559c2030ee900394c06f23d:b90750e2ab4ba76e5204d295c8444226:cbce6b53f0f49e0bf15173c25c41f876$"
}
}
