{"frames": [

{
	"filename": "bar",
	"frame": {"x":459,"y":1,"w":30,"h":34},
	"rotated": false,
	"trimmed": false,
	"spriteSourceSize": {"x":0,"y":0,"w":30,"h":34},
	"sourceSize": {"w":30,"h":34},
	"pivot": {"x":0.5,"y":0.5}
},
{
	"filename": "clock",
	"frame": {"x":1,"y":1,"w":456,"h":98},
	"rotated": false,
	"trimmed": false,
	"spriteSourceSize": {"x":0,"y":0,"w":456,"h":98},
	"sourceSize": {"w":456,"h":98},
	"pivot": {"x":0.5,"y":0.5}
}],
"meta": {
	"app": "http://www.codeandweb.com/texturepacker",
	"version": "1.0",
	"image": "timeAtlas.png",
	"format": "RGBA8888",
	"size": {"w":490,"h":100},
	"scale": "1",
	"smartupdate": "$TexturePacker:SmartUpdate:23aeafa743ac78157ac36b42c4f0e03b:4da4aa19aff0afba97d95d363d641b08:3b0136ef91f9a9557ac271067c00a18f$"
}
}
