{"frames": [

{
	"filename": "1",
	"frame": {"x":30,"y":451,"w":42,"h":34},
	"rotated": false,
	"trimmed": false,
	"spriteSourceSize": {"x":0,"y":0,"w":42,"h":34},
	"sourceSize": {"w":42,"h":34},
	"pivot": {"x":0.5,"y":0.5}
},
{
	"filename": "2",
	"frame": {"x":591,"y":251,"w":53,"h":50},
	"rotated": false,
	"trimmed": false,
	"spriteSourceSize": {"x":0,"y":0,"w":53,"h":50},
	"sourceSize": {"w":53,"h":50},
	"pivot": {"x":0.5,"y":0.5}
},
{
	"filename": "3",
	"frame": {"x":1,"y":382,"w":77,"h":67},
	"rotated": false,
	"trimmed": false,
	"spriteSourceSize": {"x":0,"y":0,"w":77,"h":67},
	"sourceSize": {"w":77,"h":67},
	"pivot": {"x":0.5,"y":0.5}
},
{
	"filename": "4",
	"frame": {"x":1,"y":451,"w":27,"h":43},
	"rotated": false,
	"trimmed": false,
	"spriteSourceSize": {"x":0,"y":0,"w":27,"h":43},
	"sourceSize": {"w":27,"h":43},
	"pivot": {"x":0.5,"y":0.5}
},
{
	"filename": "5",
	"frame": {"x":537,"y":309,"w":67,"h":51},
	"rotated": false,
	"trimmed": false,
	"spriteSourceSize": {"x":0,"y":0,"w":67,"h":51},
	"sourceSize": {"w":67,"h":51},
	"pivot": {"x":0.5,"y":0.5}
},
{
	"filename": "6",
	"frame": {"x":537,"y":251,"w":52,"h":56},
	"rotated": false,
	"trimmed": false,
	"spriteSourceSize": {"x":0,"y":0,"w":52,"h":56},
	"sourceSize": {"w":52,"h":56},
	"pivot": {"x":0.5,"y":0.5}
},
{
	"filename": "bros",
	"frame": {"x":556,"y":362,"w":153,"h":134},
	"rotated": false,
	"trimmed": false,
	"spriteSourceSize": {"x":0,"y":0,"w":153,"h":134},
	"sourceSize": {"w":153,"h":134},
	"pivot": {"x":0.5,"y":0.5}
},
{
	"filename": "compartir",
	"frame": {"x":80,"y":382,"w":236,"h":63},
	"rotated": false,
	"trimmed": false,
	"spriteSourceSize": {"x":0,"y":0,"w":236,"h":63},
	"sourceSize": {"w":236,"h":63},
	"pivot": {"x":0.5,"y":0.5}
},
{
	"filename": "costena",
	"frame": {"x":711,"y":251,"w":153,"h":134},
	"rotated": false,
	"trimmed": false,
	"spriteSourceSize": {"x":0,"y":0,"w":153,"h":134},
	"sourceSize": {"w":153,"h":134},
	"pivot": {"x":0.5,"y":0.5}
},
{
	"filename": "cupon",
	"frame": {"x":537,"y":1,"w":492,"h":248},
	"rotated": false,
	"trimmed": false,
	"spriteSourceSize": {"x":0,"y":0,"w":492,"h":248},
	"sourceSize": {"w":492,"h":248},
	"pivot": {"x":0.5,"y":0.5}
},
{
	"filename": "fondo_result",
	"frame": {"x":1,"y":1,"w":534,"h":379},
	"rotated": false,
	"trimmed": true,
	"spriteSourceSize": {"x":0,"y":0,"w":534,"h":379},
	"sourceSize": {"w":534,"h":389},
	"pivot": {"x":0.5,"y":0.5}
},
{
	"filename": "lluvia",
	"frame": {"x":866,"y":251,"w":153,"h":134},
	"rotated": false,
	"trimmed": false,
	"spriteSourceSize": {"x":0,"y":0,"w":153,"h":134},
	"sourceSize": {"w":153,"h":134},
	"pivot": {"x":0.5,"y":0.5}
},
{
	"filename": "reintentar",
	"frame": {"x":318,"y":382,"w":236,"h":63},
	"rotated": false,
	"trimmed": false,
	"spriteSourceSize": {"x":0,"y":0,"w":236,"h":63},
	"sourceSize": {"w":236,"h":63},
	"pivot": {"x":0.5,"y":0.5}
}],
"meta": {
	"app": "http://www.codeandweb.com/texturepacker",
	"version": "1.0",
	"image": "atlas.png",
	"format": "RGBA8888",
	"size": {"w":1030,"h":497},
	"scale": "1",
	"smartupdate": "$TexturePacker:SmartUpdate:1ffd17fc1ec0c3f13f16037a34e638c8:016494bc2f31d33759e7490380eefdcb:cbce6b53f0f49e0bf15173c25c41f876$"
}
}
