{"frames": [

{
	"filename": "barra_vida",
	"frame": {"x":1,"y":806,"w":312,"h":36},
	"rotated": false,
	"trimmed": false,
	"spriteSourceSize": {"x":0,"y":0,"w":312,"h":36},
	"sourceSize": {"w":312,"h":36},
	"pivot": {"x":0.5,"y":0.5}
},
{
	"filename": "Base_pinza",
	"frame": {"x":1,"y":1274,"w":135,"h":120},
	"rotated": false,
	"trimmed": false,
	"spriteSourceSize": {"x":0,"y":0,"w":135,"h":120},
	"sourceSize": {"w":135,"h":120},
	"pivot": {"x":0.5,"y":0.5}
},
{
	"filename": "bloque1_1",
	"frame": {"x":318,"y":781,"w":188,"h":174},
	"rotated": false,
	"trimmed": false,
	"spriteSourceSize": {"x":0,"y":0,"w":188,"h":174},
	"sourceSize": {"w":188,"h":174},
	"pivot": {"x":0.5,"y":0.5}
},
{
	"filename": "bloque1_2",
	"frame": {"x":1,"y":470,"w":316,"h":174},
	"rotated": false,
	"trimmed": false,
	"spriteSourceSize": {"x":0,"y":0,"w":316,"h":174},
	"sourceSize": {"w":316,"h":174},
	"pivot": {"x":0.5,"y":0.5}
},
{
	"filename": "bloque1_3",
	"frame": {"x":1,"y":646,"w":315,"h":158},
	"rotated": false,
	"trimmed": false,
	"spriteSourceSize": {"x":0,"y":0,"w":315,"h":158},
	"sourceSize": {"w":315,"h":158},
	"pivot": {"x":0.5,"y":0.5}
},
{
	"filename": "bloque1_4",
	"frame": {"x":325,"y":1,"w":175,"h":314},
	"rotated": false,
	"trimmed": false,
	"spriteSourceSize": {"x":0,"y":0,"w":175,"h":314},
	"sourceSize": {"w":175,"h":314},
	"pivot": {"x":0.5,"y":0.5}
},
{
	"filename": "bloque1_5",
	"frame": {"x":1,"y":844,"w":300,"h":175},
	"rotated": false,
	"trimmed": false,
	"spriteSourceSize": {"x":0,"y":0,"w":300,"h":175},
	"sourceSize": {"w":300,"h":175},
	"pivot": {"x":0.5,"y":0.5}
},
{
	"filename": "bloque1_6",
	"frame": {"x":1,"y":1021,"w":299,"h":175},
	"rotated": false,
	"trimmed": false,
	"spriteSourceSize": {"x":0,"y":0,"w":299,"h":175},
	"sourceSize": {"w":299,"h":175},
	"pivot": {"x":0.5,"y":0.5}
},
{
	"filename": "bloque2_1",
	"frame": {"x":303,"y":957,"w":193,"h":156},
	"rotated": false,
	"trimmed": false,
	"spriteSourceSize": {"x":0,"y":0,"w":193,"h":156},
	"sourceSize": {"w":193,"h":156},
	"pivot": {"x":0.5,"y":0.5}
},
{
	"filename": "bloque2_2",
	"frame": {"x":244,"y":1232,"w":156,"h":230},
	"rotated": false,
	"trimmed": false,
	"spriteSourceSize": {"x":0,"y":0,"w":156,"h":230},
	"sourceSize": {"w":156,"h":230},
	"pivot": {"x":0.5,"y":0.5}
},
{
	"filename": "bloque2_3",
	"frame": {"x":1,"y":49,"w":318,"h":155},
	"rotated": false,
	"trimmed": false,
	"spriteSourceSize": {"x":0,"y":0,"w":318,"h":155},
	"sourceSize": {"w":318,"h":155},
	"pivot": {"x":0.5,"y":0.5}
},
{
	"filename": "bloque2_4",
	"frame": {"x":319,"y":581,"w":188,"h":198},
	"rotated": false,
	"trimmed": false,
	"spriteSourceSize": {"x":0,"y":0,"w":188,"h":198},
	"sourceSize": {"w":188,"h":198},
	"pivot": {"x":0.5,"y":0.5}
},
{
	"filename": "bloque2_5",
	"frame": {"x":320,"y":317,"w":188,"h":262},
	"rotated": false,
	"trimmed": false,
	"spriteSourceSize": {"x":0,"y":0,"w":188,"h":262},
	"sourceSize": {"w":188,"h":262},
	"pivot": {"x":0.5,"y":0.5}
},
{
	"filename": "bloque2_6",
	"frame": {"x":1,"y":206,"w":317,"h":262},
	"rotated": false,
	"trimmed": false,
	"spriteSourceSize": {"x":0,"y":0,"w":317,"h":262},
	"sourceSize": {"w":317,"h":262},
	"pivot": {"x":0.5,"y":0.5}
},
{
	"filename": "coin",
	"frame": {"x":1,"y":1736,"w":68,"h":70},
	"rotated": false,
	"trimmed": false,
	"spriteSourceSize": {"x":0,"y":0,"w":68,"h":70},
	"sourceSize": {"w":68,"h":70},
	"pivot": {"x":0.5,"y":0.5}
},
{
	"filename": "contenedor_vida",
	"frame": {"x":1,"y":1,"w":322,"h":46},
	"rotated": false,
	"trimmed": false,
	"spriteSourceSize": {"x":0,"y":0,"w":322,"h":46},
	"sourceSize": {"w":322,"h":46},
	"pivot": {"x":0.5,"y":0.5}
},
{
	"filename": "cuerda",
	"frame": {"x":502,"y":1,"w":4,"h":98},
	"rotated": false,
	"trimmed": false,
	"spriteSourceSize": {"x":0,"y":0,"w":4,"h":98},
	"sourceSize": {"w":4,"h":98},
	"pivot": {"x":0.5,"y":0.5}
},
{
	"filename": "emoji1",
	"frame": {"x":71,"y":1736,"w":71,"h":68},
	"rotated": false,
	"trimmed": false,
	"spriteSourceSize": {"x":0,"y":0,"w":71,"h":68},
	"sourceSize": {"w":71,"h":68},
	"pivot": {"x":0.5,"y":0.5}
},
{
	"filename": "emoji2",
	"frame": {"x":144,"y":1734,"w":71,"h":68},
	"rotated": false,
	"trimmed": false,
	"spriteSourceSize": {"x":0,"y":0,"w":71,"h":68},
	"sourceSize": {"w":71,"h":68},
	"pivot": {"x":0.5,"y":0.5}
},
{
	"filename": "emoji3",
	"frame": {"x":217,"y":1725,"w":71,"h":68},
	"rotated": false,
	"trimmed": false,
	"spriteSourceSize": {"x":0,"y":0,"w":71,"h":68},
	"sourceSize": {"w":71,"h":68},
	"pivot": {"x":0.5,"y":0.5}
},
{
	"filename": "emoji4",
	"frame": {"x":322,"y":1464,"w":71,"h":68},
	"rotated": false,
	"trimmed": false,
	"spriteSourceSize": {"x":0,"y":0,"w":71,"h":68},
	"sourceSize": {"w":71,"h":68},
	"pivot": {"x":0.5,"y":0.5}
},
{
	"filename": "emoji5",
	"frame": {"x":281,"y":1534,"w":71,"h":68},
	"rotated": false,
	"trimmed": false,
	"spriteSourceSize": {"x":0,"y":0,"w":71,"h":68},
	"sourceSize": {"w":71,"h":68},
	"pivot": {"x":0.5,"y":0.5}
},
{
	"filename": "emoji6",
	"frame": {"x":354,"y":1534,"w":71,"h":68},
	"rotated": false,
	"trimmed": false,
	"spriteSourceSize": {"x":0,"y":0,"w":71,"h":68},
	"sourceSize": {"w":71,"h":68},
	"pivot": {"x":0.5,"y":0.5}
},
{
	"filename": "emoji7",
	"frame": {"x":427,"y":1469,"w":71,"h":68},
	"rotated": false,
	"trimmed": false,
	"spriteSourceSize": {"x":0,"y":0,"w":71,"h":68},
	"sourceSize": {"w":71,"h":68},
	"pivot": {"x":0.5,"y":0.5}
},
{
	"filename": "emoji8",
	"frame": {"x":427,"y":1539,"w":71,"h":68},
	"rotated": false,
	"trimmed": false,
	"spriteSourceSize": {"x":0,"y":0,"w":71,"h":68},
	"sourceSize": {"w":71,"h":68},
	"pivot": {"x":0.5,"y":0.5}
},
{
	"filename": "emoji9",
	"frame": {"x":438,"y":1609,"w":70,"h":67},
	"rotated": false,
	"trimmed": false,
	"spriteSourceSize": {"x":0,"y":0,"w":70,"h":67},
	"sourceSize": {"w":70,"h":67},
	"pivot": {"x":0.5,"y":0.5}
},
{
	"filename": "emoji10",
	"frame": {"x":366,"y":1708,"w":70,"h":68},
	"rotated": false,
	"trimmed": false,
	"spriteSourceSize": {"x":0,"y":0,"w":70,"h":68},
	"sourceSize": {"w":70,"h":68},
	"pivot": {"x":0.5,"y":0.5}
},
{
	"filename": "life_box",
	"frame": {"x":402,"y":1278,"w":105,"h":41},
	"rotated": false,
	"trimmed": false,
	"spriteSourceSize": {"x":0,"y":0,"w":105,"h":41},
	"sourceSize": {"w":105,"h":41},
	"pivot": {"x":0.5,"y":0.5}
},
{
	"filename": "nube1",
	"frame": {"x":402,"y":1232,"w":106,"h":44},
	"rotated": false,
	"trimmed": false,
	"spriteSourceSize": {"x":0,"y":0,"w":106,"h":44},
	"sourceSize": {"w":106,"h":44},
	"pivot": {"x":0.5,"y":0.5}
},
{
	"filename": "nube2",
	"frame": {"x":302,"y":1115,"w":186,"h":72},
	"rotated": false,
	"trimmed": false,
	"spriteSourceSize": {"x":0,"y":0,"w":186,"h":72},
	"sourceSize": {"w":186,"h":72},
	"pivot": {"x":0.5,"y":0.5}
},
{
	"filename": "nube3",
	"frame": {"x":1,"y":1198,"w":241,"h":74},
	"rotated": false,
	"trimmed": false,
	"spriteSourceSize": {"x":0,"y":0,"w":241,"h":74},
	"sourceSize": {"w":241,"h":74},
	"pivot": {"x":0.5,"y":0.5}
},
{
	"filename": "paracaidas",
	"frame": {"x":1,"y":1461,"w":118,"h":158},
	"rotated": false,
	"trimmed": false,
	"spriteSourceSize": {"x":0,"y":0,"w":118,"h":158},
	"sourceSize": {"w":118,"h":158},
	"pivot": {"x":0.5,"y":0.5}
},
{
	"filename": "person1",
	"frame": {"x":121,"y":1501,"w":78,"h":111},
	"rotated": false,
	"trimmed": false,
	"spriteSourceSize": {"x":0,"y":0,"w":78,"h":111},
	"sourceSize": {"w":78,"h":111},
	"pivot": {"x":0.5,"y":0.5}
},
{
	"filename": "person2",
	"frame": {"x":322,"y":1604,"w":80,"h":102},
	"rotated": false,
	"trimmed": false,
	"spriteSourceSize": {"x":0,"y":0,"w":80,"h":102},
	"sourceSize": {"w":80,"h":102},
	"pivot": {"x":0.5,"y":0.5}
},
{
	"filename": "person3",
	"frame": {"x":201,"y":1501,"w":78,"h":108},
	"rotated": false,
	"trimmed": false,
	"spriteSourceSize": {"x":0,"y":0,"w":78,"h":108},
	"sourceSize": {"w":78,"h":108},
	"pivot": {"x":0.5,"y":0.5}
},
{
	"filename": "person4",
	"frame": {"x":81,"y":1621,"w":80,"h":111},
	"rotated": false,
	"trimmed": false,
	"spriteSourceSize": {"x":0,"y":0,"w":80,"h":111},
	"sourceSize": {"w":80,"h":111},
	"pivot": {"x":0.5,"y":0.5}
},
{
	"filename": "person5",
	"frame": {"x":290,"y":1719,"w":74,"h":92},
	"rotated": false,
	"trimmed": false,
	"spriteSourceSize": {"x":0,"y":0,"w":74,"h":92},
	"sourceSize": {"w":74,"h":92},
	"pivot": {"x":0.5,"y":0.5}
},
{
	"filename": "person6",
	"frame": {"x":138,"y":1274,"w":82,"h":120},
	"rotated": false,
	"trimmed": false,
	"spriteSourceSize": {"x":0,"y":0,"w":82,"h":120},
	"sourceSize": {"w":82,"h":120},
	"pivot": {"x":0.5,"y":0.5}
},
{
	"filename": "person7",
	"frame": {"x":163,"y":1614,"w":77,"h":109},
	"rotated": false,
	"trimmed": false,
	"spriteSourceSize": {"x":0,"y":0,"w":77,"h":109},
	"sourceSize": {"w":77,"h":109},
	"pivot": {"x":0.5,"y":0.5}
},
{
	"filename": "person8",
	"frame": {"x":1,"y":1621,"w":78,"h":113},
	"rotated": false,
	"trimmed": false,
	"spriteSourceSize": {"x":0,"y":0,"w":78,"h":113},
	"sourceSize": {"w":78,"h":113},
	"pivot": {"x":0.5,"y":0.5}
},
{
	"filename": "person9",
	"frame": {"x":242,"y":1611,"w":78,"h":106},
	"rotated": false,
	"trimmed": false,
	"spriteSourceSize": {"x":0,"y":0,"w":78,"h":106},
	"sourceSize": {"w":78,"h":106},
	"pivot": {"x":0.5,"y":0.5}
},
{
	"filename": "person10",
	"frame": {"x":127,"y":1396,"w":81,"h":103},
	"rotated": false,
	"trimmed": false,
	"spriteSourceSize": {"x":0,"y":0,"w":81,"h":103},
	"sourceSize": {"w":81,"h":103},
	"pivot": {"x":0.5,"y":0.5}
},
{
	"filename": "pinza",
	"frame": {"x":402,"y":1321,"w":104,"h":146},
	"rotated": false,
	"trimmed": false,
	"spriteSourceSize": {"x":0,"y":0,"w":104,"h":146},
	"sourceSize": {"w":104,"h":146},
	"pivot": {"x":0.5,"y":0.5}
},
{
	"filename": "star",
	"frame": {"x":438,"y":1678,"w":64,"h":64},
	"rotated": false,
	"trimmed": false,
	"spriteSourceSize": {"x":0,"y":0,"w":64,"h":64},
	"sourceSize": {"w":64,"h":64},
	"pivot": {"x":0.5,"y":0.5}
},
{
	"filename": "starPart",
	"frame": {"x":1,"y":1396,"w":124,"h":63},
	"rotated": false,
	"trimmed": true,
	"spriteSourceSize": {"x":0,"y":0,"w":124,"h":63},
	"sourceSize": {"w":128,"h":68},
	"pivot": {"x":0.5,"y":0.5}
},
{
	"filename": "xpcoins",
	"frame": {"x":302,"y":1189,"w":165,"h":41},
	"rotated": false,
	"trimmed": false,
	"spriteSourceSize": {"x":0,"y":0,"w":165,"h":41},
	"sourceSize": {"w":165,"h":41},
	"pivot": {"x":0.5,"y":0.5}
}],
"meta": {
	"app": "http://www.codeandweb.com/texturepacker",
	"version": "1.0",
	"image": "atlas.png",
	"format": "RGBA8888",
	"size": {"w":509,"h":1812},
	"scale": "1",
	"smartupdate": "$TexturePacker:SmartUpdate:2b951d1a6ec5c2e154dae2a749691523:ba704694948a1f24f41c55a3deaef434:cbce6b53f0f49e0bf15173c25c41f876$"
}
}
