{"skeleton":{"hash":"2/hPUrekkgXLQSxI6x9NICpcYGs","spine":"3.2.01","width":0,"height":0,"images":""},"bones":[{"name":"root"},{"name":"torso","parent":"root","length":39.4,"rotation":90,"y":27.23},{"name":"arm1","parent":"torso","length":20.77,"rotation":153.67,"x":42.72,"y":14.13,"inheritScale":false},{"name":"arm2","parent":"torso","length":20.77,"rotation":-144.13,"x":42.72,"y":-14.54,"inheritScale":false},{"name":"head","parent":"torso","length":33.12,"rotation":360,"x":43.31,"inheritScale":false},{"name":"espiral1","parent":"head","length":20.04,"rotation":50.05,"x":53.65,"y":25.38,"inheritScale":false},{"name":"espiral2","parent":"head","length":20.04,"rotation":-32.14,"x":59.95,"y":-23.13,"scaleX":1.058,"inheritScale":false},{"name":"leg1","parent":"torso","length":18.89,"rotation":174.64,"x":2.74,"y":9.73,"inheritScale":false},{"name":"leg2","parent":"torso","length":18.89,"rotation":-176.09,"x":2.74,"y":-9.27,"inheritScale":false}],"slots":[{"name":"leg1","bone":"leg1","attachment":"leg_b"},{"name":"leg2","bone":"leg2","attachment":"leg_b2"},{"name":"arm2","bone":"arm2","attachment":"arm_a"},{"name":"arm1","bone":"arm1","attachment":"arm_a"},{"name":"torso","bone":"torso","attachment":"torso_c"},{"name":"penacho","bone":"torso","attachment":"penacho_c"},{"name":"head","bone":"head","attachment":"head_a"},{"name":"espiral","bone":"espiral1","attachment":"espiral"},{"name":"espiral2","bone":"espiral2","attachment":"espiral"}],"skins":{"default":{},"chaman":{"arm1":{"arm_a":{"name":"normal2/arm_a","x":17.14,"y":0.11,"rotation":104.39,"width":18,"height":44},"arm_c":{"name":"normal2/arm_c","x":16.81,"y":1.9,"rotation":99.43,"width":21,"height":42}},"arm2":{"arm_a":{"name":"normal2/arm_a","x":16.85,"y":-1.61,"scaleX":-1,"rotation":71.82,"width":18,"height":44},"arm_c2":{"name":"normal2/arm_c","x":16.72,"y":2.55,"rotation":94.02,"width":21,"height":42}},"espiral":{"espiral":{"name":"normal2/espiral","x":26.14,"y":1.16,"rotation":-120.96,"width":27,"height":23}},"espiral2":{"espiral":{"name":"normal2/espiral","x":28.16,"y":0.65,"rotation":-112.32,"width":27,"height":23}},"head":{"head_a":{"name":"normal2/head_a","x":35.43,"rotation":-90,"width":92,"height":84},"head_a1":{"name":"normal2/head_a1","x":35.44,"rotation":-90,"width":92,"height":83},"head_b":{"name":"normal2/head_b","x":33.08,"y":0.3,"rotation":-90,"width":86,"height":83},"head_c":{"name":"normal2/head_c","x":35.86,"y":6.58,"rotation":-90,"width":76,"height":85}},"leg1":{"leg_a":{"name":"normal2/leg_a","x":15.4,"y":1.44,"rotation":95.35,"width":16,"height":29},"leg_b":{"name":"normal2/leg_a","x":15.37,"y":1.74,"rotation":95.35,"width":16,"height":29},"leg_c":{"name":"normal2/leg_c","x":12.59,"y":5.45,"rotation":95.35,"width":27,"height":35}},"leg2":{"leg_a":{"name":"normal2/leg_a","x":15.48,"y":-0.46,"scaleX":-1,"rotation":86.09,"width":16,"height":29},"leg_b2":{"name":"normal2/leg_a","x":15.48,"y":-0.46,"scaleX":-1,"rotation":86.09,"width":16,"height":29},"leg_c2":{"name":"normal2/leg_c","x":13.38,"y":4.46,"rotation":86.09,"width":27,"height":35}},"penacho":{"penacho_a":{"name":"normal2/penacho_a","x":37.67,"rotation":-90,"width":59,"height":17},"penacho_b":{"name":"normal2/penacho_b","x":36.95,"y":0.21,"rotation":-90,"width":67,"height":25},"penacho_c":{"name":"normal2/penacho_c","x":40.19,"y":-1.67,"rotation":-90,"width":58,"height":22}},"torso":{"torso_a":{"name":"normal2/torso_a","x":19.44,"y":0.05,"rotation":-90,"width":50,"height":50},"torso_b":{"name":"normal2/torso_b","x":19.44,"y":0.05,"rotation":-90,"width":50,"height":49},"torso_c":{"name":"normal2/torso_c","x":23.62,"y":-0.34,"rotation":-90,"width":51,"height":51}}},"warrior":{"arm1":{"arm_a":{"name":"normal3/arm_a","x":17.14,"y":0.11,"rotation":104.39,"width":18,"height":44},"arm_c":{"name":"normal3/arm_c","x":16.81,"y":1.9,"rotation":99.43,"width":21,"height":42}},"arm2":{"arm_a":{"name":"normal3/arm_a","x":16.85,"y":-1.61,"scaleX":-1,"rotation":71.82,"width":18,"height":44},"arm_c2":{"name":"normal3/arm_c","x":16.72,"y":2.55,"rotation":94.02,"width":21,"height":42}},"espiral":{"espiral":{"name":"normal3/espiral","x":26.14,"y":1.16,"rotation":-120.96,"width":27,"height":23}},"espiral2":{"espiral":{"name":"normal3/espiral","x":28.16,"y":0.65,"rotation":-112.32,"width":27,"height":23}},"head":{"head_a":{"name":"normal3/head_a","x":35.43,"y":-5,"rotation":-90,"width":70,"height":82},"head_a1":{"name":"normal3/head_a1","x":35.44,"y":-5,"rotation":-90,"width":70,"height":82},"head_b":{"name":"normal3/head_b","x":35.44,"y":5,"rotation":-90,"width":69,"height":80},"head_c":{"name":"normal3/head_c","x":35.86,"y":-4.8,"rotation":-90,"width":69,"height":83}},"leg1":{"leg_a":{"name":"normal3/leg_a","x":15.4,"y":1.44,"rotation":95.35,"width":16,"height":29},"leg_b":{"name":"normal3/leg_a","x":15.37,"y":1.74,"rotation":95.35,"width":16,"height":29},"leg_c":{"name":"normal3/leg_c","x":12.59,"y":5.45,"rotation":95.35,"width":27,"height":35}},"leg2":{"leg_a":{"name":"normal3/leg_a","x":15.48,"y":-0.46,"scaleX":-1,"rotation":86.09,"width":16,"height":29},"leg_b2":{"name":"normal3/leg_a","x":15.48,"y":-0.46,"scaleX":-1,"rotation":86.09,"width":16,"height":29},"leg_c2":{"name":"normal3/leg_c","x":13.38,"y":4.46,"rotation":86.09,"width":27,"height":35}},"penacho":{"penacho_a":{"name":"normal3/penacho_a","x":25.94,"rotation":-90,"width":76,"height":54},"penacho_b":{"name":"normal3/penacho_b","x":26.25,"y":0.21,"rotation":-90,"width":70,"height":54},"penacho_c":{"name":"normal3/penacho_c","x":26.04,"y":-1.67,"rotation":-90,"width":58,"height":53}},"torso":{"torso_a":{"name":"normal3/torso_a","x":19.44,"y":0.05,"rotation":-90,"width":40,"height":55},"torso_b":{"name":"normal3/torso_b","x":0.52,"y":0.05,"rotation":-90,"width":40,"height":16},"torso_c":{"name":"normal3/torso_c","x":17.75,"y":-0.34,"rotation":-90,"width":46,"height":53}}}},"animations":{"idle":{"slots":{"arm1":{"color":[{"time":0,"color":"ffffffff","curve":"stepped"},{"time":1,"color":"ffffffff"}],"attachment":[{"time":0,"name":"arm_a"},{"time":1,"name":"arm_a"}]},"arm2":{"color":[{"time":0,"color":"ffffffff","curve":"stepped"},{"time":1,"color":"ffffffff"}],"attachment":[{"time":0,"name":"arm_a"},{"time":1,"name":"arm_a"}]},"espiral":{"color":[{"time":0,"color":"ffffffff","curve":"stepped"},{"time":1,"color":"ffffffff"}],"attachment":[{"time":0,"name":null},{"time":1,"name":null}]},"espiral2":{"color":[{"time":0,"color":"ffffffff","curve":"stepped"},{"time":1,"color":"ffffffff"}],"attachment":[{"time":0,"name":null},{"time":1,"name":null}]},"head":{"color":[{"time":0,"color":"ffffffff","curve":"stepped"},{"time":1,"color":"ffffffff"}],"attachment":[{"time":0,"name":"head_a"},{"time":1,"name":"head_a"}]},"leg1":{"color":[{"time":0,"color":"ffffffff","curve":"stepped"},{"time":1,"color":"ffffffff"}],"attachment":[{"time":0,"name":"leg_a"},{"time":1,"name":"leg_a"}]},"leg2":{"color":[{"time":0,"color":"ffffffff","curve":"stepped"},{"time":1,"color":"ffffffff"}],"attachment":[{"time":0,"name":"leg_a"},{"time":1,"name":"leg_a"}]},"penacho":{"color":[{"time":0,"color":"ffffffff"}],"attachment":[{"time":0,"name":"penacho_a"},{"time":1,"name":"penacho_a"}]},"torso":{"color":[{"time":0,"color":"ffffffff","curve":"stepped"},{"time":1,"color":"ffffffff"}],"attachment":[{"time":0,"name":"torso_a"},{"time":1,"name":"torso_a"}]}},"bones":{"head":{"rotate":[{"time":0,"angle":0}],"translate":[{"time":0,"x":0,"y":0,"curve":[0.607,-0.25,0.829,0.92]},{"time":0.5333,"x":-1.21,"y":0,"curve":[0.607,-0.25,0.829,0.92]},{"time":1,"x":0,"y":0}],"scale":[{"time":0,"x":1,"y":1}]},"torso":{"rotate":[{"time":0,"angle":0}],"translate":[{"time":0,"x":0,"y":0,"curve":[0.579,0,0.775,0.94]},{"time":0.5,"x":0,"y":-1.43,"curve":[0.579,0,0.775,0.94]},{"time":1,"x":0,"y":0}],"scale":[{"time":0,"x":1,"y":1,"curve":[0.199,0.12,0.537,1.31]},{"time":0.5,"x":0.988,"y":1,"curve":[0.199,0.12,0.537,1.31]},{"time":1,"x":1,"y":1}]},"arm1":{"rotate":[{"time":0,"angle":0,"curve":[0.584,-0.2,0.796,0.91]},{"time":0.5,"angle":2.9,"curve":[0.584,-0.2,0.796,0.91]},{"time":1,"angle":0}],"translate":[{"time":0,"x":0,"y":0,"curve":[0.55,0,0.804,0.96]},{"time":0.5,"x":-0.91,"y":0,"curve":[0.55,0,0.804,0.96]},{"time":1,"x":0,"y":0}],"scale":[{"time":0,"x":1,"y":1}]},"root":{"rotate":[{"time":0,"angle":0}],"translate":[{"time":0,"x":0,"y":0}],"scale":[{"time":0,"x":1,"y":1}]},"arm2":{"rotate":[{"time":0,"angle":0,"curve":[0.584,-0.2,0.796,0.91]},{"time":0.5,"angle":-5.02,"curve":[0.584,-0.2,0.796,0.91]},{"time":1,"angle":0}],"translate":[{"time":0,"x":0,"y":0,"curve":[0.55,0,0.804,0.96]},{"time":0.5,"x":-0.91,"y":0,"curve":[0.55,0,0.804,0.96]},{"time":1,"x":0,"y":0}],"scale":[{"time":0,"x":1,"y":1}]},"leg2":{"rotate":[{"time":0,"angle":0}],"translate":[{"time":0,"x":0,"y":0}],"scale":[{"time":0,"x":1,"y":1,"curve":[0.752,0,0.899,0.87]},{"time":0.5,"x":0.956,"y":1,"curve":[0.752,0,0.899,0.87]},{"time":1,"x":1,"y":1}]},"leg1":{"rotate":[{"time":0,"angle":0}],"translate":[{"time":0,"x":0,"y":0}],"scale":[{"time":0,"x":1,"y":1,"curve":[0.752,0,0.899,0.87]},{"time":0.5,"x":0.956,"y":1,"curve":[0.752,0,0.899,0.87]},{"time":1,"x":1,"y":1}]},"espiral2":{"rotate":[{"time":0,"angle":0}],"translate":[{"time":0,"x":0,"y":0}],"scale":[{"time":0,"x":1,"y":1}]},"espiral1":{"rotate":[{"time":0,"angle":0}],"translate":[{"time":0,"x":0,"y":0}],"scale":[{"time":0,"x":1,"y":1}]}},"drawOrder":[{"time":0},{"time":0.0333},{"time":0.0666},{"time":1}]},"lose":{"slots":{"arm1":{"color":[{"time":0,"color":"ffffffff","curve":"stepped"},{"time":1,"color":"ffffffff"}],"attachment":[{"time":0,"name":"arm_a"},{"time":1,"name":"arm_a"}]},"arm2":{"color":[{"time":0,"color":"ffffffff","curve":"stepped"},{"time":1,"color":"ffffffff"}],"attachment":[{"time":0,"name":"arm_a"},{"time":1,"name":"arm_a"}]},"espiral":{"color":[{"time":0,"color":"ffffffff","curve":"stepped"},{"time":1,"color":"ffffffff"}],"attachment":[{"time":0,"name":"espiral"},{"time":1,"name":"espiral"}]},"espiral2":{"color":[{"time":0,"color":"ffffffff","curve":"stepped"},{"time":1,"color":"ffffffff"}],"attachment":[{"time":0,"name":"espiral"},{"time":1,"name":"espiral"}]},"head":{"color":[{"time":0,"color":"ffffffff","curve":"stepped"},{"time":1,"color":"ffffffff"}],"attachment":[{"time":0,"name":"head_a1"},{"time":1,"name":"head_a1"}]},"leg1":{"color":[{"time":0,"color":"ffffffff","curve":"stepped"},{"time":1,"color":"ffffffff"}],"attachment":[{"time":0,"name":"leg_a"},{"time":1,"name":"leg_a"}]},"leg2":{"color":[{"time":0,"color":"ffffffff","curve":"stepped"},{"time":1,"color":"ffffffff"}],"attachment":[{"time":0,"name":"leg_a"},{"time":1,"name":"leg_a"}]},"penacho":{"attachment":[{"time":0,"name":"penacho_a"},{"time":1,"name":"penacho_a"}]},"torso":{"color":[{"time":0,"color":"ffffffff","curve":"stepped"},{"time":1,"color":"ffffffff"}],"attachment":[{"time":0,"name":"torso_a"},{"time":1,"name":"torso_a"}]}},"bones":{"espiral2":{"rotate":[{"time":0,"angle":0}],"translate":[{"time":0,"x":0,"y":0,"curve":[0.699,0,0.779,0.91]},{"time":0.2666,"x":-0.38,"y":-0.45,"curve":[0.699,0,0.779,0.91]},{"time":0.5,"x":0,"y":0,"curve":[0.699,0,0.779,0.91]},{"time":0.7666,"x":-0.38,"y":-0.45,"curve":[0.699,0,0.779,0.91]},{"time":1,"x":0,"y":0}],"scale":[{"time":0,"x":1,"y":1,"curve":[0.205,0.16,0.663,1.47]},{"time":0.2666,"x":0.846,"y":1,"curve":[0.205,0.16,0.663,1.47]},{"time":0.5,"x":1,"y":1,"curve":[0.205,0.16,0.663,1.47]},{"time":0.7666,"x":0.846,"y":1,"curve":[0.205,0.16,0.663,1.47]},{"time":1,"x":1,"y":1}]},"espiral1":{"rotate":[{"time":0,"angle":0}],"translate":[{"time":0,"x":0,"y":0,"curve":[0.699,0,0.779,0.91]},{"time":0.2666,"x":-0.38,"y":-0.45,"curve":[0.699,0,0.779,0.91]},{"time":0.5,"x":0,"y":0,"curve":[0.699,0,0.779,0.91]},{"time":0.7666,"x":-0.38,"y":-0.45,"curve":[0.699,0,0.779,0.91]},{"time":1,"x":0,"y":0}],"scale":[{"time":0,"x":1,"y":1,"curve":[0.205,0.16,0.663,1.47]},{"time":0.2666,"x":0.846,"y":1,"curve":[0.205,0.16,0.663,1.47]},{"time":0.5,"x":1,"y":1,"curve":[0.205,0.16,0.663,1.47]},{"time":0.7666,"x":0.846,"y":1,"curve":[0.205,0.16,0.663,1.47]},{"time":1,"x":1,"y":1}]},"head":{"rotate":[{"time":0,"angle":0}],"translate":[{"time":0,"x":0,"y":0,"curve":[0.607,-0.25,0.829,0.92]},{"time":0.5333,"x":-1.21,"y":0,"curve":[0.607,-0.25,0.829,0.92]},{"time":1,"x":0,"y":0}],"scale":[{"time":0,"x":1,"y":1}]},"torso":{"rotate":[{"time":0,"angle":0}],"translate":[{"time":0,"x":0,"y":0,"curve":[0.579,0,0.775,0.94]},{"time":0.5,"x":0,"y":-1.43,"curve":[0.579,0,0.775,0.94]},{"time":1,"x":0,"y":0}],"scale":[{"time":0,"x":1,"y":1,"curve":[0.199,0.12,0.537,1.31]},{"time":0.5,"x":0.988,"y":1,"curve":[0.199,0.12,0.537,1.31]},{"time":1,"x":1,"y":1}]},"arm1":{"rotate":[{"time":0,"angle":0,"curve":[0.584,-0.2,0.796,0.91]},{"time":0.5,"angle":2.9,"curve":[0.584,-0.2,0.796,0.91]},{"time":1,"angle":0}],"translate":[{"time":0,"x":0,"y":0,"curve":[0.55,0,0.804,0.96]},{"time":0.5,"x":-0.91,"y":0,"curve":[0.55,0,0.804,0.96]},{"time":1,"x":0,"y":0}],"scale":[{"time":0,"x":1,"y":1}]},"leg1":{"rotate":[{"time":0,"angle":0}],"translate":[{"time":0,"x":0,"y":0}],"scale":[{"time":0,"x":1,"y":1,"curve":[0.752,0,0.899,0.87]},{"time":0.5,"x":0.956,"y":1,"curve":[0.752,0,0.899,0.87]},{"time":1,"x":1,"y":1}]},"leg2":{"rotate":[{"time":0,"angle":0}],"translate":[{"time":0,"x":0,"y":0}],"scale":[{"time":0,"x":1,"y":1,"curve":[0.752,0,0.899,0.87]},{"time":0.5,"x":0.956,"y":1,"curve":[0.752,0,0.899,0.87]},{"time":1,"x":1,"y":1}]},"arm2":{"rotate":[{"time":0,"angle":0,"curve":[0.584,-0.2,0.796,0.91]},{"time":0.5,"angle":-5.02,"curve":[0.584,-0.2,0.796,0.91]},{"time":1,"angle":0}],"translate":[{"time":0,"x":0,"y":0,"curve":[0.55,0,0.804,0.96]},{"time":0.5,"x":-0.91,"y":0,"curve":[0.55,0,0.804,0.96]},{"time":1,"x":0,"y":0}],"scale":[{"time":0,"x":1,"y":1}]},"root":{"rotate":[{"time":0,"angle":0}],"translate":[{"time":0,"x":0,"y":0}],"scale":[{"time":0,"x":1,"y":1}]}},"drawOrder":[{"time":0},{"time":0.0333},{"time":0.0666},{"time":1}]},"lose_still":{"slots":{"arm1":{"color":[{"time":0,"color":"ffffffff","curve":"stepped"},{"time":0.6666,"color":"ffffffff"}],"attachment":[{"time":0,"name":"arm_a"},{"time":0.6666,"name":"arm_a"}]},"arm2":{"color":[{"time":0,"color":"ffffffff","curve":"stepped"},{"time":0.6666,"color":"ffffffff"}],"attachment":[{"time":0,"name":"arm_a"},{"time":0.6666,"name":"arm_a"}]},"espiral":{"color":[{"time":0,"color":"ffffffff","curve":"stepped"},{"time":0.6666,"color":"ffffffff"}],"attachment":[{"time":0,"name":"espiral"},{"time":0.6666,"name":"espiral"}]},"espiral2":{"color":[{"time":0,"color":"ffffffff","curve":"stepped"},{"time":0.6666,"color":"ffffffff"}],"attachment":[{"time":0,"name":"espiral"},{"time":0.6666,"name":"espiral"}]},"head":{"color":[{"time":0,"color":"ffffffff","curve":"stepped"},{"time":0.6666,"color":"ffffffff"}],"attachment":[{"time":0,"name":"head_b"},{"time":0.6666,"name":"head_b"}]},"leg1":{"color":[{"time":0,"color":"ffffffff","curve":"stepped"},{"time":0.6666,"color":"ffffffff"}],"attachment":[{"time":0,"name":"leg_b"},{"time":0.6666,"name":"leg_b"}]},"leg2":{"color":[{"time":0,"color":"ffffffff","curve":"stepped"},{"time":0.6666,"color":"ffffffff"}],"attachment":[{"time":0,"name":"leg_b2"},{"time":0.6666,"name":"leg_b2"}]},"penacho":{"color":[{"time":0,"color":"ffffffff","curve":"stepped"},{"time":0.6666,"color":"ffffffff"}],"attachment":[{"time":0,"name":"penacho_b"},{"time":0.6666,"name":"penacho_b"}]},"torso":{"color":[{"time":0,"color":"ffffffff","curve":"stepped"},{"time":0.6666,"color":"ffffffff"}],"attachment":[{"time":0,"name":"torso_b"},{"time":0.6666,"name":"torso_b"}]}},"bones":{"torso":{"rotate":[{"time":0,"angle":1,"curve":[0.575,0,0.796,0.88]},{"time":0.3333,"angle":-1,"curve":[0.575,0,0.796,0.88]},{"time":0.6666,"angle":1}],"translate":[{"time":0,"x":0,"y":0,"curve":[0.405,-0.5,0.745,0.95]},{"time":0.1666,"x":0,"y":-2.41,"curve":[0.605,-0.02,0.743,0.96]},{"time":0.3333,"x":0,"y":0,"curve":[0.405,-0.5,0.745,0.95]},{"time":0.5,"x":0,"y":-2.41,"curve":[0.605,-0.02,0.743,0.96]},{"time":0.6666,"x":0,"y":0}],"scale":[{"time":0,"x":1,"y":1,"curve":[0.932,0,0.823,1.29]},{"time":0.1666,"x":0.963,"y":1,"curve":[0.428,-0.53,0.823,0.82]},{"time":0.3666,"x":1,"y":1,"curve":[0.932,0,0.823,1.29]},{"time":0.5333,"x":0.963,"y":1,"curve":[0.428,-0.53,0.823,0.82]},{"time":0.6666,"x":1,"y":1}]},"arm1":{"rotate":[{"time":0,"angle":2.75,"curve":[0.454,-0.19,0.715,0.45]},{"time":0.1666,"angle":-7.88,"curve":[0.444,0.44,0.729,0.92]},{"time":0.3333,"angle":7.13,"curve":[0.454,-0.19,0.715,0.45]},{"time":0.5333,"angle":-7.37,"curve":[0.444,0.44,0.729,0.92]},{"time":0.6666,"angle":2.75}],"translate":[{"time":0,"x":0,"y":0}],"scale":[{"time":0,"x":1,"y":1,"curve":[0.804,0,0.855,0.9]},{"time":0.1666,"x":1.012,"y":1,"curve":[0.483,-0.62,0.831,0.88]},{"time":0.3666,"x":1,"y":1,"curve":[0.804,0,0.855,0.9]},{"time":0.5333,"x":1.012,"y":1,"curve":[0.483,-0.62,0.831,0.88]},{"time":0.6666,"x":1,"y":1}]},"leg1":{"rotate":[{"time":0,"angle":0,"curve":"stepped"},{"time":0.3333,"angle":0,"curve":[0.815,0,0.768,0.95]},{"time":0.5,"angle":-11.78,"curve":[0.607,-0.36,0.794,0.93]},{"time":0.6666,"angle":0}],"translate":[{"time":0,"x":6.17,"y":-0.1,"curve":[0.699,0,0.75,1]},{"time":0.3333,"x":-2.59,"y":-0.04,"curve":"stepped"},{"time":0.5,"x":-2.59,"y":-0.04,"curve":[0.25,0,0.75,1]},{"time":0.6666,"x":6.17,"y":-0.1}],"scale":[{"time":0,"x":1,"y":1}]},"arm2":{"rotate":[{"time":0,"angle":-9.46,"curve":[0.366,-0.5,0.724,0.25]},{"time":0.1666,"angle":6.44,"curve":[0.438,0.45,0.789,0.9]},{"time":0.3333,"angle":-11.03,"curve":[0.359,-0.58,0.712,0.14]},{"time":0.5,"angle":4.01,"curve":[0.443,0.42,0.799,0.91]},{"time":0.6666,"angle":-9.46}],"translate":[{"time":0,"x":0,"y":0}],"scale":[{"time":0,"x":1,"y":1,"curve":[0.804,0,0.855,0.9]},{"time":0.1666,"x":1.012,"y":1,"curve":[0.483,-0.62,0.831,0.88]},{"time":0.3666,"x":1,"y":1,"curve":[0.804,0,0.855,0.9]},{"time":0.5333,"x":1.012,"y":1,"curve":[0.483,-0.62,0.831,0.88]},{"time":0.6666,"x":1,"y":1}]},"leg2":{"rotate":[{"time":0,"angle":0,"curve":[0.808,0,0.838,0.91]},{"time":0.1666,"angle":9.94,"curve":[0.703,-0.35,0.796,0.88]},{"time":0.3333,"angle":0}],"translate":[{"time":0,"x":-1.8,"y":0.03,"curve":"stepped"},{"time":0.1666,"x":-1.8,"y":0.03,"curve":[0.25,0,0.75,1]},{"time":0.3333,"x":6.61,"y":-0.02,"curve":[0.607,0,0.75,1]},{"time":0.6666,"x":-1.8,"y":0.03}],"scale":[{"time":0,"x":1,"y":1}]},"head":{"rotate":[{"time":0,"angle":0}],"translate":[{"time":0,"x":0,"y":0,"curve":[0.5,-0.7,0.813,0.85]},{"time":0.1666,"x":-1.35,"y":0,"curve":[0.432,-0.46,0.781,0.88]},{"time":0.3666,"x":0,"y":0,"curve":[0.5,-0.7,0.813,0.85]},{"time":0.5333,"x":-1.35,"y":0,"curve":[0.432,-0.46,0.781,0.88]},{"time":0.6666,"x":0,"y":0}],"scale":[{"time":0,"x":1,"y":1}]},"espiral1":{"rotate":[{"time":0,"angle":0}],"translate":[{"time":0,"x":0,"y":0,"curve":[0.699,0,0.779,0.91]},{"time":0.1666,"x":-0.38,"y":-0.45,"curve":[0.699,0,0.779,0.91]},{"time":0.3333,"x":0,"y":0,"curve":[0.699,0,0.779,0.91]},{"time":0.5333,"x":-0.38,"y":-0.45,"curve":[0.699,0,0.779,0.91]},{"time":0.6666,"x":0,"y":0}],"scale":[{"time":0,"x":1,"y":1,"curve":[0.205,0.16,0.663,1.47]},{"time":0.1666,"x":0.846,"y":1,"curve":[0.205,0.16,0.663,1.47]},{"time":0.3333,"x":1,"y":1,"curve":[0.205,0.16,0.663,1.47]},{"time":0.5333,"x":0.846,"y":1,"curve":[0.205,0.16,0.663,1.47]},{"time":0.6666,"x":1,"y":1}]},"root":{"rotate":[{"time":0,"angle":0}],"translate":[{"time":0,"x":0,"y":0}],"scale":[{"time":0,"x":1,"y":1}]},"espiral2":{"rotate":[{"time":0,"angle":0}],"translate":[{"time":0,"x":0,"y":0,"curve":[0.699,0,0.779,0.91]},{"time":0.1666,"x":-0.38,"y":-0.45,"curve":[0.699,0,0.779,0.91]},{"time":0.3333,"x":0,"y":0,"curve":[0.699,0,0.779,0.91]},{"time":0.5333,"x":-0.38,"y":-0.45,"curve":[0.699,0,0.779,0.91]},{"time":0.6666,"x":0,"y":0}],"scale":[{"time":0,"x":1,"y":1,"curve":[0.205,0.16,0.663,1.47]},{"time":0.1666,"x":0.846,"y":1,"curve":[0.205,0.16,0.663,1.47]},{"time":0.3333,"x":1,"y":1,"curve":[0.205,0.16,0.663,1.47]},{"time":0.5333,"x":0.846,"y":1,"curve":[0.205,0.16,0.663,1.47]},{"time":0.6666,"x":1,"y":1}]}},"drawOrder":[{"time":0,"offsets":[{"slot":"arm2","offset":2}]},{"time":0.0333,"offsets":[{"slot":"arm2","offset":2}]},{"time":0.0666,"offsets":[{"slot":"arm2","offset":2}]},{"time":0.1666,"offsets":[{"slot":"arm1","offset":1}]},{"time":0.5666,"offsets":[{"slot":"arm2","offset":2}]},{"time":0.6666}]},"walk_back":{"slots":{"arm1":{"color":[{"time":0,"color":"ffffffff","curve":"stepped"},{"time":1,"color":"ffffffff"}],"attachment":[{"time":0,"name":"arm_a"},{"time":1,"name":"arm_a"}]},"arm2":{"color":[{"time":0,"color":"ffffffff","curve":"stepped"},{"time":1,"color":"ffffffff"}],"attachment":[{"time":0,"name":"arm_a"},{"time":1,"name":"arm_a"}]},"espiral":{"attachment":[{"time":0,"name":null},{"time":1,"name":null}]},"espiral2":{"attachment":[{"time":0,"name":null},{"time":1,"name":null}]},"head":{"color":[{"time":0,"color":"ffffffff","curve":"stepped"},{"time":1,"color":"ffffffff"}],"attachment":[{"time":0,"name":"head_b"},{"time":1,"name":"head_b"}]},"leg1":{"color":[{"time":0,"color":"ffffffff","curve":"stepped"},{"time":1,"color":"ffffffff"}],"attachment":[{"time":0,"name":"leg_b"},{"time":1,"name":"leg_b"}]},"leg2":{"color":[{"time":0,"color":"ffffffff","curve":"stepped"},{"time":1,"color":"ffffffff"}],"attachment":[{"time":0,"name":"leg_b2"},{"time":1,"name":"leg_b2"}]},"penacho":{"color":[{"time":0,"color":"ffffffff"}],"attachment":[{"time":0,"name":"penacho_b"},{"time":1,"name":"penacho_b"}]},"torso":{"color":[{"time":0,"color":"ffffffff","curve":"stepped"},{"time":1,"color":"ffffffff"}],"attachment":[{"time":0,"name":"torso_b"},{"time":1,"name":"torso_b"}]}},"bones":{"root":{"rotate":[{"time":0,"angle":0}],"translate":[{"time":0,"x":0,"y":0}],"scale":[{"time":0,"x":1,"y":1}]},"arm2":{"rotate":[{"time":0,"angle":-9.46,"curve":[0.366,-0.5,0.724,0.25]},{"time":0.2333,"angle":6.44,"curve":[0.438,0.45,0.789,0.9]},{"time":0.5,"angle":-11.03,"curve":[0.359,-0.58,0.712,0.14]},{"time":0.7333,"angle":4.01,"curve":[0.443,0.42,0.799,0.91]},{"time":1,"angle":-9.46}],"translate":[{"time":0,"x":0,"y":0}],"scale":[{"time":0,"x":1,"y":1,"curve":[0.804,0,0.855,0.9]},{"time":0.2666,"x":1.012,"y":1,"curve":[0.483,-0.62,0.831,0.88]},{"time":0.5333,"x":1,"y":1,"curve":[0.804,0,0.855,0.9]},{"time":0.7666,"x":1.012,"y":1,"curve":[0.483,-0.62,0.831,0.88]},{"time":1,"x":1,"y":1}]},"leg2":{"rotate":[{"time":0,"angle":0,"curve":[0.808,0,0.838,0.91]},{"time":0.2666,"angle":9.94,"curve":[0.703,-0.35,0.796,0.88]},{"time":0.5,"angle":0}],"translate":[{"time":0,"x":-1.8,"y":0.03,"curve":"stepped"},{"time":0.2666,"x":-1.8,"y":0.03,"curve":[0.25,0,0.75,1]},{"time":0.5,"x":6.61,"y":-0.02,"curve":[0.607,0,0.75,1]},{"time":1,"x":-1.8,"y":0.03}],"scale":[{"time":0,"x":1,"y":1}]},"arm1":{"rotate":[{"time":0,"angle":2.75,"curve":[0.454,-0.19,0.715,0.45]},{"time":0.2666,"angle":-7.88,"curve":[0.444,0.44,0.729,0.92]},{"time":0.5,"angle":7.13,"curve":[0.454,-0.19,0.715,0.45]},{"time":0.7666,"angle":-7.37,"curve":[0.444,0.44,0.729,0.92]},{"time":1,"angle":2.75}],"translate":[{"time":0,"x":0,"y":0}],"scale":[{"time":0,"x":1,"y":1,"curve":[0.804,0,0.855,0.9]},{"time":0.2666,"x":1.012,"y":1,"curve":[0.483,-0.62,0.831,0.88]},{"time":0.5333,"x":1,"y":1,"curve":[0.804,0,0.855,0.9]},{"time":0.7666,"x":1.012,"y":1,"curve":[0.483,-0.62,0.831,0.88]},{"time":1,"x":1,"y":1}]},"torso":{"rotate":[{"time":0,"angle":1,"curve":[0.575,0,0.796,0.88]},{"time":0.5,"angle":-1,"curve":[0.575,0,0.796,0.88]},{"time":1,"angle":1}],"translate":[{"time":0,"x":0,"y":0,"curve":[0.405,-0.5,0.745,0.95]},{"time":0.2333,"x":0,"y":-2.41,"curve":[0.605,-0.02,0.743,0.96]},{"time":0.5,"x":0,"y":0,"curve":[0.405,-0.5,0.745,0.95]},{"time":0.7333,"x":0,"y":-2.41,"curve":[0.605,-0.02,0.743,0.96]},{"time":1,"x":0,"y":0}],"scale":[{"time":0,"x":1,"y":1,"curve":[0.932,0,0.823,1.29]},{"time":0.2666,"x":0.963,"y":1,"curve":[0.428,-0.53,0.823,0.82]},{"time":0.5333,"x":1,"y":1,"curve":[0.932,0,0.823,1.29]},{"time":0.7666,"x":0.963,"y":1,"curve":[0.428,-0.53,0.823,0.82]},{"time":1,"x":1,"y":1}]},"leg1":{"rotate":[{"time":0,"angle":0,"curve":"stepped"},{"time":0.5,"angle":0,"curve":[0.815,0,0.768,0.95]},{"time":0.7333,"angle":-11.78,"curve":[0.607,-0.36,0.794,0.93]},{"time":1,"angle":0}],"translate":[{"time":0,"x":6.17,"y":-0.1,"curve":[0.699,0,0.75,1]},{"time":0.5,"x":-2.59,"y":-0.04,"curve":"stepped"},{"time":0.7333,"x":-2.59,"y":-0.04,"curve":[0.25,0,0.75,1]},{"time":1,"x":6.17,"y":-0.1}],"scale":[{"time":0,"x":1,"y":1}]},"head":{"rotate":[{"time":0,"angle":0}],"translate":[{"time":0,"x":0,"y":0,"curve":[0.5,-0.7,0.813,0.85]},{"time":0.2666,"x":-1.35,"y":0,"curve":[0.432,-0.46,0.781,0.88]},{"time":0.5333,"x":0,"y":0,"curve":[0.5,-0.7,0.813,0.85]},{"time":0.7666,"x":-1.35,"y":0,"curve":[0.432,-0.46,0.781,0.88]},{"time":1,"x":0,"y":0}],"scale":[{"time":0,"x":1,"y":1}]},"espiral1":{"rotate":[{"time":0,"angle":0}],"translate":[{"time":0,"x":0,"y":0}],"scale":[{"time":0,"x":1,"y":1}]},"espiral2":{"rotate":[{"time":0,"angle":0}],"translate":[{"time":0,"x":0,"y":0}],"scale":[{"time":0,"x":1,"y":1}]}},"drawOrder":[{"time":0,"offsets":[{"slot":"arm2","offset":2}]},{"time":0.0333,"offsets":[{"slot":"arm2","offset":2}]},{"time":0.0666,"offsets":[{"slot":"arm2","offset":2}]},{"time":0.2333,"offsets":[{"slot":"arm1","offset":1}]},{"time":0.7,"offsets":[{"slot":"arm2","offset":2}]},{"time":0.8333},{"time":1}]},"walk_front":{"slots":{"arm1":{"color":[{"time":0,"color":"ffffffff","curve":"stepped"},{"time":1,"color":"ffffffff"}],"attachment":[{"time":0,"name":"arm_a"},{"time":1,"name":"arm_a"}]},"arm2":{"color":[{"time":0,"color":"ffffffff","curve":"stepped"},{"time":1,"color":"ffffffff"}],"attachment":[{"time":0,"name":"arm_a"},{"time":1,"name":"arm_a"}]},"espiral":{"attachment":[{"time":0,"name":null},{"time":1,"name":null}]},"espiral2":{"attachment":[{"time":0,"name":null},{"time":1,"name":null}]},"head":{"color":[{"time":0,"color":"ffffffff","curve":"stepped"},{"time":1,"color":"ffffffff"}],"attachment":[{"time":0,"name":"head_a"},{"time":1,"name":"head_a"}]},"leg1":{"color":[{"time":0,"color":"ffffffff","curve":"stepped"},{"time":1,"color":"ffffffff"}],"attachment":[{"time":0,"name":"leg_a"},{"time":1,"name":"leg_a"}]},"leg2":{"color":[{"time":0,"color":"ffffffff","curve":"stepped"},{"time":1,"color":"ffffffff"}],"attachment":[{"time":0,"name":"leg_a"},{"time":1,"name":"leg_a"}]},"penacho":{"attachment":[{"time":0,"name":"penacho_a"},{"time":1,"name":"penacho_a"}]},"torso":{"color":[{"time":0,"color":"ffffffff","curve":"stepped"},{"time":1,"color":"ffffffff"}],"attachment":[{"time":0,"name":"torso_a"},{"time":1,"name":"torso_a"}]}},"bones":{"head":{"rotate":[{"time":0,"angle":0}],"translate":[{"time":0,"x":0,"y":0,"curve":[0.5,-0.7,0.813,0.85]},{"time":0.2666,"x":-1.35,"y":0,"curve":[0.432,-0.46,0.781,0.88]},{"time":0.5333,"x":0,"y":0,"curve":[0.5,-0.7,0.813,0.85]},{"time":0.7666,"x":-1.35,"y":0,"curve":[0.432,-0.46,0.781,0.88]},{"time":1,"x":0,"y":0}],"scale":[{"time":0,"x":1,"y":1}]},"arm1":{"rotate":[{"time":0,"angle":2.75,"curve":[0.454,-0.19,0.715,0.45]},{"time":0.2666,"angle":-7.88,"curve":[0.444,0.44,0.729,0.92]},{"time":0.5,"angle":7.13,"curve":[0.454,-0.19,0.715,0.45]},{"time":0.7666,"angle":-7.37,"curve":[0.444,0.44,0.729,0.92]},{"time":1,"angle":2.75}],"translate":[{"time":0,"x":0,"y":0}],"scale":[{"time":0,"x":1,"y":1,"curve":[0.804,0,0.855,0.9]},{"time":0.2666,"x":1.012,"y":1,"curve":[0.483,-0.62,0.831,0.88]},{"time":0.5333,"x":1,"y":1,"curve":[0.804,0,0.855,0.9]},{"time":0.7666,"x":1.012,"y":1,"curve":[0.483,-0.62,0.831,0.88]},{"time":1,"x":1,"y":1}]},"torso":{"rotate":[{"time":0,"angle":1,"curve":[0.575,0,0.796,0.88]},{"time":0.5,"angle":-1,"curve":[0.575,0,0.796,0.88]},{"time":1,"angle":1}],"translate":[{"time":0,"x":0,"y":0,"curve":[0.405,-0.5,0.745,0.95]},{"time":0.2333,"x":0,"y":-2.41,"curve":[0.605,-0.02,0.743,0.96]},{"time":0.5,"x":0,"y":0,"curve":[0.405,-0.5,0.745,0.95]},{"time":0.7333,"x":0,"y":-2.41,"curve":[0.605,-0.02,0.743,0.96]},{"time":1,"x":0,"y":0}],"scale":[{"time":0,"x":1,"y":1,"curve":[0.932,0,0.823,1.29]},{"time":0.2666,"x":0.963,"y":1,"curve":[0.428,-0.53,0.823,0.82]},{"time":0.5333,"x":1,"y":1,"curve":[0.932,0,0.823,1.29]},{"time":0.7666,"x":0.963,"y":1,"curve":[0.428,-0.53,0.823,0.82]},{"time":1,"x":1,"y":1}]},"root":{"rotate":[{"time":0,"angle":0}],"translate":[{"time":0,"x":0,"y":0}],"scale":[{"time":0,"x":1,"y":1}]},"arm2":{"rotate":[{"time":0,"angle":-9.46,"curve":[0.366,-0.5,0.724,0.25]},{"time":0.2333,"angle":6.44,"curve":[0.438,0.45,0.789,0.9]},{"time":0.5,"angle":-11.03,"curve":[0.359,-0.58,0.712,0.14]},{"time":0.7333,"angle":4.01,"curve":[0.443,0.42,0.799,0.91]},{"time":1,"angle":-9.46}],"translate":[{"time":0,"x":0,"y":0}],"scale":[{"time":0,"x":1,"y":1,"curve":[0.804,0,0.855,0.9]},{"time":0.2666,"x":1.012,"y":1,"curve":[0.483,-0.62,0.831,0.88]},{"time":0.5333,"x":1,"y":1,"curve":[0.804,0,0.855,0.9]},{"time":0.7666,"x":1.012,"y":1,"curve":[0.483,-0.62,0.831,0.88]},{"time":1,"x":1,"y":1}]},"leg2":{"rotate":[{"time":0,"angle":0,"curve":[0.808,0,0.838,0.91]},{"time":0.2666,"angle":9.94,"curve":[0.407,-0.44,0.609,1]},{"time":0.5,"angle":0}],"translate":[{"time":0,"x":3.92,"y":-0.06,"curve":"stepped"},{"time":0.2666,"x":3.92,"y":-0.06,"curve":[0.25,0,0.75,1]},{"time":0.5,"x":-2.71,"y":-0.18,"curve":[0.607,0,0.75,1]},{"time":1,"x":3.92,"y":-0.06}],"scale":[{"time":0,"x":1,"y":1}]},"leg1":{"rotate":[{"time":0,"angle":0,"curve":"stepped"},{"time":0.5,"angle":0,"curve":[0.815,0,0.768,0.95]},{"time":0.7333,"angle":-11.78,"curve":[0.563,-0.36,0.75,1]},{"time":1,"angle":0}],"translate":[{"time":0,"x":0,"y":0,"curve":[0.699,0,0.75,1]},{"time":0.5,"x":3.62,"y":0.06,"curve":"stepped"},{"time":0.7333,"x":3.62,"y":0.06,"curve":[0.25,0,0.75,1]},{"time":1,"x":0,"y":0}],"scale":[{"time":0,"x":1,"y":1}]},"espiral1":{"rotate":[{"time":0,"angle":0}],"translate":[{"time":0,"x":0,"y":0}],"scale":[{"time":0,"x":1,"y":1}]},"espiral2":{"rotate":[{"time":0,"angle":0}],"translate":[{"time":0,"x":0,"y":0}],"scale":[{"time":0,"x":1,"y":1}]}},"drawOrder":[{"time":0,"offsets":[{"slot":"arm2","offset":2}]},{"time":0.0333,"offsets":[{"slot":"arm2","offset":2}]},{"time":0.0666,"offsets":[{"slot":"arm2","offset":2}]},{"time":0.2333,"offsets":[{"slot":"arm1","offset":1}]},{"time":0.8333,"offsets":[{"slot":"arm2","offset":2}]},{"time":1}]},"walk_sidetoside":{"slots":{"arm1":{"color":[{"time":0,"color":"ffffffff","curve":"stepped"},{"time":1,"color":"ffffffff"}],"attachment":[{"time":0,"name":"arm_c"},{"time":1,"name":"arm_c"}]},"arm2":{"color":[{"time":0,"color":"ffffffff","curve":"stepped"},{"time":1,"color":"ffffffff"}],"attachment":[{"time":0,"name":"arm_c2"},{"time":1,"name":"arm_c2"}]},"espiral":{"color":[{"time":0,"color":"ffffffff","curve":"stepped"},{"time":1,"color":"ffffffff"}],"attachment":[{"time":0,"name":null},{"time":1,"name":null}]},"espiral2":{"color":[{"time":0,"color":"ffffffff","curve":"stepped"},{"time":1,"color":"ffffffff"}],"attachment":[{"time":0,"name":null},{"time":1,"name":null}]},"head":{"color":[{"time":0,"color":"ffffffff","curve":"stepped"},{"time":1,"color":"ffffffff"}],"attachment":[{"time":0,"name":"head_c"},{"time":1,"name":"head_c"}]},"leg1":{"color":[{"time":0,"color":"ffffffff","curve":"stepped"},{"time":1,"color":"ffffffff"}],"attachment":[{"time":0,"name":"leg_c"},{"time":1,"name":"leg_c"}]},"leg2":{"color":[{"time":0,"color":"ffffffff","curve":"stepped"},{"time":1,"color":"ffffffff"}],"attachment":[{"time":0,"name":"leg_c2"},{"time":1,"name":"leg_c2"}]},"penacho":{"attachment":[{"time":0,"name":"penacho_c"},{"time":1,"name":"penacho_c"}]},"torso":{"color":[{"time":0,"color":"ffffffff","curve":"stepped"},{"time":1,"color":"ffffffff"}],"attachment":[{"time":0,"name":"torso_c"},{"time":1,"name":"torso_c"}]}},"bones":{"head":{"rotate":[{"time":0,"angle":0,"curve":[0.216,0.19,0.703,1.46]},{"time":0.3,"angle":-362.17,"curve":[0.216,0.19,0.703,1.46]},{"time":0.5333,"angle":0,"curve":[0.216,0.19,0.703,1.46]},{"time":0.8,"angle":-362.17,"curve":[0.216,0.19,0.703,1.46]},{"time":1,"angle":0}],"translate":[{"time":0,"x":0,"y":0,"curve":[0.436,-0.58,0.775,0.88]},{"time":0.3,"x":-1.92,"y":0,"curve":[0.436,-0.58,0.775,0.88]},{"time":0.5333,"x":0,"y":0,"curve":[0.436,-0.58,0.775,0.88]},{"time":0.8,"x":-1.92,"y":0,"curve":[0.436,-0.58,0.775,0.88]},{"time":1,"x":0,"y":0}],"scale":[{"time":0,"x":1,"y":1}]},"torso":{"rotate":[{"time":0,"angle":-4.33}],"translate":[{"time":0,"x":0,"y":0,"curve":[0.657,-0.3,0.821,0.9]},{"time":0.2666,"x":-0.22,"y":-2.97,"curve":[0.657,-0.3,0.821,0.9]},{"time":0.5,"x":0,"y":0,"curve":[0.657,-0.3,0.821,0.9]},{"time":0.7666,"x":-0.22,"y":-2.97,"curve":[0.657,-0.3,0.821,0.9]},{"time":1,"x":0,"y":0}],"scale":[{"time":0,"x":1,"y":1,"curve":[0.193,0.14,0.521,1.31]},{"time":0.3,"x":0.974,"y":1,"curve":[0.193,0.14,0.521,1.31]},{"time":0.5333,"x":1,"y":1,"curve":[0.25,0,0.75,1]},{"time":0.8,"x":0.974,"y":1,"curve":[0.193,0.14,0.521,1.31]},{"time":1,"x":1,"y":1}]},"arm1":{"rotate":[{"time":0,"angle":-299.08,"curve":[0.672,-0.34,0.84,0.87]},{"time":0.5,"angle":-10.74,"curve":[0.672,-0.34,0.84,0.87]},{"time":1,"angle":-299.08}],"translate":[{"time":0,"x":0,"y":-11.5}],"scale":[{"time":0,"x":1,"y":1,"curve":[0.25,0,0.75,1]},{"time":0.2666,"x":1.05,"y":1,"curve":[0.25,0,0.75,1]},{"time":0.5333,"x":1,"y":1,"curve":[0.25,0,0.75,1]},{"time":0.7666,"x":1.05,"y":1,"curve":[0.25,0,0.75,1]},{"time":1,"x":1,"y":1}]},"root":{"rotate":[{"time":0,"angle":0}],"translate":[{"time":0,"x":0,"y":0}],"scale":[{"time":0,"x":1,"y":1}]},"arm2":{"rotate":[{"time":0,"angle":285.85,"curve":[0.735,0,0.852,0.87]},{"time":0.5,"angle":0.38,"curve":[0.735,0,0.852,0.87]},{"time":1,"angle":285.85}],"translate":[{"time":0,"x":-2.06,"y":16.08,"curve":[0.579,-0.28,0.75,1]},{"time":0.5,"x":-2.06,"y":9.1,"curve":[0.579,-0.28,0.75,1]},{"time":1,"x":-2.06,"y":16.08}],"scale":[{"time":0,"x":1,"y":1,"curve":[0.25,0,0.75,1]},{"time":0.2666,"x":1.05,"y":1,"curve":[0.25,0,0.75,1]},{"time":0.5333,"x":1,"y":1,"curve":[0.25,0,0.75,1]},{"time":0.7666,"x":1.05,"y":1,"curve":[0.25,0,0.75,1]},{"time":1,"x":1,"y":1}]},"leg2":{"rotate":[{"time":0,"angle":375.3,"curve":[0.85,0,0.771,0.95]},{"time":0.5,"angle":329.08,"curve":[0.432,-0.63,0.75,1]},{"time":1,"angle":375.3}],"translate":[{"time":0,"x":0,"y":5.9,"curve":[0.85,0,0.771,0.95]},{"time":0.5,"x":0,"y":17.32,"curve":[0.432,-0.63,0.75,1]},{"time":1,"x":0,"y":5.9}],"scale":[{"time":0,"x":1,"y":1}]},"leg1":{"rotate":[{"time":0,"angle":-18.02,"curve":[0.504,-0.72,0.806,0.84]},{"time":0.5,"angle":-338.75,"curve":[0.92,0,0.775,0.95]},{"time":1,"angle":-18.02}],"translate":[{"time":0,"x":2.15,"y":-5.54,"curve":[0.514,-0.4,0.75,1]},{"time":0.5,"x":2.15,"y":-14.59,"curve":[0.92,0,0.775,0.95]},{"time":1,"x":2.15,"y":-5.54}],"scale":[{"time":0,"x":1,"y":1}]},"espiral2":{"rotate":[{"time":0,"angle":0}],"translate":[{"time":0,"x":0,"y":0}],"scale":[{"time":0,"x":1,"y":1}]},"espiral1":{"rotate":[{"time":0,"angle":0}],"translate":[{"time":0,"x":0,"y":0}],"scale":[{"time":0,"x":1,"y":1}]}},"drawOrder":[{"time":0,"offsets":[{"slot":"arm1","offset":1}]},{"time":0.0333,"offsets":[{"slot":"arm1","offset":1}]},{"time":0.0666,"offsets":[{"slot":"arm1","offset":1}]},{"time":1,"offsets":[{"slot":"arm1","offset":1}]}]}}}