{"frames": [

{
	"filename": "apple",
	"frame": {"x":160,"y":667,"w":50,"h":60},
	"rotated": false,
	"trimmed": true,
	"spriteSourceSize": {"x":9,"y":2,"w":50,"h":60},
	"sourceSize": {"w":65,"h":65},
	"pivot": {"x":0.5,"y":0.5}
},
{
	"filename": "apple2",
	"frame": {"x":285,"y":537,"w":52,"h":49},
	"rotated": false,
	"trimmed": true,
	"spriteSourceSize": {"x":8,"y":6,"w":52,"h":49},
	"sourceSize": {"w":65,"h":65},
	"pivot": {"x":0.5,"y":0.5}
},
{
	"filename": "banana",
	"frame": {"x":168,"y":465,"w":85,"h":69},
	"rotated": false,
	"trimmed": true,
	"spriteSourceSize": {"x":0,"y":8,"w":85,"h":69},
	"sourceSize": {"w":85,"h":85},
	"pivot": {"x":0.5,"y":0.5}
},
{
	"filename": "bone",
	"frame": {"x":400,"y":496,"w":50,"h":31},
	"rotated": false,
	"trimmed": true,
	"spriteSourceSize": {"x":2,"y":18,"w":50,"h":31},
	"sourceSize": {"w":65,"h":65},
	"pivot": {"x":0.5,"y":0.5}
},
{
	"filename": "book",
	"frame": {"x":107,"y":678,"w":51,"h":56},
	"rotated": false,
	"trimmed": true,
	"spriteSourceSize": {"x":8,"y":4,"w":51,"h":56},
	"sourceSize": {"w":65,"h":65},
	"pivot": {"x":0.5,"y":0.5}
},
{
	"filename": "bottle",
	"frame": {"x":212,"y":664,"w":52,"h":55},
	"rotated": false,
	"trimmed": true,
	"spriteSourceSize": {"x":7,"y":4,"w":52,"h":55},
	"sourceSize": {"w":65,"h":65},
	"pivot": {"x":0.5,"y":0.5}
},
{
	"filename": "burger",
	"frame": {"x":143,"y":536,"w":85,"h":65},
	"rotated": false,
	"trimmed": true,
	"spriteSourceSize": {"x":0,"y":12,"w":85,"h":65},
	"sourceSize": {"w":85,"h":85},
	"pivot": {"x":0.5,"y":0.5}
},
{
	"filename": "button",
	"frame": {"x":339,"y":537,"w":129,"h":114},
	"rotated": false,
	"trimmed": false,
	"spriteSourceSize": {"x":0,"y":0,"w":129,"h":114},
	"sourceSize": {"w":129,"h":114},
	"pivot": {"x":0.5,"y":0.5}
},
{
	"filename": "can",
	"frame": {"x":230,"y":537,"w":53,"h":55},
	"rotated": false,
	"trimmed": true,
	"spriteSourceSize": {"x":7,"y":4,"w":53,"h":55},
	"sourceSize": {"w":65,"h":65},
	"pivot": {"x":0.5,"y":0.5}
},
{
	"filename": "can2",
	"frame": {"x":1,"y":678,"w":48,"h":58},
	"rotated": false,
	"trimmed": true,
	"spriteSourceSize": {"x":7,"y":0,"w":48,"h":58},
	"sourceSize": {"w":65,"h":65},
	"pivot": {"x":0.5,"y":0.5}
},
{
	"filename": "cardboard",
	"frame": {"x":196,"y":603,"w":55,"h":59},
	"rotated": false,
	"trimmed": true,
	"spriteSourceSize": {"x":7,"y":2,"w":55,"h":59},
	"sourceSize": {"w":65,"h":65},
	"pivot": {"x":0.5,"y":0.5}
},
{
	"filename": "cardboard2",
	"frame": {"x":401,"y":653,"w":52,"h":40},
	"rotated": false,
	"trimmed": true,
	"spriteSourceSize": {"x":7,"y":12,"w":52,"h":40},
	"sourceSize": {"w":65,"h":65},
	"pivot": {"x":0.5,"y":0.5}
},
{
	"filename": "cuadro",
	"frame": {"x":367,"y":407,"w":87,"h":87},
	"rotated": false,
	"trimmed": false,
	"spriteSourceSize": {"x":0,"y":0,"w":87,"h":87},
	"sourceSize": {"w":87,"h":87},
	"pivot": {"x":0.5,"y":0.5}
},
{
	"filename": "desktop",
	"frame": {"x":1,"y":565,"w":135,"h":111},
	"rotated": false,
	"trimmed": false,
	"spriteSourceSize": {"x":0,"y":0,"w":135,"h":111},
	"sourceSize": {"w":135,"h":111},
	"pivot": {"x":0.5,"y":0.5}
},
{
	"filename": "fish",
	"frame": {"x":342,"y":496,"w":56,"h":35},
	"rotated": false,
	"trimmed": true,
	"spriteSourceSize": {"x":4,"y":15,"w":56,"h":35},
	"sourceSize": {"w":65,"h":65},
	"pivot": {"x":0.5,"y":0.5}
},
{
	"filename": "gametuto",
	"frame": {"x":1,"y":1,"w":392,"h":262},
	"rotated": false,
	"trimmed": false,
	"spriteSourceSize": {"x":0,"y":0,"w":392,"h":262},
	"sourceSize": {"w":392,"h":262},
	"pivot": {"x":0.5,"y":0.5}
},
{
	"filename": "glass",
	"frame": {"x":138,"y":603,"w":56,"h":62},
	"rotated": false,
	"trimmed": true,
	"spriteSourceSize": {"x":6,"y":2,"w":56,"h":62},
	"sourceSize": {"w":65,"h":65},
	"pivot": {"x":0.5,"y":0.5}
},
{
	"filename": "life_box",
	"frame": {"x":1,"y":508,"w":140,"h":55},
	"rotated": false,
	"trimmed": false,
	"spriteSourceSize": {"x":0,"y":0,"w":140,"h":55},
	"sourceSize": {"w":140,"h":55},
	"pivot": {"x":0.5,"y":0.5}
},
{
	"filename": "lobester",
	"frame": {"x":395,"y":200,"w":60,"h":62},
	"rotated": false,
	"trimmed": true,
	"spriteSourceSize": {"x":5,"y":0,"w":60,"h":62},
	"sourceSize": {"w":65,"h":65},
	"pivot": {"x":0.5,"y":0.5}
},
{
	"filename": "milk",
	"frame": {"x":51,"y":678,"w":54,"h":57},
	"rotated": false,
	"trimmed": true,
	"spriteSourceSize": {"x":6,"y":0,"w":54,"h":57},
	"sourceSize": {"w":65,"h":65},
	"pivot": {"x":0.5,"y":0.5}
},
{
	"filename": "movil",
	"frame": {"x":1,"y":265,"w":380,"h":107},
	"rotated": false,
	"trimmed": false,
	"spriteSourceSize": {"x":0,"y":0,"w":380,"h":107},
	"sourceSize": {"w":380,"h":107},
	"pivot": {"x":0.5,"y":0.5}
},
{
	"filename": "pear",
	"frame": {"x":266,"y":650,"w":57,"h":85},
	"rotated": false,
	"trimmed": true,
	"spriteSourceSize": {"x":8,"y":0,"w":57,"h":85},
	"sourceSize": {"w":85,"h":85},
	"pivot": {"x":0.5,"y":0.5}
},
{
	"filename": "plastic",
	"frame": {"x":253,"y":594,"w":55,"h":54},
	"rotated": false,
	"trimmed": true,
	"spriteSourceSize": {"x":5,"y":6,"w":55,"h":54},
	"sourceSize": {"w":65,"h":65},
	"pivot": {"x":0.5,"y":0.5}
},
{
	"filename": "smoke",
	"frame": {"x":265,"y":374,"w":100,"h":93},
	"rotated": false,
	"trimmed": false,
	"spriteSourceSize": {"x":0,"y":0,"w":100,"h":93},
	"sourceSize": {"w":100,"h":93},
	"pivot": {"x":0.5,"y":0.5}
},
{
	"filename": "soda",
	"frame": {"x":395,"y":264,"w":60,"h":59},
	"rotated": false,
	"trimmed": true,
	"spriteSourceSize": {"x":4,"y":1,"w":60,"h":59},
	"sourceSize": {"w":65,"h":65},
	"pivot": {"x":0.5,"y":0.5}
},
{
	"filename": "star",
	"frame": {"x":395,"y":68,"w":64,"h":64},
	"rotated": false,
	"trimmed": false,
	"spriteSourceSize": {"x":0,"y":0,"w":64,"h":64},
	"sourceSize": {"w":64,"h":64},
	"pivot": {"x":0.5,"y":0.5}
},
{
	"filename": "steak",
	"frame": {"x":255,"y":469,"w":85,"h":66},
	"rotated": false,
	"trimmed": true,
	"spriteSourceSize": {"x":0,"y":10,"w":85,"h":66},
	"sourceSize": {"w":85,"h":85},
	"pivot": {"x":0.5,"y":0.5}
},
{
	"filename": "tile",
	"frame": {"x":325,"y":653,"w":74,"h":74},
	"rotated": false,
	"trimmed": false,
	"spriteSourceSize": {"x":0,"y":0,"w":74,"h":74},
	"sourceSize": {"w":74,"h":74},
	"pivot": {"x":0.5,"y":0.5}
},
{
	"filename": "tomato",
	"frame": {"x":383,"y":325,"w":85,"h":80},
	"rotated": false,
	"trimmed": true,
	"spriteSourceSize": {"x":0,"y":3,"w":85,"h":80},
	"sourceSize": {"w":85,"h":85},
	"pivot": {"x":0.5,"y":0.5}
},
{
	"filename": "trashBag",
	"frame": {"x":395,"y":1,"w":65,"h":65},
	"rotated": false,
	"trimmed": false,
	"spriteSourceSize": {"x":0,"y":0,"w":65,"h":65},
	"sourceSize": {"w":65,"h":65},
	"pivot": {"x":0.5,"y":0.5}
},
{
	"filename": "trashBoard",
	"frame": {"x":1,"y":374,"w":262,"h":89},
	"rotated": false,
	"trimmed": false,
	"spriteSourceSize": {"x":0,"y":0,"w":262,"h":89},
	"sourceSize": {"w":262,"h":89},
	"pivot": {"x":0.5,"y":0.5}
},
{
	"filename": "wrong",
	"frame": {"x":395,"y":134,"w":64,"h":64},
	"rotated": false,
	"trimmed": false,
	"spriteSourceSize": {"x":0,"y":0,"w":64,"h":64},
	"sourceSize": {"w":64,"h":64},
	"pivot": {"x":0.5,"y":0.5}
},
{
	"filename": "xpcoins",
	"frame": {"x":1,"y":465,"w":165,"h":41},
	"rotated": false,
	"trimmed": false,
	"spriteSourceSize": {"x":0,"y":0,"w":165,"h":41},
	"sourceSize": {"w":165,"h":41},
	"pivot": {"x":0.5,"y":0.5}
}],
"meta": {
	"app": "http://www.codeandweb.com/texturepacker",
	"version": "1.0",
	"image": "atlas.png",
	"format": "RGBA8888",
	"size": {"w":469,"h":737},
	"scale": "1",
	"smartupdate": "$TexturePacker:SmartUpdate:320695a9470ac5317037070babc66eb2:d4c54bb035e607cd35038d07f14e3273:cbce6b53f0f49e0bf15173c25c41f876$"
}
}
