{"skeleton":{"hash":"fyxfsjr1At2i5by/vR11AbDoT8g","spine":"3.2.01","width":175.27,"height":202.79,"images":""},"bones":[{"name":"root"},{"name":"cajero","parent":"root","length":37.57,"rotation":90,"x":-28.71,"y":93.48,"inheritScale":false},{"name":"bill1","parent":"cajero","rotation":-90,"x":69.15,"y":27.68,"inheritScale":false},{"name":"bill2","parent":"cajero","rotation":-90,"x":46,"y":33.54,"inheritScale":false},{"name":"bill3","parent":"cajero","rotation":-90,"x":77.62,"y":0.94,"inheritScale":false},{"name":"cash","parent":"cajero","length":16.18,"rotation":18.79,"x":85.45,"y":17.24,"inheritScale":false},{"name":"torso","parent":"root","length":19.45,"rotation":90,"y":27.39},{"name":"head","parent":"torso","length":40.62,"x":19.32,"inheritScale":false},{"name":"drop","parent":"head","length":15.4,"rotation":180,"x":47.37,"y":-43.05,"inheritScale":false},{"name":"fear","parent":"head","length":25.87,"rotation":180,"x":64.93,"inheritScale":false},{"name":"leg1","parent":"torso","length":16.67,"rotation":-176.64,"x":9.96,"y":8.72,"inheritScale":false},{"name":"shin1","parent":"leg1","length":18.36,"rotation":6.76,"x":16.67},{"name":"foot1","parent":"shin1","length":12.23,"rotation":-98.35,"x":18.12,"y":-0.03},{"name":"leg2","parent":"torso","length":17.64,"rotation":171.93,"x":9.74,"y":-10.24,"inheritScale":false},{"name":"shin2","parent":"leg2","length":17.38,"rotation":-0.87,"x":17.5,"y":-0.02},{"name":"foot2","parent":"shin2","length":12.38,"rotation":100.66,"x":17.23,"y":-0.02},{"name":"hand1","parent":"root","length":14.47,"rotation":90,"x":-64.13,"y":66.37,"inheritScale":false},{"name":"hand2","parent":"root","length":15.72,"rotation":90,"x":64.61,"y":68.22,"inheritScale":false}],"slots":[{"name":"bill1","bone":"bill1","attachment":"bill1"},{"name":"bill2","bone":"bill2","attachment":"bill2"},{"name":"bill3","bone":"bill3","attachment":"bill3"},{"name":"cajero","bone":"cajero","attachment":"cajero"},{"name":"foot1","bone":"foot1","attachment":"foot1"},{"name":"shin1","bone":"shin1","attachment":"shin1"},{"name":"leg1","bone":"leg1","attachment":"leg1"},{"name":"foot2","bone":"foot2","attachment":"foot2"},{"name":"shin2","bone":"shin2","attachment":"shin2"},{"name":"leg2","bone":"leg2","attachment":"leg2"},{"name":"torso","bone":"torso","attachment":"torso"},{"name":"hand1","bone":"hand1","attachment":"hand1"},{"name":"hand2","bone":"hand2","attachment":"hand2"},{"name":"head","bone":"head","attachment":"head"},{"name":"fear","bone":"fear","attachment":"fear"},{"name":"drop","bone":"drop","attachment":"drop"},{"name":"cash","bone":"cash","attachment":"cash"}],"skins":{"default":{},"normal":{"bill1":{"bill1":{"name":"normalc/bill1","x":-0.46,"y":1.75,"width":23,"height":27}},"bill2":{"bill2":{"name":"normalc/bill2","x":-0.33,"y":-0.4,"width":14,"height":22}},"bill3":{"bill3":{"name":"normalc/bill3","x":0.06,"y":0.43,"width":27,"height":28}},"cajero":{"cajero":{"name":"normalc/cajero","x":31.91,"y":-1.02,"rotation":-90,"width":62,"height":68}},"cash":{"cash":{"name":"normalc/cash","x":10.07,"y":0.14,"rotation":-108.79,"width":16,"height":25}},"drop":{"drop":{"name":"normalc/drop","x":9.27,"y":0.49,"rotation":89.99,"width":13,"height":20}},"fear":{"fear":{"name":"normalc/fear","x":26.05,"y":1.19,"rotation":89.99,"width":84,"height":62}},"foot1":{"foot1":{"name":"normalc/foot1","x":5.89,"y":-2.46,"rotation":178.24,"width":21,"height":14}},"foot2":{"foot2":{"name":"normalc/foot1","x":7.78,"y":2.12,"scaleX":-1,"rotation":-1.73,"width":21,"height":14}},"hand1":{"hand1":{"name":"normalc/hand1","x":14.06,"y":-2.18,"rotation":-90,"width":50,"height":33}},"hand2":{"hand2":{"name":"normalc/hand1","x":14.49,"y":1.28,"scaleX":-1,"rotation":-90,"width":50,"height":33}},"head":{"head":{"name":"normalc/head","x":37.45,"y":-0.42,"rotation":-90,"width":87,"height":91}},"leg1":{"leg1":{"name":"normalc/leg1","x":8.61,"y":0.48,"rotation":86.64,"width":14,"height":24}},"leg2":{"leg2":{"name":"normalc/leg1","x":8.51,"y":-0.59,"scaleX":-1,"rotation":98.06,"width":14,"height":24}},"shin1":{"shin1":{"name":"normalc/shin1","x":7.48,"y":0.73,"rotation":79.88,"width":12,"height":25}},"shin2":{"shin2":{"name":"normalc/shin1","x":6.55,"y":-0.22,"scaleX":-1,"rotation":98.93,"width":12,"height":25}},"torso":{"torso":{"name":"normalc/torso","x":13.95,"y":-0.38,"rotation":-90,"width":43,"height":29}}}},"animations":{"bad":{"slots":{"bill1":{"color":[{"time":0,"color":"ffffffff","curve":"stepped"},{"time":0.6666,"color":"ffffffff"}],"attachment":[{"time":0,"name":null},{"time":0.6666,"name":null}]},"bill2":{"color":[{"time":0,"color":"ffffffff","curve":"stepped"},{"time":0.6666,"color":"ffffffff"}],"attachment":[{"time":0,"name":null},{"time":0.6666,"name":null}]},"bill3":{"color":[{"time":0,"color":"ffffffff","curve":"stepped"},{"time":0.6666,"color":"ffffffff"}],"attachment":[{"time":0,"name":null},{"time":0.6666,"name":null}]},"cajero":{"color":[{"time":0,"color":"ffffffff","curve":"stepped"},{"time":0.6666,"color":"ffffffff"}],"attachment":[{"time":0,"name":"cajero"},{"time":0.6666,"name":"cajero"}]},"cash":{"color":[{"time":0,"color":"ffffffff","curve":"stepped"},{"time":0.6666,"color":"ffffffff"}],"attachment":[{"time":0,"name":null},{"time":0.6666,"name":null}]},"drop":{"color":[{"time":0,"color":"ffffffff","curve":"stepped"},{"time":0.6666,"color":"ffffffff"}],"attachment":[{"time":0,"name":"drop"},{"time":0.6666,"name":"drop"}]},"fear":{"color":[{"time":0,"color":"ffffffff","curve":"stepped"},{"time":0.6666,"color":"ffffffff"}],"attachment":[{"time":0,"name":"fear"},{"time":0.6666,"name":"fear"}]},"foot1":{"color":[{"time":0,"color":"ffffffff","curve":"stepped"},{"time":0.6666,"color":"ffffffff"}],"attachment":[{"time":0,"name":"foot1"},{"time":0.6666,"name":"foot1"}]},"foot2":{"color":[{"time":0,"color":"ffffffff","curve":"stepped"},{"time":0.6666,"color":"ffffffff"}],"attachment":[{"time":0,"name":"foot2"},{"time":0.6666,"name":"foot2"}]},"hand1":{"color":[{"time":0,"color":"ffffffff","curve":"stepped"},{"time":0.6666,"color":"ffffffff"}],"attachment":[{"time":0,"name":"hand1"},{"time":0.6666,"name":"hand1"}]},"hand2":{"color":[{"time":0,"color":"ffffffff","curve":"stepped"},{"time":0.6666,"color":"ffffffff"}],"attachment":[{"time":0,"name":"hand2"},{"time":0.6666,"name":"hand2"}]},"head":{"color":[{"time":0,"color":"ffffffff","curve":"stepped"},{"time":0.6666,"color":"ffffffff"}],"attachment":[{"time":0,"name":"head"},{"time":0.6666,"name":"head"}]},"leg1":{"color":[{"time":0,"color":"ffffffff","curve":"stepped"},{"time":0.6666,"color":"ffffffff"}],"attachment":[{"time":0,"name":"leg1"},{"time":0.6666,"name":"leg1"}]},"leg2":{"color":[{"time":0,"color":"ffffffff","curve":"stepped"},{"time":0.6666,"color":"ffffffff"}],"attachment":[{"time":0,"name":"leg2"},{"time":0.6666,"name":"leg2"}]},"shin1":{"color":[{"time":0,"color":"ffffffff","curve":"stepped"},{"time":0.6666,"color":"ffffffff"}],"attachment":[{"time":0,"name":"shin1"},{"time":0.6666,"name":"shin1"}]},"shin2":{"color":[{"time":0,"color":"ffffffff","curve":"stepped"},{"time":0.6666,"color":"ffffffff"}],"attachment":[{"time":0,"name":"shin2"},{"time":0.6666,"name":"shin2"}]},"torso":{"color":[{"time":0,"color":"ffffffff","curve":"stepped"},{"time":0.6666,"color":"ffffffff"}],"attachment":[{"time":0,"name":"torso"},{"time":0.6666,"name":"torso"}]}},"bones":{"shin1":{"rotate":[{"time":0,"angle":0,"curve":[0.207,0.07,0.275,1.04]},{"time":0.4,"angle":38.41,"curve":[0.573,0,0.75,1]},{"time":0.6666,"angle":0}],"translate":[{"time":0,"x":0,"y":0}],"scale":[{"time":0,"x":1,"y":1}]},"fear":{"rotate":[{"time":0,"angle":0}],"translate":[{"time":0,"x":1.64,"y":0,"curve":[0.207,0.07,0.275,1.04]},{"time":0.4333,"x":0,"y":0,"curve":[0.453,0,0.75,1]},{"time":0.6666,"x":1.64,"y":0}],"scale":[{"time":0,"x":0.714,"y":0.906,"curve":[0.207,0.07,0.275,1.04]},{"time":0.4333,"x":1,"y":1,"curve":[0.453,0,0.75,1]},{"time":0.6666,"x":0.714,"y":0.906}]},"torso":{"rotate":[{"time":0,"angle":0}],"translate":[{"time":0,"x":0,"y":0,"curve":[0.207,0.07,0.275,1.04]},{"time":0.4333,"x":0,"y":-3.29,"curve":[0.527,0,0.75,1]},{"time":0.6666,"x":0,"y":0}],"scale":[{"time":0,"x":1,"y":1}]},"head":{"rotate":[{"time":0,"angle":0}],"translate":[{"time":0,"x":0,"y":0,"curve":[0.207,0.07,0.275,1.04]},{"time":0.4333,"x":-1.64,"y":0,"curve":[0.25,0,0.75,1]},{"time":0.6666,"x":0,"y":0}],"scale":[{"time":0,"x":1,"y":1,"curve":[0.207,0.07,0.275,1.04]},{"time":0.4333,"x":0.967,"y":1,"curve":[0.25,0,0.75,1]},{"time":0.6666,"x":1,"y":1}]},"leg1":{"rotate":[{"time":0,"angle":0,"curve":[0.207,0.07,0.275,1.04]},{"time":0.4,"angle":341.96,"curve":[0.573,0,0.75,1]},{"time":0.6666,"angle":0}],"translate":[{"time":0,"x":0,"y":0}],"scale":[{"time":0,"x":1,"y":1}]},"foot1":{"rotate":[{"time":0,"angle":0,"curve":[0.207,0.07,0.275,1.04]},{"time":0.4,"angle":-19.47,"curve":[0.573,0,0.75,1]},{"time":0.6666,"angle":0}],"translate":[{"time":0,"x":0,"y":0}],"scale":[{"time":0,"x":1,"y":1}]},"leg2":{"rotate":[{"time":0,"angle":0,"curve":[0.207,0.07,0.275,1.04]},{"time":0.4,"angle":-341.47,"curve":[0.25,0,0.75,1]},{"time":0.6666,"angle":0}],"translate":[{"time":0,"x":0,"y":0}],"scale":[{"time":0,"x":1,"y":1}]},"shin2":{"rotate":[{"time":0,"angle":0,"curve":[0.207,0.07,0.275,1.04]},{"time":0.4,"angle":-45.86,"curve":[0.25,0,0.75,1]},{"time":0.6666,"angle":0}],"translate":[{"time":0,"x":0,"y":0}],"scale":[{"time":0,"x":1,"y":1}]},"foot2":{"rotate":[{"time":0,"angle":0,"curve":[0.207,0.07,0.275,1.04]},{"time":0.4,"angle":24.78,"curve":[0.25,0,0.75,1]},{"time":0.6666,"angle":0}],"translate":[{"time":0,"x":0,"y":0}],"scale":[{"time":0,"x":1,"y":1}]},"drop":{"rotate":[{"time":0,"angle":0}],"translate":[{"time":0,"x":0,"y":0}],"scale":[{"time":0,"x":1,"y":1,"curve":[0.186,0.18,0.584,1.55]},{"time":0.3333,"x":1.134,"y":1,"curve":[0.186,0.18,0.584,1.55]},{"time":0.5,"x":0.95,"y":1,"curve":[0.186,0.18,0.584,1.55]},{"time":0.6,"x":1.016,"y":1,"curve":[0.186,0.18,0.584,1.55]},{"time":0.6666,"x":1,"y":1}]},"hand2":{"rotate":[{"time":0,"angle":0,"curve":[0.682,0,0.819,0.93]},{"time":0.3666,"angle":-13.33,"curve":[0.682,0,0.819,0.93]},{"time":0.6666,"angle":0}],"translate":[{"time":0,"x":0,"y":0,"curve":[0.682,0,0.819,0.93]},{"time":0.3666,"x":-1.75,"y":-7.38,"curve":[0.682,0,0.819,0.93]},{"time":0.6666,"x":0,"y":0}],"scale":[{"time":0,"x":1,"y":1}]},"hand1":{"rotate":[{"time":0,"angle":0,"curve":[0.682,0,0.819,0.93]},{"time":0.3666,"angle":13.56,"curve":[0.682,0,0.819,0.93]},{"time":0.6666,"angle":0}],"translate":[{"time":0,"x":0,"y":0,"curve":[0.682,0,0.819,0.93]},{"time":0.3666,"x":1.91,"y":-7.92,"curve":[0.682,0,0.819,0.93]},{"time":0.6666,"x":0,"y":0}],"scale":[{"time":0,"x":1,"y":1}]},"cajero":{"rotate":[{"time":0,"angle":0}],"translate":[{"time":0,"x":0,"y":0}],"scale":[{"time":0,"x":1,"y":1,"curve":[0.506,-0.59,0.848,0.8]},{"time":0.2666,"x":0.887,"y":1,"curve":[0.506,-0.59,0.848,0.8]},{"time":0.4333,"x":1.027,"y":1,"curve":[0.506,-0.59,0.848,0.8]},{"time":0.5333,"x":0.948,"y":1,"curve":[0.506,-0.59,0.848,0.8]},{"time":0.6666,"x":1,"y":1}]}},"drawOrder":[{"time":0},{"time":0.6666}]},"good":{"slots":{"bill1":{"color":[{"time":0,"color":"ffffff00","curve":[0.197,0.07,0.014,1]},{"time":0.3333,"color":"ffffffff","curve":[0.25,0,0.43,1]},{"time":0.5,"color":"ffffff00"}],"attachment":[{"time":0,"name":"bill1"},{"time":0.5,"name":"bill1"}]},"bill2":{"color":[{"time":0,"color":"ffffff00","curve":[0.176,0.26,0,1]},{"time":0.3333,"color":"ffffffff","curve":[0.25,0,0.75,1]},{"time":0.5,"color":"ffffff00"}],"attachment":[{"time":0,"name":"bill2"},{"time":0.5,"name":"bill2"}]},"bill3":{"color":[{"time":0,"color":"ffffff00","curve":[0.172,0.15,0.102,1]},{"time":0.3333,"color":"ffffffff","curve":[0.25,0,0.197,1]},{"time":0.5,"color":"ffffff00"}],"attachment":[{"time":0,"name":"bill3"},{"time":0.5,"name":"bill3"}]},"cajero":{"color":[{"time":0,"color":"ffffffff","curve":"stepped"},{"time":0.5,"color":"ffffffff"}],"attachment":[{"time":0,"name":"cajero"},{"time":0.5,"name":"cajero"}]},"cash":{"color":[{"time":0,"color":"ffffff00","curve":[0.25,0,0.75,1]},{"time":0.1,"color":"ffffffff","curve":"stepped"},{"time":0.3666,"color":"ffffffff","curve":[0.25,0,0.75,1]},{"time":0.5,"color":"ffffff00"}],"attachment":[{"time":0,"name":"cash"},{"time":0.5,"name":"cash"}]},"drop":{"color":[{"time":0,"color":"ffffffff","curve":"stepped"},{"time":0.5,"color":"ffffffff"}],"attachment":[{"time":0,"name":null},{"time":0.5,"name":null}]},"fear":{"color":[{"time":0,"color":"ffffffff","curve":"stepped"},{"time":0.5,"color":"ffffffff"}],"attachment":[{"time":0,"name":null},{"time":0.5,"name":null}]},"foot1":{"color":[{"time":0,"color":"ffffffff","curve":"stepped"},{"time":0.5,"color":"ffffffff"}],"attachment":[{"time":0,"name":"foot1"},{"time":0.5,"name":"foot1"}]},"foot2":{"color":[{"time":0,"color":"ffffffff","curve":"stepped"},{"time":0.5,"color":"ffffffff"}],"attachment":[{"time":0,"name":"foot2"},{"time":0.5,"name":"foot2"}]},"hand1":{"color":[{"time":0,"color":"ffffffff","curve":"stepped"},{"time":0.5,"color":"ffffffff"}],"attachment":[{"time":0,"name":"hand1"},{"time":0.5,"name":"hand1"}]},"hand2":{"color":[{"time":0,"color":"ffffffff","curve":"stepped"},{"time":0.5,"color":"ffffffff"}],"attachment":[{"time":0,"name":"hand2"},{"time":0.5,"name":"hand2"}]},"head":{"color":[{"time":0,"color":"ffffffff","curve":"stepped"},{"time":0.5,"color":"ffffffff"}],"attachment":[{"time":0,"name":"head"},{"time":0.5,"name":"head"}]},"leg1":{"color":[{"time":0,"color":"ffffffff","curve":"stepped"},{"time":0.5,"color":"ffffffff"}],"attachment":[{"time":0,"name":"leg1"},{"time":0.5,"name":"leg1"}]},"leg2":{"color":[{"time":0,"color":"ffffffff","curve":"stepped"},{"time":0.5,"color":"ffffffff"}],"attachment":[{"time":0,"name":"leg2"},{"time":0.5,"name":"leg2"}]},"shin1":{"color":[{"time":0,"color":"ffffffff","curve":"stepped"},{"time":0.5,"color":"ffffffff"}],"attachment":[{"time":0,"name":"shin1"},{"time":0.5,"name":"shin1"}]},"shin2":{"color":[{"time":0,"color":"ffffffff","curve":"stepped"},{"time":0.5,"color":"ffffffff"}],"attachment":[{"time":0,"name":"shin2"},{"time":0.5,"name":"shin2"}]},"torso":{"color":[{"time":0,"color":"ffffffff","curve":"stepped"},{"time":0.5,"color":"ffffffff"}],"attachment":[{"time":0,"name":"torso"},{"time":0.5,"name":"torso"}]}},"bones":{"leg2":{"rotate":[{"time":0,"angle":-345.24,"curve":[0.535,0,0.75,1]},{"time":0.1333,"angle":-341.1,"curve":[0.535,0,0.75,1]},{"time":0.2666,"angle":-6.1,"curve":[0.535,0,0.75,1]},{"time":0.4,"angle":-342.02,"curve":[0.535,0,0.75,1]},{"time":0.5,"angle":-345.24}],"translate":[{"time":0,"x":0,"y":0}],"scale":[{"time":0,"x":1,"y":1}]},"fear":{"rotate":[{"time":0,"angle":0}],"translate":[{"time":0,"x":0,"y":0}],"scale":[{"time":0,"x":1,"y":1}]},"foot1":{"rotate":[{"time":0,"angle":7.22,"curve":[0.25,0,0.75,1]},{"time":0.1333,"angle":-12.8,"curve":[0.25,0,0.75,1]},{"time":0.2666,"angle":-11.86,"curve":[0.25,0,0.75,1]},{"time":0.4,"angle":-21.79,"curve":[0.25,0,0.75,1]},{"time":0.5,"angle":7.22}],"translate":[{"time":0,"x":0,"y":0}],"scale":[{"time":0,"x":1,"y":1}]},"head":{"rotate":[{"time":0,"angle":-4.3,"curve":[0.275,-1.27,0.968,0.74]},{"time":0.2666,"angle":-0.27,"curve":[0.275,-1.27,0.968,0.74]},{"time":0.5,"angle":-4.3}],"translate":[{"time":0,"x":0,"y":0,"curve":[0.468,-0.27,0.813,0.94]},{"time":0.1333,"x":-2.35,"y":0.04,"curve":[0.174,0.19,0.75,1]},{"time":0.2666,"x":0,"y":0,"curve":[0.468,-0.27,0.813,0.94]},{"time":0.4,"x":-2.35,"y":0.04,"curve":[0.174,0.19,0.75,1]},{"time":0.5,"x":0,"y":0}],"scale":[{"time":0,"x":1,"y":1}]},"hand1":{"rotate":[{"time":0,"angle":0,"curve":[0.556,-0.29,0.859,0.86]},{"time":0.2333,"angle":6.29,"curve":[0.556,-0.29,0.859,0.86]},{"time":0.5,"angle":0}],"translate":[{"time":0,"x":0,"y":0,"curve":[0.25,0,0.75,1]},{"time":0.2333,"x":0,"y":4.04,"curve":[0.25,0,0.75,1]},{"time":0.5,"x":0,"y":0}],"scale":[{"time":0,"x":1,"y":1}]},"leg1":{"rotate":[{"time":0,"angle":8.93,"curve":[0.25,0,0.75,1]},{"time":0.1333,"angle":350.35,"curve":[0.25,0,0.75,1]},{"time":0.2666,"angle":347.15,"curve":[0.25,0,0.75,1]},{"time":0.4,"angle":336.48,"curve":[0.25,0,0.75,1]},{"time":0.5,"angle":8.93}],"translate":[{"time":0,"x":0,"y":0}],"scale":[{"time":0,"x":1,"y":1}]},"bill2":{"rotate":[{"time":0,"angle":87.76,"curve":[0.491,-0.29,0.75,1]},{"time":0.5,"angle":62.78}],"translate":[{"time":0,"x":16.03,"y":19.47,"curve":[0.523,0,0.75,1]},{"time":0.5,"x":-4.73,"y":-9.2}],"scale":[{"time":0,"x":1,"y":1}]},"shin2":{"rotate":[{"time":0,"angle":-27.16,"curve":[0.535,0,0.75,1]},{"time":0.1333,"angle":-40.14,"curve":[0.535,0,0.75,1]},{"time":0.2666,"angle":1.31,"curve":[0.535,0,0.75,1]},{"time":0.4,"angle":-38.15,"curve":[0.535,0,0.75,1]},{"time":0.5,"angle":-27.16}],"translate":[{"time":0,"x":0,"y":0}],"scale":[{"time":0,"x":1,"y":1}]},"foot2":{"rotate":[{"time":0,"angle":16.3,"curve":[0.535,0,0.75,1]},{"time":0.1333,"angle":20.27,"curve":[0.535,0,0.75,1]},{"time":0.2666,"angle":-6.86,"curve":[0.535,0,0.75,1]},{"time":0.4,"angle":17.33,"curve":[0.535,0,0.75,1]},{"time":0.5,"angle":16.3}],"translate":[{"time":0,"x":0,"y":0}],"scale":[{"time":0,"x":1,"y":1}]},"shin1":{"rotate":[{"time":0,"angle":-6.45,"curve":[0.25,0,0.75,1]},{"time":0.1333,"angle":24.71,"curve":[0.25,0,0.75,1]},{"time":0.2666,"angle":20.56,"curve":[0.25,0,0.75,1]},{"time":0.4,"angle":45.74,"curve":[0.25,0,0.75,1]},{"time":0.5,"angle":-6.45}],"translate":[{"time":0,"x":0,"y":0}],"scale":[{"time":0,"x":1,"y":1}]},"torso":{"rotate":[{"time":0,"angle":-4.4,"curve":[0.338,-0.5,0.636,1]},{"time":0.2666,"angle":8.55,"curve":[0.338,-0.5,0.636,1]},{"time":0.5,"angle":-4.4}],"translate":[{"time":0,"x":0,"y":0,"curve":[0.598,0,0.808,0.91]},{"time":0.1333,"x":0,"y":-2.02,"curve":[0.117,0.18,0.75,1]},{"time":0.2666,"x":0,"y":0,"curve":[0.598,0,0.808,0.91]},{"time":0.4,"x":0,"y":-2.02,"curve":[0.117,0.18,0.75,1]},{"time":0.5,"x":0,"y":0}],"scale":[{"time":0,"x":1,"y":1}]},"hand2":{"rotate":[{"time":0,"angle":25.12,"curve":[0.25,0,0.75,1]},{"time":0.2666,"angle":-14.09,"curve":[0.25,0,0.75,1]},{"time":0.5,"angle":25.12}],"translate":[{"time":0,"x":0,"y":11.22}],"scale":[{"time":0,"x":1,"y":1}]},"bill3":{"rotate":[{"time":0,"angle":-10.49,"curve":[0.554,-0.13,0.8,0.95]},{"time":0.5,"angle":41.32}],"translate":[{"time":0,"x":15.26,"y":-5.59,"curve":[0.592,0,0.75,1]},{"time":0.5,"x":-29.01,"y":1.01}],"scale":[{"time":0,"x":1,"y":1}]},"cajero":{"rotate":[{"time":0,"angle":0}],"translate":[{"time":0,"x":0,"y":0}],"scale":[{"time":0,"x":1,"y":1,"curve":[0.418,-0.5,0.806,0.91]},{"time":0.1,"x":1.058,"y":1,"curve":[0.418,-0.5,0.806,0.91]},{"time":0.2333,"x":1,"y":1,"curve":[0.418,-0.5,0.806,0.91]},{"time":0.3666,"x":1.058,"y":1,"curve":[0.418,-0.5,0.806,0.91]},{"time":0.5,"x":1,"y":1}]},"cash":{"rotate":[{"time":0,"angle":0}],"translate":[{"time":0,"x":0,"y":0}],"scale":[{"time":0,"x":1,"y":1,"curve":[0.382,-0.78,0.836,0.82]},{"time":0.2333,"x":1.182,"y":1,"curve":[0.382,-0.78,0.836,0.82]},{"time":0.5,"x":1,"y":1}]},"bill1":{"rotate":[{"time":0,"angle":7.32,"curve":[0.558,-0.29,0.838,0.91]},{"time":0.5,"angle":-33.37}],"translate":[{"time":0,"x":15.29,"y":19.59,"curve":[0.457,0,0.75,1]},{"time":0.5,"x":-21.34,"y":-14.94}],"scale":[{"time":0,"x":1,"y":1}]},"drop":{"rotate":[{"time":0,"angle":0}],"translate":[{"time":0,"x":0,"y":0}],"scale":[{"time":0,"x":1,"y":1}]}},"drawOrder":[{"time":0},{"time":0.5}]},"idle":{"slots":{"bill1":{"color":[{"time":0,"color":"ffffffff","curve":"stepped"},{"time":1,"color":"ffffffff"}],"attachment":[{"time":0,"name":null},{"time":1,"name":null}]},"bill2":{"color":[{"time":0,"color":"ffffffff","curve":"stepped"},{"time":1,"color":"ffffffff"}],"attachment":[{"time":0,"name":null},{"time":1,"name":null}]},"bill3":{"color":[{"time":0,"color":"ffffffff","curve":"stepped"},{"time":1,"color":"ffffffff"}],"attachment":[{"time":0,"name":null},{"time":1,"name":null}]},"cajero":{"color":[{"time":0,"color":"ffffffff","curve":"stepped"},{"time":1,"color":"ffffffff"}],"attachment":[{"time":0,"name":"cajero"},{"time":1,"name":"cajero"}]},"cash":{"color":[{"time":0,"color":"ffffffff","curve":"stepped"},{"time":1,"color":"ffffffff"}],"attachment":[{"time":0,"name":null},{"time":1,"name":null}]},"drop":{"color":[{"time":0,"color":"ffffffff","curve":"stepped"},{"time":1,"color":"ffffffff"}],"attachment":[{"time":0,"name":null},{"time":1,"name":null}]},"fear":{"color":[{"time":0,"color":"ffffffff","curve":"stepped"},{"time":1,"color":"ffffffff"}],"attachment":[{"time":0,"name":null},{"time":1,"name":null}]},"foot1":{"color":[{"time":0,"color":"ffffffff","curve":"stepped"},{"time":1,"color":"ffffffff"}],"attachment":[{"time":0,"name":"foot1"},{"time":1,"name":"foot1"}]},"foot2":{"color":[{"time":0,"color":"ffffffff","curve":"stepped"},{"time":1,"color":"ffffffff"}],"attachment":[{"time":0,"name":"foot2"},{"time":1,"name":"foot2"}]},"hand1":{"color":[{"time":0,"color":"ffffffff","curve":"stepped"},{"time":1,"color":"ffffffff"}],"attachment":[{"time":0,"name":"hand1"},{"time":1,"name":"hand1"}]},"hand2":{"color":[{"time":0,"color":"ffffffff","curve":"stepped"},{"time":1,"color":"ffffffff"}],"attachment":[{"time":0,"name":"hand2"},{"time":1,"name":"hand2"}]},"head":{"color":[{"time":0,"color":"ffffffff","curve":"stepped"},{"time":1,"color":"ffffffff"}],"attachment":[{"time":0,"name":"head"},{"time":1,"name":"head"}]},"leg1":{"color":[{"time":0,"color":"ffffffff","curve":"stepped"},{"time":1,"color":"ffffffff"}],"attachment":[{"time":0,"name":"leg1"},{"time":1,"name":"leg1"}]},"leg2":{"color":[{"time":0,"color":"ffffffff","curve":"stepped"},{"time":1,"color":"ffffffff"}],"attachment":[{"time":0,"name":"leg2"},{"time":1,"name":"leg2"}]},"shin1":{"color":[{"time":0,"color":"ffffffff","curve":"stepped"},{"time":1,"color":"ffffffff"}],"attachment":[{"time":0,"name":"shin1"},{"time":1,"name":"shin1"}]},"shin2":{"color":[{"time":0,"color":"ffffffff","curve":"stepped"},{"time":1,"color":"ffffffff"}],"attachment":[{"time":0,"name":"shin2"},{"time":1,"name":"shin2"}]},"torso":{"color":[{"time":0,"color":"ffffffff","curve":"stepped"},{"time":1,"color":"ffffffff"}],"attachment":[{"time":0,"name":"torso"},{"time":1,"name":"torso"}]}},"bones":{"fear":{"rotate":[{"time":0,"angle":0}],"translate":[{"time":0,"x":0,"y":0}],"scale":[{"time":0,"x":1,"y":1}]},"drop":{"rotate":[{"time":0,"angle":0}],"translate":[{"time":0,"x":0,"y":0}],"scale":[{"time":0,"x":1,"y":1}]},"cash":{"rotate":[{"time":0,"angle":0}],"translate":[{"time":0,"x":0,"y":0}],"scale":[{"time":0,"x":1,"y":1}]},"bill3":{"rotate":[{"time":0,"angle":0}],"translate":[{"time":0,"x":0,"y":0}],"scale":[{"time":0,"x":1,"y":1}]},"bill2":{"rotate":[{"time":0,"angle":0}],"translate":[{"time":0,"x":0,"y":0}],"scale":[{"time":0,"x":1,"y":1}]},"bill1":{"rotate":[{"time":0,"angle":0}],"translate":[{"time":0,"x":0,"y":0}],"scale":[{"time":0,"x":1,"y":1}]},"head":{"rotate":[{"time":0,"angle":0}],"translate":[{"time":0,"x":0,"y":0,"curve":[0.544,-0.46,0.844,0.87]},{"time":0.5333,"x":-2.51,"y":0,"curve":[0.544,-0.46,0.844,0.87]},{"time":1,"x":0,"y":0}],"scale":[{"time":0,"x":1,"y":1,"curve":[0.186,0.15,0.598,1.42]},{"time":0.5333,"x":0.974,"y":1,"curve":[0.186,0.15,0.598,1.42]},{"time":1,"x":1,"y":1}]},"hand2":{"rotate":[{"time":0,"angle":0}],"translate":[{"time":0,"x":0,"y":0}],"scale":[{"time":0,"x":1,"y":1}]},"hand1":{"rotate":[{"time":0,"angle":0}],"translate":[{"time":0,"x":0,"y":0}],"scale":[{"time":0,"x":1,"y":1}]},"torso":{"rotate":[{"time":0,"angle":0}],"translate":[{"time":0,"x":0,"y":0,"curve":[0.598,0,0.808,0.91]},{"time":0.5,"x":0,"y":-3.46,"curve":[0.598,0,0.808,0.91]},{"time":1,"x":0,"y":0}],"scale":[{"time":0,"x":1,"y":1}]},"leg2":{"rotate":[{"time":0,"angle":0,"curve":[0.783,0,0.75,1]},{"time":0.5,"angle":-334.08,"curve":[0.783,0,0.75,1]},{"time":1,"angle":0}],"translate":[{"time":0,"x":0,"y":0}],"scale":[{"time":0,"x":1,"y":1}]},"shin2":{"rotate":[{"time":0,"angle":0,"curve":[0.783,0,0.75,1]},{"time":0.5,"angle":-55.95,"curve":[0.783,0,0.75,1]},{"time":1,"angle":0}],"translate":[{"time":0,"x":0,"y":0}],"scale":[{"time":0,"x":1,"y":1}]},"foot2":{"rotate":[{"time":0,"angle":0,"curve":[0.846,0,0.823,0.88]},{"time":0.5,"angle":23.98,"curve":[0.846,0,0.823,0.88]},{"time":1,"angle":0}],"translate":[{"time":0,"x":0,"y":0}],"scale":[{"time":0,"x":1,"y":1}]},"leg1":{"rotate":[{"time":0,"angle":0,"curve":[0.783,0,0.75,1]},{"time":0.5,"angle":338.09,"curve":[0.783,0,0.75,1]},{"time":1,"angle":0}],"translate":[{"time":0,"x":0,"y":0}],"scale":[{"time":0,"x":1,"y":1}]},"shin1":{"rotate":[{"time":0,"angle":0,"curve":[0.783,0,0.75,1]},{"time":0.5,"angle":42.44,"curve":[0.783,0,0.75,1]},{"time":1,"angle":0}],"translate":[{"time":0,"x":0,"y":0}],"scale":[{"time":0,"x":1,"y":1}]},"foot1":{"rotate":[{"time":0,"angle":0,"curve":[0.846,0,0.823,0.88]},{"time":0.5,"angle":-20.35,"curve":[0.846,0,0.823,0.88]},{"time":1,"angle":0}],"translate":[{"time":0,"x":0,"y":0}],"scale":[{"time":0,"x":1,"y":1}]},"cajero":{"rotate":[{"time":0,"angle":0}],"translate":[{"time":0,"x":0,"y":0}],"scale":[{"time":0,"x":1,"y":1}]}},"drawOrder":[{"time":0},{"time":1}]}}}