{"frames": [

{
	"filename": "1",
	"frame": {"x":373,"y":382,"w":42,"h":34},
	"rotated": false,
	"trimmed": false,
	"spriteSourceSize": {"x":0,"y":0,"w":42,"h":34},
	"sourceSize": {"w":42,"h":34},
	"pivot": {"x":0.5,"y":0.5}
},
{
	"filename": "2",
	"frame": {"x":318,"y":382,"w":53,"h":50},
	"rotated": false,
	"trimmed": false,
	"spriteSourceSize": {"x":0,"y":0,"w":53,"h":50},
	"sourceSize": {"w":53,"h":50},
	"pivot": {"x":0.5,"y":0.5}
},
{
	"filename": "3",
	"frame": {"x":1,"y":382,"w":77,"h":67},
	"rotated": false,
	"trimmed": false,
	"spriteSourceSize": {"x":0,"y":0,"w":77,"h":67},
	"sourceSize": {"w":77,"h":67},
	"pivot": {"x":0.5,"y":0.5}
},
{
	"filename": "4",
	"frame": {"x":362,"y":434,"w":27,"h":43},
	"rotated": false,
	"trimmed": false,
	"spriteSourceSize": {"x":0,"y":0,"w":27,"h":43},
	"sourceSize": {"w":27,"h":43},
	"pivot": {"x":0.5,"y":0.5}
},
{
	"filename": "5",
	"frame": {"x":55,"y":451,"w":67,"h":51},
	"rotated": false,
	"trimmed": false,
	"spriteSourceSize": {"x":0,"y":0,"w":67,"h":51},
	"sourceSize": {"w":67,"h":51},
	"pivot": {"x":0.5,"y":0.5}
},
{
	"filename": "6",
	"frame": {"x":1,"y":451,"w":52,"h":56},
	"rotated": false,
	"trimmed": false,
	"spriteSourceSize": {"x":0,"y":0,"w":52,"h":56},
	"sourceSize": {"w":52,"h":56},
	"pivot": {"x":0.5,"y":0.5}
},
{
	"filename": "compartir",
	"frame": {"x":80,"y":382,"w":236,"h":63},
	"rotated": false,
	"trimmed": false,
	"spriteSourceSize": {"x":0,"y":0,"w":236,"h":63},
	"sourceSize": {"w":236,"h":63},
	"pivot": {"x":0.5,"y":0.5}
},
{
	"filename": "fondo_result",
	"frame": {"x":1,"y":1,"w":534,"h":379},
	"rotated": false,
	"trimmed": true,
	"spriteSourceSize": {"x":0,"y":0,"w":534,"h":379},
	"sourceSize": {"w":534,"h":389},
	"pivot": {"x":0.5,"y":0.5}
},
{
	"filename": "reintentar",
	"frame": {"x":124,"y":447,"w":236,"h":63},
	"rotated": false,
	"trimmed": false,
	"spriteSourceSize": {"x":0,"y":0,"w":236,"h":63},
	"sourceSize": {"w":236,"h":63},
	"pivot": {"x":0.5,"y":0.5}
}],
"meta": {
	"app": "http://www.codeandweb.com/texturepacker",
	"version": "1.0",
	"image": "atlas.png",
	"format": "RGBA8888",
	"size": {"w":536,"h":511},
	"scale": "1",
	"smartupdate": "$TexturePacker:SmartUpdate:574f9ca22197d7abced3ba31ae65ed25:2433479825283088c72badcc81e20f9a:cbce6b53f0f49e0bf15173c25c41f876$"
}
}
