{"frames": [

{
	"filename": "inst-click",
	"frame": {"x":1,"y":743,"w":205,"h":79},
	"rotated": false,
	"trimmed": false,
	"spriteSourceSize": {"x":0,"y":0,"w":205,"h":79},
	"sourceSize": {"w":205,"h":79},
	"pivot": {"x":0.5,"y":0.5}
},
{
	"filename": "inst-tap",
	"frame": {"x":208,"y":743,"w":202,"h":105},
	"rotated": false,
	"trimmed": false,
	"spriteSourceSize": {"x":0,"y":0,"w":202,"h":105},
	"sourceSize": {"w":202,"h":105},
	"pivot": {"x":0.5,"y":0.5}
},
{
	"filename": "instruccion",
	"frame": {"x":1,"y":1,"w":509,"h":740},
	"rotated": false,
	"trimmed": true,
	"spriteSourceSize": {"x":1,"y":0,"w":509,"h":740},
	"sourceSize": {"w":511,"h":741},
	"pivot": {"x":0.5,"y":0.5}
},
{
	"filename": "okbtn",
	"frame": {"x":1,"y":824,"w":160,"h":90},
	"rotated": false,
	"trimmed": false,
	"spriteSourceSize": {"x":0,"y":0,"w":160,"h":90},
	"sourceSize": {"w":160,"h":90},
	"pivot": {"x":0.5,"y":0.5}
}],
"meta": {
	"app": "http://www.codeandweb.com/texturepacker",
	"version": "1.0",
	"image": "atlas.png",
	"format": "RGBA8888",
	"size": {"w":511,"h":915},
	"scale": "1",
	"smartupdate": "$TexturePacker:SmartUpdate:6b427a0ca8928d7d20d391d8ab16c9b5:62d8cb2dc6ef3bbb12a44b5f1de43583:cbce6b53f0f49e0bf15173c25c41f876$"
}
}
