{
"skeleton": { "hash": "V38dZDsBxBb4UvqLe88HnZf5NIc", "spine": "3.3.07", "width": 72, "height": 101.13, "images": "" },
"bones": [
	{ "name": "root" },
	{ "name": "torso", "parent": "root", "length": 28.19, "rotation": 89.99, "x": -0.34, "y": 19.6, "inheritScale": false },
	{ "name": "cabeza", "parent": "torso", "length": 24.89, "rotation": -0.58, "x": 32.76, "inheritScale": false },
	{ "name": "gun", "parent": "torso", "length": 26.18, "rotation": 360, "x": 37.59, "y": -15.23, "inheritScale": false },
	{ "name": "leg1", "parent": "root", "length": 12.71, "rotation": -90, "x": -8.72, "y": 26.97, "inheritScale": false },
	{ "name": "leg2", "parent": "root", "length": 14.73, "rotation": -90, "x": 8.29, "y": 28.24, "inheritScale": false }
],
"slots": [
	{ "name": "leg1", "bone": "leg1", "attachment": "leg1" },
	{ "name": "leg2", "bone": "leg2", "attachment": "leg2" },
	{ "name": "gun", "bone": "gun", "attachment": "gun" },
	{ "name": "torso", "bone": "torso", "attachment": "torso" },
	{ "name": "cabeza", "bone": "cabeza", "attachment": "cabeza" }
],
"skins": {
	"default": {},
	"normal": {
		"cabeza": {
			"cabeza": { "name": "normal/cabeza", "x": 14.28, "y": 0.35, "rotation": -89.41, "width": 26, "height": 38 }
		},
		"gun": {
			"gun": { "name": "normal/gun", "x": 22.02, "y": -2.18, "rotation": -90, "width": 23, "height": 43 }
		},
		"leg1": {
			"leg1": { "name": "normal/leg1", "x": 10.37, "y": 0.03, "rotation": 89.99, "width": 15, "height": 34 }
		},
		"leg2": {
			"leg2": { "name": "normal/leg2", "x": 11.38, "y": -0.65, "rotation": 90, "width": 15, "height": 34 }
		},
		"torso": {
			"dead": { "name": "normal/dead", "x": 30.02, "y": 1.25, "rotation": -89.99, "width": 86, "height": 102 },
			"neardead": { "name": "normal/neardead", "x": 55.46, "y": 1.7, "rotation": -89.99, "width": 136, "height": 150 },
			"torso": { "name": "normal/torso", "x": 23.39, "y": 0.03, "rotation": -89.99, "width": 72, "height": 51 }
		}
	}
},
"animations": {
	"ACTION": {
		"slots": {
			"cabeza": {
				"attachment": [
					{ "time": 0, "name": "cabeza" },
					{ "time": 0.5, "name": "cabeza" }
				]
			},
			"gun": {
				"attachment": [
					{ "time": 0, "name": "gun" },
					{ "time": 0.5, "name": "gun" }
				]
			},
			"leg1": {
				"attachment": [
					{ "time": 0, "name": "leg1" },
					{ "time": 0.5, "name": "leg1" }
				]
			},
			"leg2": {
				"attachment": [
					{ "time": 0, "name": "leg2" },
					{ "time": 0.5, "name": "leg2" }
				]
			},
			"torso": {
				"attachment": [
					{ "time": 0, "name": "torso" },
					{ "time": 0.5, "name": "torso" }
				]
			}
		},
		"bones": {
			"cabeza": {
				"rotate": [
					{ "time": 0, "angle": 0 }
				],
				"translate": [
					{
						"time": 0,
						"x": 0,
						"y": 0,
						"curve": [ 0.048, 0, 0.603, 1.59 ]
					},
					{
						"time": 0.3333,
						"x": -1.85,
						"y": 0,
						"curve": [ 0.048, 0, 0.603, 1.59 ]
					},
					{ "time": 0.5, "x": 0, "y": 0 }
				],
				"scale": [
					{
						"time": 0,
						"x": 1,
						"y": 1,
						"curve": [ 0.363, -2.53, 0.75, 1 ]
					},
					{
						"time": 0.3333,
						"x": 0.98,
						"y": 1,
						"curve": [ 0.363, -2.53, 0.75, 1 ]
					},
					{ "time": 0.5, "x": 1, "y": 1 }
				]
			},
			"root": {
				"rotate": [
					{ "time": 0, "angle": 0 }
				],
				"translate": [
					{ "time": 0, "x": 0, "y": 0 }
				],
				"scale": [
					{ "time": 0, "x": 1, "y": 1 }
				]
			},
			"leg1": {
				"rotate": [
					{ "time": 0, "angle": 0 }
				],
				"translate": [
					{
						"time": 0,
						"x": 0,
						"y": 0,
						"curve": [ 0.25, 0, 0.452, 2.47 ]
					},
					{
						"time": 0.3,
						"x": 0,
						"y": 3.94,
						"curve": [ 0.25, 0, 0.452, 2.47 ]
					},
					{ "time": 0.5, "x": 0, "y": 0 }
				],
				"scale": [
					{
						"time": 0,
						"x": 1,
						"y": 1,
						"curve": [ 0.666, 0, 0.69, 1.51 ]
					},
					{
						"time": 0.3,
						"x": 0.943,
						"y": 1,
						"curve": [ 0.666, 0, 0.69, 1.51 ]
					},
					{ "time": 0.5, "x": 1, "y": 1 }
				]
			},
			"gun": {
				"rotate": [
					{ "time": 0, "angle": 0 }
				],
				"translate": [
					{
						"time": 0,
						"x": 0,
						"y": 0,
						"curve": [ 0.391, -1.17, 0.75, 1 ]
					},
					{
						"time": 0.2666,
						"x": -0.83,
						"y": 0,
						"curve": [ 0.391, -1.17, 0.75, 1 ]
					},
					{ "time": 0.5, "x": 0, "y": 0 }
				],
				"scale": [
					{
						"time": 0,
						"x": 1,
						"y": 1,
						"curve": [ 0.25, 0, 0.672, 1.8 ]
					},
					{
						"time": 0.2666,
						"x": 0.916,
						"y": 1,
						"curve": [ 0.25, 0, 0.672, 1.8 ]
					},
					{ "time": 0.5, "x": 1, "y": 1 }
				]
			},
			"leg2": {
				"rotate": [
					{ "time": 0, "angle": 0 }
				],
				"translate": [
					{
						"time": 0,
						"x": 0,
						"y": 6.97,
						"curve": [ 0.25, 0, 0.512, 2.01 ]
					},
					{
						"time": 0.3,
						"x": 0,
						"y": -2.14,
						"curve": [ 0.25, 0, 0.512, 2.01 ]
					},
					{ "time": 0.5, "x": 0, "y": 6.97 }
				],
				"scale": [
					{
						"time": 0,
						"x": 1,
						"y": 1,
						"curve": [ 0.662, 0, 0.789, 1.69 ]
					},
					{
						"time": 0.3,
						"x": 0.914,
						"y": 1,
						"curve": [ 0.662, 0, 0.789, 1.69 ]
					},
					{ "time": 0.5, "x": 1, "y": 1 }
				]
			},
			"torso": {
				"rotate": [
					{ "time": 0, "angle": 0 }
				],
				"translate": [
					{
						"time": 0,
						"x": 0,
						"y": 0,
						"curve": [ 0.25, 0, 0.694, 1.84 ]
					},
					{
						"time": 0.3,
						"x": 0,
						"y": -3.16,
						"curve": [ 0.25, 0, 0.694, 1.84 ]
					},
					{ "time": 0.5, "x": 0, "y": 0 }
				],
				"scale": [
					{
						"time": 0,
						"x": 1,
						"y": 1,
						"curve": [ 0.462, -0.93, 0.75, 1 ]
					},
					{
						"time": 0.3,
						"x": 0.977,
						"y": 1,
						"curve": [ 0.462, -0.93, 0.75, 1 ]
					},
					{ "time": 0.5, "x": 1, "y": 1 }
				]
			}
		},
		"drawOrder": [
			{ "time": 0 },
			{ "time": 0.5 }
		]
	},
	"DEAD": {
		"slots": {
			"cabeza": {
				"attachment": [
					{ "time": 0, "name": "cabeza" },
					{ "time": 0.1666, "name": null },
					{ "time": 1, "name": null }
				]
			},
			"gun": {
				"attachment": [
					{ "time": 0, "name": "gun" },
					{ "time": 0.1666, "name": null },
					{ "time": 1, "name": null }
				]
			},
			"leg1": {
				"attachment": [
					{ "time": 0, "name": "leg1" },
					{ "time": 0.1666, "name": null },
					{ "time": 1, "name": null }
				]
			},
			"leg2": {
				"attachment": [
					{ "time": 0, "name": "leg2" },
					{ "time": 0.1666, "name": null },
					{ "time": 1, "name": null }
				]
			},
			"torso": {
				"attachment": [
					{ "time": 0, "name": "torso" },
					{ "time": 0.1666, "name": "neardead" },
					{ "time": 0.5666, "name": "dead" },
					{ "time": 0.6666, "name": "dead" }
				]
			}
		},
		"bones": {
			"torso": {
				"rotate": [
					{ "time": 0, "angle": 0 }
				],
				"translate": [
					{
						"time": 0,
						"x": 0,
						"y": 0,
						"curve": [ 0.25, 0, 0.75, 1 ]
					},
					{
						"time": 0.0333,
						"x": 1.68,
						"y": -0.03,
						"curve": [ 0.25, 0, 0.75, 1 ]
					},
					{
						"time": 0.1,
						"x": -1.4,
						"y": 1.4,
						"curve": [ 0.25, 0, 0.75, 1 ]
					},
					{
						"time": 0.1333,
						"x": 1.93,
						"y": 2.46,
						"curve": [ 0.25, 0, 0.75, 1 ]
					},
					{
						"time": 0.1666,
						"x": 0.35,
						"y": 2.28,
						"curve": [ 0.25, 0, 0.75, 1 ]
					},
					{ "time": 0.2666, "x": 0, "y": 0, "curve": "stepped" },
					{
						"time": 0.3333,
						"x": 0,
						"y": 0,
						"curve": [ 0.25, 0, 0.75, 1 ]
					},
					{
						"time": 0.5,
						"x": 0,
						"y": -7.4,
						"curve": [ 0.25, 0, 0.75, 1 ]
					},
					{ "time": 0.6666, "x": 0, "y": 0 }
				],
				"scale": [
					{
						"time": 0,
						"x": 1,
						"y": 1,
						"curve": [ 0.374, -2.71, 0.386, 1 ]
					},
					{
						"time": 0.2666,
						"x": 1.111,
						"y": 1,
						"curve": [ 1, 0, 0.885, 1 ]
					},
					{
						"time": 0.5,
						"x": 0.904,
						"y": 1,
						"curve": [ 0.478, -0.88, 0.353, 5.12 ]
					},
					{ "time": 0.6666, "x": 1, "y": 1 }
				]
			},
			"cabeza": {
				"rotate": [
					{ "time": 0, "angle": 0 }
				],
				"translate": [
					{ "time": 0, "x": 0, "y": 0 }
				],
				"scale": [
					{ "time": 0, "x": 1, "y": 1 }
				]
			},
			"gun": {
				"rotate": [
					{ "time": 0, "angle": 0 }
				],
				"translate": [
					{ "time": 0, "x": 0, "y": 0 }
				],
				"scale": [
					{ "time": 0, "x": 1, "y": 1 }
				]
			},
			"leg1": {
				"rotate": [
					{ "time": 0, "angle": 0 }
				],
				"translate": [
					{ "time": 0, "x": 0, "y": 0 }
				],
				"scale": [
					{ "time": 0, "x": 1, "y": 1 }
				]
			},
			"leg2": {
				"rotate": [
					{ "time": 0, "angle": 0 }
				],
				"translate": [
					{ "time": 0, "x": 0, "y": 0 }
				],
				"scale": [
					{ "time": 0, "x": 1, "y": 1 }
				]
			}
		},
		"drawOrder": [
			{ "time": 0 },
			{ "time": 0.1666 },
			{ "time": 0.6666 }
		]
	},
	"IDLE": {
		"slots": {
			"cabeza": {
				"attachment": [
					{ "time": 0, "name": "cabeza" },
					{ "time": 0.6666, "name": "cabeza" }
				]
			},
			"gun": {
				"attachment": [
					{ "time": 0, "name": "gun" },
					{ "time": 0.6666, "name": "gun" }
				]
			},
			"leg1": {
				"attachment": [
					{ "time": 0, "name": "leg1" },
					{ "time": 0.6666, "name": "leg1" }
				]
			},
			"leg2": {
				"attachment": [
					{ "time": 0, "name": "leg2" },
					{ "time": 0.6666, "name": "leg2" }
				]
			},
			"torso": {
				"attachment": [
					{ "time": 0, "name": "torso" },
					{ "time": 0.6666, "name": "torso" }
				]
			}
		},
		"bones": {
			"root": {
				"rotate": [
					{ "time": 0, "angle": 0 }
				],
				"translate": [
					{ "time": 0, "x": 0, "y": 0 }
				],
				"scale": [
					{ "time": 0, "x": 1, "y": 1 }
				]
			},
			"torso": {
				"rotate": [
					{ "time": 0, "angle": 0 }
				],
				"translate": [
					{
						"time": 0,
						"x": 0,
						"y": 0,
						"curve": [ 0.25, 0, 0.694, 1.84 ]
					},
					{
						"time": 0.4,
						"x": 0,
						"y": -3.16,
						"curve": [ 0.25, 0, 0.694, 1.84 ]
					},
					{ "time": 0.6666, "x": 0, "y": 0 }
				],
				"scale": [
					{
						"time": 0,
						"x": 1,
						"y": 1,
						"curve": [ 0.462, -0.93, 0.75, 1 ]
					},
					{
						"time": 0.4,
						"x": 0.977,
						"y": 1,
						"curve": [ 0.462, -0.93, 0.75, 1 ]
					},
					{ "time": 0.6666, "x": 1, "y": 1 }
				]
			},
			"cabeza": {
				"rotate": [
					{ "time": 0, "angle": 0 }
				],
				"translate": [
					{
						"time": 0,
						"x": 0,
						"y": 0,
						"curve": [ 0.25, 0, 0.625, 1.8 ]
					},
					{
						"time": 0.4333,
						"x": -1.85,
						"y": 0,
						"curve": [ 0.25, 0, 0.625, 1.8 ]
					},
					{ "time": 0.6666, "x": 0, "y": 0 }
				],
				"scale": [
					{
						"time": 0,
						"x": 1,
						"y": 1,
						"curve": [ 0.407, -0.95, 0.75, 1 ]
					},
					{
						"time": 0.4333,
						"x": 0.98,
						"y": 1,
						"curve": [ 0.407, -0.95, 0.75, 1 ]
					},
					{ "time": 0.6666, "x": 1, "y": 1 }
				]
			},
			"gun": {
				"rotate": [
					{ "time": 0, "angle": 0 }
				],
				"translate": [
					{
						"time": 0,
						"x": 0,
						"y": 0,
						"curve": [ 0.398, -0.94, 0.75, 1 ]
					},
					{
						"time": 0.4,
						"x": -0.83,
						"y": 0,
						"curve": [ 0.398, -0.94, 0.75, 1 ]
					},
					{ "time": 0.6666, "x": 0, "y": 0 }
				],
				"scale": [
					{ "time": 0, "x": 1, "y": 1 }
				]
			},
			"leg2": {
				"rotate": [
					{ "time": 0, "angle": 0 }
				],
				"translate": [
					{
						"time": 0,
						"x": 0,
						"y": 0,
						"curve": [ 0.25, 0, 0.75, 1 ]
					},
					{
						"time": 0.4,
						"x": 0,
						"y": -2.14,
						"curve": [ 0.25, 0, 0.75, 1 ]
					},
					{ "time": 0.6666, "x": 0, "y": 0 }
				],
				"scale": [
					{
						"time": 0,
						"x": 1,
						"y": 1,
						"curve": [ 0.25, 0, 0.75, 1 ]
					},
					{
						"time": 0.4,
						"x": 0.914,
						"y": 1,
						"curve": [ 0.25, 0, 0.75, 1 ]
					},
					{ "time": 0.6666, "x": 1, "y": 1 }
				]
			},
			"leg1": {
				"rotate": [
					{ "time": 0, "angle": 0 }
				],
				"translate": [
					{
						"time": 0,
						"x": 0,
						"y": 0,
						"curve": [ 0.25, 0, 0.75, 1 ]
					},
					{
						"time": 0.4,
						"x": 0,
						"y": -1.07,
						"curve": [ 0.25, 0, 0.75, 1 ]
					},
					{ "time": 0.6666, "x": 0, "y": 0 }
				],
				"scale": [
					{
						"time": 0,
						"x": 1,
						"y": 1,
						"curve": [ 0.25, 0, 0.75, 1 ]
					},
					{
						"time": 0.4,
						"x": 0.943,
						"y": 1,
						"curve": [ 0.25, 0, 0.75, 1 ]
					},
					{ "time": 0.6666, "x": 1, "y": 1 }
				]
			}
		},
		"drawOrder": [
			{ "time": 0 },
			{ "time": 0.6666 }
		]
	}
}
}